x0,x1,x2,x3,x4,x5,x6,x7,x8,x9,accuracy
0.9749671953439878,0.0,0.4354440152799738,0.9795625901211527,0.6722983046724641,0.0,1.0,0.0,0.0,1.0,0.926186
0.9634018374648351,0.0,0.3204755793213596,0.4896033006914293,0.0,1.0,0.0,1.0,0.0,1.0,0.957821
0.9670306860374698,0.0,0.21509674333769346,0.9308399922935778,0.6012021748853413,0.0,0.0,1.0,0.0,1.0,0.959578
0.8263798591773863,0.0,0.23946426016579858,0.5918421421698504,0.5316506093771822,0.0,0.0,1.0,1.0,0.0,0.956063
0.9879409061683654,0.0,0.35270753559797496,0.2637342368926584,0.4968756105135412,0.0,0.0,1.0,0.0,1.0,0.959578
0.9256440093622398,0.0,0.2600667605368463,0.8268291893035715,0.0,1.0,1.0,0.0,0.0,1.0,0.959578
0.929948345165747,0.0,0.4302020399004533,0.179658200445017,0.6519555386992271,0.0,1.0,0.0,1.0,0.0,0.952548
0.9457180127909788,0.0,0.4190578205014968,0.7766851182792428,0.5945027456911289,0.0,0.0,1.0,0.0,1.0,0.957821
0.9452718807428075,0.0,0.4003781979975792,0.8644781047646294,0.5428458114345373,0.0,1.0,0.0,1.0,0.0,0.957821
0.9498664141069014,0.0,0.4247460489524374,0.2404469971746863,0.0,1.0,1.0,0.0,1.0,0.0,0.954306
0.9722797664884586,0.0,0.332104876118997,0.3511129509662305,0.0,1.0,1.0,0.0,1.0,0.0,0.956063
0.9465273313207739,0.0,0.14682475795220173,0.6772473560403431,0.6563210229248821,0.0,1.0,0.0,1.0,0.0,0.954306
0.9149853634597037,0.0,0.0,0.5397200239660699,0.4968756105135412,0.0,0.0,1.0,0.0,1.0,0.961336
0.9166990125281457,0.0,0.332104876118997,0.7705130720173637,0.5597268509505413,0.0,1.0,0.0,0.0,1.0,0.963093
0.8014292430620353,0.0,0.3077371365407441,0.32197456221508236,0.4968756105135412,0.0,0.0,1.0,0.0,1.0,0.957821
0.9742837255827334,0.0,0.09263504753360365,0.27502757554088775,0.6960687608235426,0.0,1.0,0.0,0.0,1.0,0.949033
0.9190644927903941,0.0,0.3428027996093033,0.7128741503861498,0.6855783168620103,0.0,1.0,0.0,0.0,1.0,0.945518
0.9979423625454955,0.0,0.18527343603544136,0.2209835250009798,0.6666732175412959,0.0,0.0,1.0,0.0,1.0,0.949033
0.9615008713084449,0.0,0.09263504753360365,0.979689005330993,0.7535002469157698,0.0,1.0,0.0,1.0,0.0,0.936731
0.9595371436025981,0.0,0.4131167015290358,0.6480152624159532,0.5945027456911289,0.0,1.0,0.0,1.0,0.0,0.956063
0.9713723254128112,0.0,0.4404881331323368,0.8632160570019483,0.0,1.0,1.0,0.0,0.0,1.0,0.938489
0.9280847206142966,0.0,0.37865704927040617,0.8067090882464498,0.6123975650806347,0.0,1.0,0.0,0.0,1.0,0.950791
0.9588876840952253,0.0,0.450038858504704,0.824900120666262,0.0,1.0,1.0,0.0,1.0,0.0,0.938489
0.9740541459959376,0.0,0.0,0.25035020833433697,0.5519929952717247,0.0,1.0,0.0,0.0,1.0,0.957821
0.9665107177222733,0.0,0.21509674333769346,0.1557453620644267,0.0,1.0,1.0,0.0,1.0,0.0,0.954306
0.8554290147699791,0.0,0.450038858504704,0.36710774886204417,0.4621018657970029,0.0,0.0,1.0,1.0,0.0,0.954306
0.9884486994794731,0.0,0.2600667605368463,0.265548668360309,0.5664262353496466,0.0,0.0,1.0,1.0,0.0,0.954306
0.9323147666930609,0.0,0.2600667605368463,0.3496222172307282,0.4621018657970029,0.0,0.0,1.0,0.0,1.0,0.959578
0.9924635169936451,0.0,0.3077371365407441,0.028874073892451432,0.6171793996202338,0.0,0.0,1.0,1.0,0.0,0.952548
0.9575670971584804,0.0,0.23946426016579858,0.8637239569867765,0.648412555799236,0.0,0.0,1.0,1.0,0.0,0.954306
0.8777172699885509,0.0,0.0,0.3766008331838622,0.0,1.0,0.0,1.0,1.0,0.0,0.952548
0.9372969052473565,0.0,0.2936554555437208,0.18876063921631783,0.7762454631740007,0.0,1.0,0.0,1.0,0.0,0.627417
0.999402165835133,0.0,0.45456991313075495,0.6091310960613607,0.5776215628315883,0.0,1.0,0.0,0.0,1.0,0.957821
0.9344117375952357,0.0,0.3077371365407441,0.6823857527319946,0.4968756105135412,0.0,0.0,1.0,0.0,1.0,0.964851
0.981645303237281,0.0,0.3077371365407441,0.6574973810484797,0.0,1.0,1.0,0.0,0.0,1.0,0.963093
0.9587093211557514,0.0,0.4354440152799738,0.28226073064921675,0.0,1.0,0.0,1.0,0.0,1.0,0.952548
0.8561011571540674,0.0,0.0,0.9965570548236455,0.4621018657970029,0.0,1.0,0.0,1.0,0.0,0.966608
0.9512998327412976,0.0,0.21509674333769346,0.09632486575349744,0.6446002364083981,0.0,0.0,1.0,0.0,1.0,0.949033
0.9646541783785312,0.0,0.14682475795220173,0.6271433018539969,0.0,1.0,1.0,0.0,1.0,0.0,0.961336
0.9840265684040522,0.0,0.45456991313075495,0.015942316861707936,0.5172175783381477,0.0,0.0,1.0,0.0,1.0,0.947276
0.9774950358879686,0.0,0.09263504753360365,0.21334019183177585,0.5723355205267837,0.0,1.0,0.0,1.0,0.0,0.956063
0.9663538367615485,0.0,0.4003781979975792,0.4707086280437325,0.5428458114345373,0.0,0.0,1.0,0.0,1.0,0.957821
0.9129644815802576,0.0,0.37865704927040617,0.17526250993329448,0.582403374566274,0.0,1.0,0.0,0.0,1.0,0.956063
0.996508943821701,0.0,0.23946426016579858,0.2921185679719414,0.6780384385799625,0.0,0.0,1.0,0.0,1.0,0.934974
0.9473257861874808,0.0,0.2779134951153586,0.6579354090776949,0.4621018657970029,0.0,1.0,0.0,0.0,1.0,0.963093
0.9621225624367178,0.0,0.4404881331323368,0.42450722954411674,0.5316506093771822,0.0,1.0,0.0,0.0,1.0,0.956063
0.9892380041595242,0.0,0.18527343603544136,0.7808193687091259,0.7475908939400926,0.0,0.0,1.0,1.0,0.0,0.924429
0.9968862220328327,0.0,0.14682475795220173,0.7120100607290015,0.6042437863446257,0.0,0.0,1.0,0.0,1.0,0.956063
0.9247022906241689,0.0,0.4247460489524374,0.8957396215818462,0.5428458114345373,0.0,0.0,1.0,1.0,0.0,0.959578
0.9800447403727142,0.0,0.23946426016579858,0.3493772171844583,0.582403374566274,0.0,1.0,0.0,1.0,0.0,0.957821
0.9452718807428075,0.0,0.3077371365407441,0.7748044835899986,0.6707544459168319,0.0,0.0,1.0,0.0,1.0,0.952548
0.5478738503684446,0.0,0.37865704927040617,0.450814958679888,0.6235929678186829,0.0,1.0,0.0,0.0,1.0,0.913884
0.9867636952453389,0.0,0.450038858504704,0.8574182823793101,0.0,1.0,1.0,0.0,1.0,0.0,0.938489
0.985410873877761,0.0,0.4190578205014968,0.9166833563369575,0.6235929678186829,0.0,0.0,1.0,1.0,0.0,0.954306
0.965933453411633,0.0,0.0,0.6348114940315075,0.4621018657970029,0.0,0.0,1.0,0.0,1.0,0.963093
0.9621787589416739,0.0,0.4354440152799738,0.6535843035680399,0.4621018657970029,0.0,1.0,0.0,1.0,0.0,0.952548
0.8847234736989921,0.0,0.332104876118997,0.6389910437920732,0.7787662370438565,0.0,1.0,0.0,0.0,1.0,0.627417
0.9938317927111953,0.0,0.450038858504704,0.480211512264955,0.5428458114345373,0.0,0.0,1.0,1.0,0.0,0.956063
0.9598300245282756,0.0,0.4354440152799738,0.9823958160109709,0.5907846630655456,0.0,1.0,0.0,0.0,1.0,0.934974
0.9829667792763312,0.0,0.45456991313075495,0.5610307005758373,0.6622303661701174,0.0,0.0,1.0,1.0,0.0,0.9472759226713532
0.9133486636835372,0.0,0.2936554555437208,0.258963295915915,0.0,1.0,0.0,1.0,0.0,1.0,0.956063
0.9902627018756635,0.0,0.3619286289204309,0.3893425911433128,0.0,1.0,1.0,0.0,0.0,1.0,0.954306
0.968361708791789,0.0,0.2779134951153586,0.569729162301251,0.7248171695907053,0.0,0.0,1.0,0.0,1.0,0.938489
0.9973855659815077,0.0,0.37865704927040617,0.9799045060269483,0.4968756105135412,0.0,1.0,0.0,0.0,1.0,0.963093
0.9793754337613323,0.0,0.4190578205014968,0.808395997853705,0.6819498831476017,0.0,0.0,1.0,0.0,1.0,0.950791
0.9781427809170233,0.0,0.3077371365407441,0.9016058390372057,0.7507122234393792,0.0,0.0,1.0,1.0,0.0,0.924429
0.9057330194376328,0.0,0.2936554555437208,0.1298966947690457,0.5907846630655456,0.0,1.0,0.0,1.0,0.0,0.954306
0.9366964849343051,0.0,0.14682475795220173,0.8368173892700769,0.5519929952717247,0.0,1.0,0.0,0.0,1.0,0.961336
0.9687150301330861,0.0,0.23946426016579858,0.7810692281923289,0.0,1.0,1.0,0.0,1.0,0.0,0.963093
0.974375309891991,0.0,0.09263504753360365,0.7906161504932213,0.6274542059752918,0.0,0.0,1.0,0.0,1.0,0.954306
0.7883648750780652,0.0,0.4404881331323368,0.22562232659285594,0.0,1.0,1.0,0.0,0.0,1.0,0.950791
0.9472536406425822,0.0,0.450038858504704,0.5008637462299297,0.4621018657970029,0.0,0.0,1.0,1.0,0.0,0.956063
0.85301484129887,0.0,0.14682475795220173,0.8272237429394174,0.6715323134380659,0.0,1.0,0.0,0.0,1.0,0.950791
0.9770154994172255,0.0,0.2600667605368463,0.48020316197766055,0.6098241153334091,0.0,0.0,1.0,0.0,1.0,0.952548
0.8865538944692911,0.0,0.2600667605368463,0.1985783037036119,0.5428458114345373,0.0,0.0,1.0,1.0,0.0,0.954306
0.9443694513866495,0.0,0.3862964427496404,0.7124463283153696,0.6951130846884438,0.0,0.0,1.0,1.0,0.0,0.950791
0.9976027177168674,0.0,0.4131167015290358,0.4399344670458922,0.7802907794009188,0.0,0.0,1.0,0.0,1.0,0.627417
0.9657221423673565,0.0,0.2779134951153586,0.05108788352670632,0.0,1.0,1.0,0.0,0.0,1.0,0.952548
0.8826213475085392,0.0,0.4404881331323368,0.22493590359379761,0.6418876086432301,0.0,1.0,0.0,1.0,0.0,0.949033
0.9830063692929224,0.0,0.3862964427496404,0.17799389673068472,0.0,1.0,1.0,0.0,1.0,0.0,0.952548
0.9973855659815077,0.0,0.35270753559797496,0.3592389334885107,0.0,1.0,1.0,0.0,1.0,0.0,0.956063
0.9575063682143403,0.0,0.4247460489524374,0.04204805491338227,0.7539502186574684,0.0,0.0,1.0,0.0,1.0,0.627417
0.9640585211853373,0.0,0.3077371365407441,0.6553052813881911,0.7522802108075093,0.0,1.0,0.0,1.0,0.0,0.922671
0.9953303735705366,0.0,0.09263504753360365,0.23645944022593696,0.5428458114345373,0.0,1.0,0.0,1.0,0.0,0.954306
0.9832827640711258,0.0,0.3619286289204309,0.8216171124559106,0.648412555799236,0.0,1.0,0.0,1.0,0.0,0.942004
0.9753735392198383,0.0,0.4003781979975792,0.16775783334982008,0.5664262353496466,0.0,0.0,1.0,0.0,1.0,0.954306
0.8956374934422097,0.0,0.4190578205014968,0.16501881944136476,0.6274542059752918,0.0,0.0,1.0,1.0,0.0,0.947276
0.9751029519578759,0.0,0.332104876118997,0.3912955874608791,0.7581037272935816,0.0,0.0,1.0,0.0,1.0,0.627417
0.9259546314327789,0.0,0.3204755793213596,0.15560406306818916,0.0,1.0,0.0,1.0,1.0,0.0,0.950791
0.8252679773448767,0.0,0.39352269130415707,0.2830443607806488,0.4621018657970029,0.0,1.0,0.0,0.0,1.0,0.956063
0.9503480685183594,0.0,0.0,0.38645117075463375,0.7063085279494318,0.0,1.0,0.0,1.0,0.0,0.940246
0.9663538367615485,0.0,0.2779134951153586,0.6184770412615719,0.7720537547559292,0.0,0.0,1.0,0.0,1.0,0.627417
0.9448975308968128,0.0,0.4404881331323368,0.664192704452618,0.0,1.0,1.0,0.0,1.0,0.0,0.950791
0.926571051367865,0.0,0.18527343603544136,0.36833430627389746,0.0,1.0,0.0,1.0,1.0,0.0,0.957821
0.975148135398843,0.0,0.4354440152799738,0.7187547431227902,0.7605188653747853,0.0,0.0,1.0,1.0,0.0,0.627417
0.9960657400793101,0.0,0.4354440152799738,0.537412459185486,0.748264347153124,0.0,1.0,0.0,1.0,0.0,0.627417
0.9437601349800424,0.0,0.2600667605368463,0.12600667371147178,0.9280781734607544,0.0,1.0,0.0,1.0,0.0,0.627417
0.9932682733268337,0.0,0.23946426016579858,0.3600502361702879,0.0,1.0,1.0,0.0,1.0,0.0,0.961336
0.8770160754841823,0.0,0.21509674333769346,0.4592481160105509,0.7281717839863874,0.0,0.0,1.0,0.0,1.0,0.929701
0.9067400275527064,0.0,0.14682475795220173,0.8065397460313025,0.8010441036572561,0.0,0.0,1.0,1.0,0.0,0.627417
0.9521701824664395,0.0,0.44534878798630384,0.6170425150365354,0.7797579795015617,0.0,0.0,1.0,1.0,0.0,0.627417
0.8618313139321063,0.0,0.450038858504704,0.6664213016950216,0.6123975650806347,0.0,1.0,0.0,1.0,0.0,0.950791
0.9411785703609389,0.0,0.39352269130415707,0.7087667052073651,0.7586505611998285,0.0,0.0,1.0,0.0,1.0,0.919156
0.9997914408126525,0.0,0.0,0.27443811915873356,0.4621018657970029,0.0,1.0,0.0,0.0,1.0,0.961336
0.9747857032210276,0.0,0.3077371365407441,0.49015975686112934,0.5664262353496466,0.0,0.0,1.0,0.0,1.0,0.957821
0.9501421225717505,0.0,0.4068991552651424,0.4066220010177999,0.763197015272848,0.0,1.0,0.0,0.0,1.0,0.627417
0.9421303345657474,0.0,0.2779134951153586,0.4654079588481607,0.4968756105135412,0.0,0.0,1.0,1.0,0.0,0.959578
0.999731717917369,0.0,0.23946426016579858,0.07254868020633667,0.5723355205267837,0.0,1.0,0.0,0.0,1.0,0.952548
0.7369115095351766,0.0,0.37865704927040617,0.6026126427969973,0.0,1.0,0.0,1.0,0.0,1.0,0.956063
0.9394754357996138,0.0,0.37865704927040617,0.15012039699126692,0.6773558231570734,0.0,1.0,0.0,0.0,1.0,0.940246
0.9718038919749888,0.0,0.4247460489524374,0.7300879810288371,0.7412773589561497,0.0,1.0,0.0,0.0,1.0,0.910369
0.9708405673283372,0.0,0.2936554555437208,0.4387808889656903,0.0,1.0,0.0,1.0,1.0,0.0,0.957821
0.9291707655707426,0.0,0.4190578205014968,0.28625421969197845,0.7370688984247327,0.0,0.0,1.0,1.0,0.0,0.627417
0.9949754368064989,0.0,0.37055438950780784,0.48553759181504014,0.4621018657970029,0.0,1.0,0.0,1.0,0.0,0.961336
0.905587759323528,0.0,0.4003781979975792,0.9787247352766726,0.0,1.0,1.0,0.0,1.0,0.0,0.954306
0.9777549809368646,0.0,0.4404881331323368,0.8522019416790056,0.0,1.0,1.0,0.0,0.0,1.0,0.940246
0.7933664669484961,0.0,0.4068991552651424,0.19553036478853564,0.5664262353496466,0.0,1.0,0.0,0.0,1.0,0.954306
0.9061666834767744,0.0,0.44534878798630384,0.898571409733989,0.6375221275849534,0.0,1.0,0.0,0.0,1.0,0.934974
0.9627378231706867,0.0,0.0,0.7229877024515268,0.7641808020009486,0.0,1.0,0.0,1.0,0.0,0.627417
0.9966349692894788,0.0,0.3862964427496404,0.8797872414877289,0.5597268509505413,0.0,1.0,0.0,1.0,0.0,0.959578
0.9441416885272714,0.0,0.4247460489524374,0.4599118066889054,0.6042437863446257,0.0,1.0,0.0,1.0,0.0,0.952548
0.916335935167408,0.0,0.332104876118997,0.5591945631109922,0.0,1.0,1.0,0.0,0.0,1.0,0.961336
0.8624352173068891,0.0,0.3619286289204309,0.651098954782032,0.629278819612865,0.0,1.0,0.0,1.0,0.0,0.950791
0.96577504054461,0.0,0.4068991552651424,0.36593575283832924,0.0,1.0,1.0,0.0,0.0,1.0,0.954306
0.9466003626306085,0.0,0.4068991552651424,0.44250445469223987,0.4968756105135412,0.0,1.0,0.0,0.0,1.0,0.957821
0.9653505320782826,0.0,0.4404881331323368,0.6239903009857756,0.7271632776141783,0.0,0.0,1.0,0.0,1.0,0.929701
0.9146116408320546,0.0,0.3862964427496404,0.4467990509411407,0.5664262353496466,0.0,0.0,1.0,1.0,0.0,0.957821
0.8374083755067866,0.0,0.3862964427496404,0.24323493770374435,0.7451599646769465,0.0,0.0,1.0,0.0,1.0,0.627417
0.9896641599987773,0.0,0.23946426016579858,0.6145736868459716,0.7711080855938349,0.0,0.0,1.0,0.0,1.0,0.627417
0.7743035524325647,0.0,0.3077371365407441,0.4066231842700873,0.0,1.0,0.0,1.0,0.0,1.0,0.959578
0.982249615895005,0.0,0.332104876118997,0.8559570947933576,0.5172175783381477,0.0,0.0,1.0,0.0,1.0,0.963093
0.9791224893795795,0.0,0.4404881331323368,0.7835090322427141,0.0,1.0,0.0,1.0,0.0,1.0,0.957821
0.8533657801728181,0.0,0.44534878798630384,0.04952774722492818,0.4968756105135412,0.0,0.0,1.0,1.0,0.0,0.943761
0.9739159717245498,0.0,0.4068991552651424,0.19111605772759252,0.0,1.0,0.0,1.0,1.0,0.0,0.952548
0.8748614906560137,0.0,0.35270753559797496,0.6248921864963388,0.7519705091302139,0.0,0.0,1.0,1.0,0.0,0.920914
0.6956805893227669,0.0,0.39352269130415707,0.7593808300713911,0.4968756105135412,0.0,1.0,0.0,1.0,0.0,0.949033
0.916939838726124,0.0,0.09263504753360365,0.5579902651380271,0.0,1.0,1.0,0.0,0.0,1.0,0.957821
0.8784102950538286,0.0,0.37865704927040617,0.39745472924129865,0.5979641995764539,0.0,0.0,1.0,0.0,1.0,0.949033
0.9968862220328327,0.0,0.332104876118997,0.8082679341932153,0.4621018657970029,0.0,0.0,1.0,1.0,0.0,0.961336
0.8865538944692911,0.0,0.450038858504704,0.5556946225206412,0.7484313074110265,0.0,0.0,1.0,1.0,0.0,0.924429
0.9782286164260009,0.0,0.4190578205014968,0.6108062737291708,0.668345753892594,0.0,1.0,0.0,1.0,0.0,0.943761
0.984991299213111,0.0,0.14682475795220173,0.395255622268762,0.4621018657970029,0.0,1.0,0.0,0.0,1.0,0.957821
0.8247041442578984,0.0,0.4190578205014968,0.5491965294844405,0.0,1.0,1.0,0.0,0.0,1.0,0.950791
0.9096626357992394,0.0,0.4247460489524374,0.025144850580832122,0.582403374566274,0.0,0.0,1.0,0.0,1.0,0.949033
0.9068825042374543,0.0,0.45456991313075495,0.3836140828802242,0.7027090294960975,0.0,0.0,1.0,0.0,1.0,0.931459
0.954515967067833,0.0,0.4302020399004533,0.776852562447824,0.6432622532743826,0.0,0.0,1.0,1.0,0.0,0.950791
0.9908552810332655,0.0,0.14682475795220173,0.3053673099550833,0.7096669815728862,0.0,1.0,0.0,1.0,0.0,0.927944
0.9651371363467953,0.0,0.39352269130415707,0.5346121261725639,0.0,1.0,1.0,0.0,0.0,1.0,0.959578
0.9431445124709833,0.0,0.3204755793213596,0.6507637635304201,0.5776215628315883,0.0,1.0,0.0,1.0,0.0,0.959578
0.9946509188251483,0.0,0.3077371365407441,0.8421888230991976,0.629278819612865,0.0,1.0,0.0,0.0,1.0,0.956063
0.8667790424459723,0.0,0.4003781979975792,0.5936162389838222,0.4968756105135412,0.0,1.0,0.0,1.0,0.0,0.959578
0.9703040126736169,0.0,0.4190578205014968,0.5496990014565611,0.7792194607115388,0.0,1.0,0.0,0.0,1.0,0.627417
0.9374673466051415,0.0,0.4003781979975792,0.7978900120879536,0.5597268509505413,0.0,1.0,0.0,1.0,0.0,0.957821
0.9983718517660131,0.0,0.3428027996093033,0.1546226903383924,0.582403374566274,0.0,1.0,0.0,0.0,1.0,0.952548
0.9952337824827818,0.0,0.23946426016579858,0.812814392513459,0.6123975650806347,0.0,1.0,0.0,1.0,0.0,0.959578
0.9786985104110739,0.0,0.4068991552651424,0.5450036084142309,0.65080212209609,0.0,0.0,1.0,0.0,1.0,0.950791
0.7672973626636483,0.0,0.37055438950780784,0.415506390048272,0.5172175783381477,0.0,1.0,0.0,0.0,1.0,0.954306
0.9672374073455171,0.0,0.4302020399004533,0.28848271146148086,0.6418876086432301,0.0,1.0,0.0,0.0,1.0,0.954306
0.9901224093620847,0.0,0.09263504753360365,0.655472543249307,0.5776215628315883,0.0,1.0,0.0,1.0,0.0,0.957821
0.9862037538848145,0.0,0.4131167015290358,0.21622318323593995,0.7579660824496874,0.0,0.0,1.0,0.0,1.0,0.627417
0.9958747800485075,0.0,0.4302020399004533,0.1203473463585826,0.7138214774110054,0.0,0.0,1.0,1.0,0.0,0.627417
0.9678022143184238,0.0,0.2779134951153586,0.41744946003865174,0.0,1.0,1.0,0.0,1.0,0.0,0.959578
0.9372115010788435,0.0,0.14682475795220173,0.05857509817491025,0.722635456270091,0.0,0.0,1.0,0.0,1.0,0.627417
0.9312851203466743,0.0,0.44534878798630384,0.3917774144512874,0.0,1.0,1.0,0.0,1.0,0.0,0.956063
0.9365238171989616,0.0,0.35270753559797496,0.022783210099687493,0.4621018657970029,0.0,1.0,0.0,0.0,1.0,0.952548
0.9705972786586183,0.0,0.450038858504704,0.5691340816290029,0.7557108032733554,0.0,1.0,0.0,0.0,1.0,0.627417
0.9058779256900505,0.0,0.14682475795220173,0.005036910106888975,0.0,1.0,0.0,1.0,1.0,0.0,0.949033
0.9928337156321299,0.0,0.4354440152799738,0.2152922519318204,0.7333829407583641,0.0,1.0,0.0,1.0,0.0,0.627417
0.9766202554560894,0.0,0.35270753559797496,0.9475370511204337,0.4621018657970029,0.0,1.0,0.0,0.0,1.0,0.961336
0.9936666051615842,0.0,0.45456991313075495,0.13115566961482575,0.7274173110809069,0.0,0.0,1.0,0.0,1.0,0.627417
0.9282836639159393,0.0,0.2936554555437208,0.8018976324040483,0.0,1.0,0.0,1.0,1.0,0.0,0.959578
0.9592428134830122,0.0,0.4404881331323368,0.5606581847228029,0.0,1.0,1.0,0.0,0.0,1.0,0.956063
0.840960711912218,0.0,0.450038858504704,0.4006168873925712,0.6603368798254234,0.0,1.0,0.0,1.0,0.0,0.947276
0.9742837255827334,0.0,0.4003781979975792,0.26630989027319707,0.0,1.0,1.0,0.0,1.0,0.0,0.954306
0.9524354404090589,0.0,0.4068991552651424,0.36722770880433886,0.0,1.0,1.0,0.0,1.0,0.0,0.956063
0.956834225519548,0.0,0.4302020399004533,0.9049389121838687,0.7121320418978528,0.0,1.0,0.0,0.0,1.0,0.931459
0.9139835041702244,0.0,0.14682475795220173,0.7494988662298706,0.6071114949032003,0.0,1.0,0.0,0.0,1.0,0.963093
0.9898760984587047,0.0,0.39352269130415707,0.10480981633250251,0.755998319896991,0.0,0.0,1.0,0.0,1.0,0.627417
0.984375676664231,0.0,0.4247460489524374,0.7779006238539594,0.7276700647772778,0.0,0.0,1.0,0.0,1.0,0.929701
0.7481683382291755,0.0,0.2600667605368463,0.46239380967889354,0.5172175783381477,0.0,0.0,1.0,0.0,1.0,0.956063
0.9514345643843001,0.0,0.4003781979975792,0.6756776047077775,0.0,1.0,1.0,0.0,0.0,1.0,0.957821
0.927584431780619,0.0,0.4003781979975792,0.2318113041658493,0.0,1.0,1.0,0.0,0.0,1.0,0.954306
0.942522451963582,0.0,0.4003781979975792,0.5731513076626049,0.4968756105135412,0.0,1.0,0.0,1.0,0.0,0.959578
0.9624589478539177,0.0,0.4003781979975792,0.2246974323899883,0.0,1.0,1.0,0.0,1.0,0.0,0.954306
0.7197991112671157,0.0,0.2936554555437208,0.9555743102103779,0.0,1.0,0.0,1.0,1.0,0.0,0.954306
0.8199900791726535,0.0,0.0,0.7116365215792715,0.0,1.0,1.0,0.0,0.0,1.0,0.954306
0.9774950358879686,0.0,0.4302020399004533,0.3393108264073656,0.7738932424958453,0.0,1.0,0.0,0.0,1.0,0.627417
0.911927697360279,0.0,0.23946426016579858,0.9230070209426992,0.6390198918867638,0.0,1.0,0.0,0.0,1.0,0.957821
0.9565879146270957,0.0,0.3428027996093033,0.9062868304882361,0.645903462863681,0.0,1.0,0.0,1.0,0.0,0.949033
0.9899817851874284,0.0,0.3077371365407441,0.5552820514123419,0.6359782712048561,0.0,1.0,0.0,0.0,1.0,0.949033
0.993765772728402,0.0,0.14682475795220173,0.0837155365891056,0.0,1.0,0.0,1.0,0.0,1.0,0.949033
0.7701995897902185,0.0,0.21509674333769346,0.6318525274461873,0.7551307793174113,0.0,0.0,1.0,0.0,1.0,0.627417
0.9431445124709833,0.0,0.4302020399004533,0.5153933152745502,0.0,1.0,0.0,1.0,0.0,1.0,0.954306
0.9991613396005918,0.0,0.2600667605368463,0.23251161140347604,0.6573555219348104,0.0,1.0,0.0,1.0,0.0,0.947276
0.9773211059472557,0.0,0.3619286289204309,0.3157491827539321,0.6905718632044969,0.0,1.0,0.0,0.0,1.0,0.931459
0.981157393480946,0.0,0.21509674333769346,0.31794563288037475,0.5867688302856895,0.0,0.0,1.0,0.0,1.0,0.954306
0.977668458743624,0.0,0.4068991552651424,0.8965738936073184,0.5172175783381477,0.0,0.0,1.0,1.0,0.0,0.961336
0.9972299708141102,0.0,0.4247460489524374,0.768399462822461,0.5172175783381477,0.0,1.0,0.0,0.0,1.0,0.959578
0.9667712700288285,0.0,0.44534878798630384,0.9963810764304788,0.6012021748853413,0.0,0.0,1.0,0.0,1.0,0.954306
0.9277850525160196,0.0,0.09263504753360365,0.40692950691330454,0.5519929952717247,0.0,1.0,0.0,0.0,1.0,0.961336
0.7460809734277561,0.0,0.450038858504704,0.5734740444970373,0.6900409431728625,0.0,1.0,0.0,1.0,0.0,0.945518
0.8942459917609283,0.0,0.44534878798630384,0.9327726709912394,0.582403374566274,0.0,0.0,1.0,0.0,1.0,0.956063
0.9916134882635329,0.0,0.14682475795220173,0.24086298229878414,0.772365057828206,0.0,0.0,1.0,1.0,0.0,0.627417
0.9556550571060007,0.0,0.3204755793213596,0.10602540945205588,0.4621018657970029,0.0,1.0,0.0,1.0,0.0,0.956063
0.9475416992902173,0.0,0.3077371365407441,0.46607414362303135,0.7679336922720458,0.0,0.0,1.0,1.0,0.0,0.627417
0.9940294141501,0.0,0.45456991313075495,0.2408336477935329,0.7618120172426669,0.0,0.0,1.0,0.0,1.0,0.627417
0.9933348474785648,0.0,0.3204755793213596,0.41818642225283326,0.7266513190668439,0.0,1.0,0.0,1.0,0.0,0.922671
0.9733134796538916,0.0,0.37865704927040617,0.31903235906899613,0.0,1.0,1.0,0.0,1.0,0.0,0.952548
0.8355493506087254,0.0,0.39352269130415707,0.2004207907302692,0.0,1.0,0.0,1.0,0.0,1.0,0.956063
0.9334180562963103,0.0,0.2936554555437208,0.4030490049597288,0.0,1.0,1.0,0.0,1.0,0.0,0.957821
0.9041153082263895,0.0,0.450038858504704,0.6867814055249309,0.7055306598251759,0.0,1.0,0.0,1.0,0.0,0.933216
0.8602941748871296,0.0,0.23946426016579858,0.5158868893384837,0.7329309421580484,0.0,1.0,0.0,1.0,0.0,0.920914
0.9558428026446036,0.0,0.0,0.5497270460724636,0.0,1.0,0.0,1.0,1.0,0.0,0.954306
0.9719946988648863,0.0,0.3204755793213596,0.6768095161393951,0.7549847194958007,0.0,1.0,0.0,1.0,0.0,0.924429
0.9701568356992711,0.0,0.3077371365407441,0.49191499265226674,0.5945027456911289,0.0,0.0,1.0,1.0,0.0,0.954306
0.8971649835434159,0.0,0.21509674333769346,0.34980951242386177,0.0,1.0,0.0,1.0,1.0,0.0,0.957821
0.6132197402700933,0.0,0.45456991313075495,0.9081275733702886,0.4621018657970029,0.0,0.0,1.0,1.0,0.0,0.947276
0.9665107177222733,0.0,0.45456991313075495,0.7491535388694279,0.4621018657970029,0.0,1.0,0.0,0.0,1.0,0.943761
0.9171796938482824,0.0,0.4190578205014968,0.9430501619392512,0.0,1.0,0.0,1.0,0.0,1.0,0.956063
0.9644382652692637,0.0,0.3428027996093033,0.06687069462729628,0.746216246013148,0.0,1.0,0.0,0.0,1.0,0.627417
0.9679553263632896,0.0,0.4131167015290358,0.7809769009861052,0.4968756105135412,0.0,1.0,0.0,0.0,1.0,0.957821
0.9809119295936954,0.0,0.450038858504704,0.6358561749496539,0.6707544459168319,0.0,1.0,0.0,0.0,1.0,0.938489
0.9883764224376794,0.0,0.4302020399004533,0.41723294768760244,0.0,1.0,0.0,1.0,0.0,1.0,0.954306
0.9591837722912795,0.0,0.450038858504704,0.7954657514370567,0.0,1.0,1.0,0.0,1.0,0.0,0.942004
0.7805708043055302,0.0,0.4003781979975792,0.4130320912367443,0.7200619947869024,0.0,1.0,0.0,1.0,0.0,0.922671
0.9622909929298372,0.0,0.45456991313075495,0.2907840286606754,0.0,1.0,0.0,1.0,0.0,1.0,0.952548
0.9898760984587047,0.0,0.450038858504704,0.4722151564044643,0.7762454631740007,0.0,1.0,0.0,1.0,0.0,0.627417
0.9296579426751495,0.0,0.35270753559797496,0.3430963757409452,0.0,1.0,0.0,1.0,0.0,1.0,0.956063
0.9568956442091033,0.0,0.3077371365407441,0.1480917414455842,0.0,1.0,0.0,1.0,1.0,0.0,0.956063
0.8788678663778972,0.0,0.4190578205014968,0.5365104193072973,0.7470798045201585,0.0,0.0,1.0,1.0,0.0,0.922671
0.9304292208005747,0.0,0.45456991313075495,0.6959025984491714,0.0,1.0,0.0,1.0,0.0,1.0,0.954306
0.9444451789514524,0.0,0.4190578205014968,0.0655924245269788,0.7144816381841019,0.0,0.0,1.0,1.0,0.0,0.627417
0.9940951423318208,0.0,0.3428027996093033,0.22498908964323697,0.7240101039145385,0.0,1.0,0.0,0.0,1.0,0.627417
0.9365238171989616,0.0,0.14682475795220173,0.9730795268570204,0.5316506093771822,0.0,0.0,1.0,1.0,0.0,0.963093
0.9556550571060007,0.0,0.3428027996093033,0.866329589584409,0.0,1.0,0.0,1.0,1.0,0.0,0.961336
0.9921249617353597,0.0,0.44534878798630384,0.15490726065084603,0.0,1.0,1.0,0.0,1.0,0.0,0.952548
0.9714685000447285,0.0,0.35270753559797496,0.5572186584517194,0.4621018657970029,0.0,1.0,0.0,1.0,0.0,0.961336
0.9380600745736327,0.0,0.3077371365407441,0.827657437266384,0.5723355205267837,0.0,0.0,1.0,0.0,1.0,0.961336
0.8978314777433524,0.0,0.3862964427496404,0.9813926339065674,0.6194096025507606,0.0,1.0,0.0,1.0,0.0,0.950791
0.9344117375952357,0.0,0.09263504753360365,0.3269325401742568,0.5172175783381477,0.0,0.0,1.0,0.0,1.0,0.954306
0.9538089636634162,0.0,0.332104876118997,0.5998505831759482,0.6390198918867638,0.0,0.0,1.0,1.0,0.0,0.954306
0.8470985189690543,0.0,0.3428027996093033,0.04030262065147341,0.7313160876612617,0.0,1.0,0.0,0.0,1.0,0.627417
0.848633674191406,0.0,0.3428027996093033,0.0673322035321361,0.0,1.0,0.0,1.0,1.0,0.0,0.947276
0.9675974499283672,0.0,0.332104876118997,0.2936485495012893,0.4968756105135412,0.0,0.0,1.0,0.0,1.0,0.957821
0.8900539617277095,0.0,0.3204755793213596,0.5723681736961908,0.6098241153334091,0.0,1.0,0.0,0.0,1.0,0.956063
0.9194113391966097,0.0,0.3428027996093033,0.679361338697794,0.5172175783381477,0.0,0.0,1.0,1.0,0.0,0.961336
0.9989195343949768,0.0,0.2936554555437208,0.40387167799283524,0.7253480899032547,0.0,1.0,0.0,0.0,1.0,0.924429
0.962959985879491,0.0,0.0,0.34981538444721544,0.7074531743208636,0.0,1.0,0.0,1.0,0.0,0.927944
0.8974991641132716,0.0,0.4190578205014968,0.5614971343434046,0.0,1.0,1.0,0.0,0.0,1.0,0.956063
0.9301411621645645,0.0,0.4247460489524374,0.654992159584544,0.4968756105135412,0.0,1.0,0.0,0.0,1.0,0.956063
0.996508943821701,0.0,0.45456991313075495,0.11837788090144577,0.7301299448474348,0.0,1.0,0.0,1.0,0.0,0.627417
0.8772507265901529,0.0,0.14682475795220173,0.3156087789967821,0.0,1.0,1.0,0.0,1.0,0.0,0.959578
0.7873120352674767,0.0,0.4068991552651424,0.6759298847125818,0.5597268509505413,0.0,0.0,1.0,1.0,0.0,0.957821
0.9116656529339011,0.0,0.4404881331323368,0.449221233799158,0.4968756105135412,0.0,0.0,1.0,1.0,0.0,0.956063
0.9917844685430017,0.0,0.3204755793213596,0.4662407314354723,0.7141526435954173,0.0,0.0,1.0,0.0,1.0,0.936731
0.9582310552971733,0.0,0.4068991552651424,0.13210964546737922,0.7683836640473749,0.0,0.0,1.0,0.0,1.0,0.627417
0.978314328252655,0.0,0.45456991313075495,0.3675152859094016,0.0,1.0,0.0,1.0,0.0,1.0,0.952548
0.9024523693016337,0.0,0.44534878798630384,0.7805561279045025,0.6310393985649106,0.0,0.0,1.0,0.0,1.0,0.952548
0.9893803956054514,0.0,0.23946426016579858,0.8952923978522997,0.6471736927570897,0.0,1.0,0.0,1.0,0.0,0.952548
0.8540615070150082,0.0,0.4190578205014968,0.3631993354724778,0.5316506093771822,0.0,0.0,1.0,0.0,1.0,0.961336
0.9888446609893801,0.0,0.0,0.08651971761669779,0.0,1.0,1.0,0.0,0.0,1.0,0.957821
0.9666671860189171,0.0,0.4003781979975792,0.004065782684137456,0.6603368798254234,0.0,0.0,1.0,0.0,1.0,0.926186
0.8841005990973861,0.0,0.4131167015290358,0.572607368774727,0.7535002469157698,0.0,1.0,0.0,1.0,0.0,0.627417
0.8630330512013746,0.0,0.35270753559797496,0.4825944813226008,0.5316506093771822,0.0,1.0,0.0,0.0,1.0,0.954306
0.9048560897413105,0.0,0.09263504753360365,0.2806324076299307,0.5907846630655456,0.0,0.0,1.0,1.0,0.0,0.954306
0.9797946320959485,0.0,0.0,0.5716399177694521,0.5172175783381477,0.0,1.0,0.0,1.0,0.0,0.961336
0.996792126576531,0.0,0.3619286289204309,0.28912470429176096,0.0,1.0,0.0,1.0,0.0,1.0,0.956063
0.9794174867835759,0.0,0.3862964427496404,0.7379256660638074,0.0,1.0,1.0,0.0,1.0,0.0,0.959578
0.9850295648933403,0.0,0.45456991313075495,0.6812591107544838,0.7281717839863874,0.0,1.0,0.0,1.0,0.0,0.929701
0.9238525048708482,0.0,0.2936554555437208,0.0442516050192133,0.7802023714149517,0.0,0.0,1.0,0.0,1.0,0.627417
0.9532894494860982,0.0,0.450038858504704,0.06281648578966673,0.5867688302856895,0.0,0.0,1.0,1.0,0.0,0.945518
0.9672374073455171,0.0,0.44534878798630384,0.3001113975916036,0.4621018657970029,0.0,1.0,0.0,1.0,0.0,0.950791
0.9779707374206917,0.0,0.09263504753360365,0.40458350110179797,0.5316506093771822,0.0,0.0,1.0,0.0,1.0,0.954306
0.9211158681530824,0.0,0.2936554555437208,0.986066061809673,0.5979641995764539,0.0,0.0,1.0,1.0,0.0,0.959578
0.9513672367087944,0.0,0.18527343603544136,0.5093539264487674,0.6148454302177193,0.0,0.0,1.0,0.0,1.0,0.956063
0.9793333509880997,0.0,0.09263504753360365,0.12453381029858977,0.6042437863446257,0.0,1.0,0.0,1.0,0.0,0.954306
0.972374486248848,0.0,0.4302020399004533,0.6861906599519222,0.7543961905986284,0.0,1.0,0.0,0.0,1.0,0.906854
0.7163991195206834,0.0,0.3862964427496404,0.22018334749842172,0.4968756105135412,0.0,0.0,1.0,1.0,0.0,0.956063
0.974375309891991,0.0,0.45456991313075495,0.465480962860005,0.6889619451580057,0.0,1.0,0.0,1.0,0.0,0.938489
0.9272822262620944,0.0,0.4247460489524374,0.4319968777525153,0.5867688302856895,0.0,1.0,0.0,0.0,1.0,0.954306
0.8894847326688533,0.0,0.4003781979975792,0.17018865590532428,0.69109722376776,0.0,1.0,0.0,1.0,0.0,0.924429
0.9991613396005918,0.0,0.09263504753360365,0.7747688863692769,0.5428458114345373,0.0,1.0,0.0,0.0,1.0,0.961336
0.908010196543464,0.0,0.35270753559797496,0.8586985681063606,0.6390198918867638,0.0,0.0,1.0,1.0,0.0,0.954306
0.7781425536714281,0.0,0.3619286289204309,0.6736386039701177,0.6098241153334091,0.0,1.0,0.0,0.0,1.0,0.954306
0.9932682733268337,0.0,0.450038858504704,0.4679587304028553,0.5519929952717247,0.0,1.0,0.0,0.0,1.0,0.957821
0.9950401284914578,0.0,0.45456991313075495,0.03264331427488668,0.4968756105135412,0.0,0.0,1.0,0.0,1.0,0.949033
0.957140686761877,0.0,0.2779134951153586,0.07460800624735597,0.0,1.0,0.0,1.0,0.0,1.0,0.949033
0.938228346236846,0.0,0.3619286289204309,0.033174240880083604,0.6123975650806347,0.0,0.0,1.0,1.0,0.0,0.947276
0.9568956442091033,0.0,0.450038858504704,0.49003924790094816,0.5519929952717247,0.0,1.0,0.0,1.0,0.0,0.959578
0.977233949891614,0.0,0.4003781979975792,0.3385786204855351,0.6819498831476017,0.0,0.0,1.0,1.0,0.0,0.936731
0.9740081235587565,0.0,0.14682475795220173,0.1793390936944912,0.6235929678186829,0.0,1.0,0.0,0.0,1.0,0.954306
0.9854488706838386,0.0,0.3204755793213596,0.18073663176036303,0.4621018657970029,0.0,0.0,1.0,0.0,1.0,0.957821
0.9875021777035253,0.0,0.3428027996093033,0.7288578049418465,0.0,1.0,1.0,0.0,1.0,0.0,0.961336
0.9100686714246466,0.0,0.3077371365407441,0.7781477727068732,0.7206453908803472,0.0,1.0,0.0,1.0,0.0,0.931459
0.9548980925489073,0.0,0.4404881331323368,0.8794366032290813,0.6310393985649106,0.0,1.0,0.0,0.0,1.0,0.943761
0.9288765325295204,0.0,0.37865704927040617,0.27650334213613303,0.582403374566274,0.0,0.0,1.0,0.0,1.0,0.954306
0.9921928271144248,0.0,0.4354440152799738,0.2241031710535915,0.7472507468006913,0.0,0.0,1.0,1.0,0.0,0.627417
0.9976955406203806,0.0,0.2936554555437208,0.53156042981447,0.4968756105135412,0.0,1.0,0.0,0.0,1.0,0.963093
0.9955230864771497,0.0,0.14682475795220173,0.6498957159618913,0.7271632776141783,0.0,0.0,1.0,1.0,0.0,0.943761
0.9802938014380702,0.0,0.18527343603544136,0.16669915131143617,0.7144816381841019,0.0,1.0,0.0,1.0,0.0,0.627417
0.965986164089801,0.0,0.3204755793213596,0.22637171318888674,0.7001573871605129,0.0,0.0,1.0,1.0,0.0,0.922671
0.9012130747638213,0.0,0.0,0.8100269369734822,0.7651456685804191,0.0,0.0,1.0,0.0,1.0,0.913884
0.9492413576226427,0.0,0.18527343603544136,0.7587727997482747,0.5519929952717247,0.0,0.0,1.0,0.0,1.0,0.959578
0.906454046293243,0.0,0.3077371365407441,0.33619978373044623,0.0,1.0,1.0,0.0,0.0,1.0,0.959578
0.9557802866163168,0.0,0.35270753559797496,0.9487991456823489,0.5172175783381477,0.0,1.0,0.0,1.0,0.0,0.961336
0.993567271993418,0.0,0.4354440152799738,0.03761471011010786,0.0,1.0,0.0,1.0,1.0,0.0,0.947276
0.9780998166700163,0.0,0.3077371365407441,0.05303092837122816,0.629278819612865,0.0,0.0,1.0,0.0,1.0,0.942004
0.8664991173472728,0.0,0.4003781979975792,0.6801809974876666,0.6552647434419389,0.0,0.0,1.0,0.0,1.0,0.952548
0.9749671953439878,0.0,0.4354440152799738,0.44577284314769533,0.0,1.0,0.0,1.0,1.0,0.0,0.954306
0.9842982739235484,0.0,0.4354440152799738,0.03829457143739144,0.6541857465873818,0.0,1.0,0.0,1.0,0.0,0.933216
0.9713241797227066,0.0,0.332104876118997,0.592429851380584,0.0,1.0,1.0,0.0,1.0,0.0,0.959578
0.9243850419195493,0.0,0.35270753559797496,0.8768865304032558,0.5316506093771822,0.0,0.0,1.0,0.0,1.0,0.961336
0.8396533195456554,0.0,0.37055438950780784,0.757609166817615,0.6878592310383344,0.0,0.0,1.0,1.0,0.0,0.947276
0.9842982739235484,0.0,0.3862964427496404,0.6734841837258175,0.741850753869027,0.0,0.0,1.0,0.0,1.0,0.920914
0.9469641802443552,0.0,0.23946426016579858,0.6665384818559208,0.6418876086432301,0.0,0.0,1.0,0.0,1.0,0.952548
0.957323808493737,0.0,0.3428027996093033,0.46378940988392614,0.0,1.0,1.0,0.0,0.0,1.0,0.957821
0.8748614906560137,0.0,0.23946426016579858,0.9695691996305933,0.6722983046724641,0.0,1.0,0.0,0.0,1.0,0.947276
0.9081496666841333,0.0,0.4404881331323368,0.0680561916480866,0.0,1.0,1.0,0.0,0.0,1.0,0.943761
0.9432218146182643,0.0,0.4068991552651424,0.6266523757885424,0.0,1.0,1.0,0.0,0.0,1.0,0.957821
0.9946509188251483,0.0,0.4404881331323368,0.8215824426050942,0.5867688302856895,0.0,1.0,0.0,1.0,0.0,0.945518
0.9386469545324784,0.0,0.4003781979975792,0.8488453750837875,0.7778473190724849,0.0,0.0,1.0,0.0,1.0,0.627417
0.8692407995820399,0.0,0.2600667605368463,0.46453638247765167,0.7393172851518709,0.0,1.0,0.0,1.0,0.0,0.924429
0.8455226927147121,0.0,0.09263504753360365,0.40383548798180957,0.6640549831258953,0.0,1.0,0.0,0.0,1.0,0.950791
0.9746036556508083,0.0,0.2936554555437208,0.7035048300160468,0.5172175783381477,0.0,0.0,1.0,0.0,1.0,0.961336
0.9084276297497151,0.0,0.3428027996093033,0.46866573179367244,0.0,1.0,1.0,0.0,1.0,0.0,0.959578
0.9572628305328933,0.0,0.4190578205014968,0.9495875032349623,0.6098241153334091,0.0,0.0,1.0,1.0,0.0,0.954306
0.9941279792072933,0.0,0.18527343603544136,0.794746640918936,0.4621018657970029,0.0,0.0,1.0,1.0,0.0,0.961336
0.9270798995650741,0.0,0.4003781979975792,0.7669675312773706,0.4621018657970029,0.0,0.0,1.0,0.0,1.0,0.957821
0.9943900236769605,0.0,0.45456991313075495,0.6405842992834649,0.5172175783381477,0.0,0.0,1.0,1.0,0.0,0.954306
0.9291707655707426,0.0,0.3619286289204309,0.877017488864156,0.6666732175412959,0.0,1.0,0.0,1.0,0.0,0.942004
0.9987982621844504,0.0,0.39352269130415707,0.6339956830234726,0.4621018657970029,0.0,0.0,1.0,1.0,0.0,0.959578
0.9622349024060373,0.0,0.37865704927040617,0.5246659994163748,0.7220748750206333,0.0,0.0,1.0,1.0,0.0,0.934974
0.9473257861874808,0.0,0.45456991313075495,0.969700115948899,0.0,1.0,0.0,1.0,0.0,1.0,0.956063
0.9763110174919609,0.0,0.2600667605368463,0.8347307399267291,0.5172175783381477,0.0,0.0,1.0,0.0,1.0,0.963093
0.9934013472041789,0.0,0.18527343603544136,0.6487542067290561,0.5945027456911289,0.0,0.0,1.0,0.0,1.0,0.959578
0.9901575135225494,0.0,0.2779134951153586,0.6141860157244132,0.6390198918867638,0.0,0.0,1.0,1.0,0.0,0.952548
0.9236381479146497,0.0,0.3862964427496404,0.7477586103847512,0.0,1.0,1.0,0.0,1.0,0.0,0.957821
0.9910630251264789,0.0,0.0,0.771573634872744,0.6872986501020567,0.0,0.0,1.0,1.0,0.0,0.949033
0.9682096405454689,0.0,0.4247460489524374,0.8177910717727067,0.6194096025507606,0.0,1.0,0.0,1.0,0.0,0.945518
0.9997914408126525,0.0,0.4354440152799738,0.10772690808038056,0.6793764234981645,0.0,0.0,1.0,1.0,0.0,0.920914
0.9890952710421538,0.0,0.4302020399004533,0.7939002732704161,0.7296475228250096,0.0,0.0,1.0,0.0,1.0,0.931459
0.9647080344223239,0.0,0.0,0.9764841863014051,0.8566282496450012,0.0,0.0,1.0,1.0,0.0,0.627417
0.9461608237265287,0.0,0.44534878798630384,0.33938397756904265,0.7010224341872346,0.0,0.0,1.0,1.0,0.0,0.931459
0.9386469545324784,0.0,0.44534878798630384,0.14503722921713252,0.7331574504671312,0.0,1.0,0.0,0.0,1.0,0.627417
0.9739620654867027,0.0,0.3428027996093033,0.20584628489303805,0.4968756105135412,0.0,1.0,0.0,0.0,1.0,0.959578
0.8054773298729592,0.0,0.2600667605368463,0.4697699133982682,0.5723355205267837,0.0,1.0,0.0,0.0,1.0,0.957821
0.9041153082263895,0.0,0.4003781979975792,0.38745818224714684,0.5316506093771822,0.0,1.0,0.0,0.0,1.0,0.957821
0.7904162472962654,0.0,0.14682475795220173,0.28381520890026024,0.6375221275849534,0.0,0.0,1.0,1.0,0.0,0.949033
0.9939306854993848,0.0,0.4131167015290358,0.4307665070179625,0.4621018657970029,0.0,1.0,0.0,0.0,1.0,0.959578
0.9602956550536017,0.0,0.37865704927040617,0.40630462374346166,0.5172175783381477,0.0,1.0,0.0,1.0,0.0,0.957821
0.9950401284914578,0.0,0.4190578205014968,0.6407035437329864,0.4621018657970029,0.0,0.0,1.0,1.0,0.0,0.959578
0.8755883914832242,0.0,0.0,0.5610474537704622,0.0,1.0,1.0,0.0,1.0,0.0,0.959578
0.9325925134658519,0.0,0.44534878798630384,0.11155262745540657,0.5428458114345373,0.0,0.0,1.0,1.0,0.0,0.950791
0.92501785630417,0.0,0.09263504753360365,0.8066385732088182,0.7510297657146854,0.0,0.0,1.0,1.0,0.0,0.919156
0.9197561748881145,0.0,0.4003781979975792,0.6085189553218949,0.6071114949032003,0.0,0.0,1.0,0.0,1.0,0.956063
0.997354479490817,0.0,0.21509674333769346,0.07164550340943066,0.0,1.0,1.0,0.0,0.0,1.0,0.952548
0.9783999167529058,0.0,0.450038858504704,0.6288433396942749,0.5316506093771822,0.0,0.0,1.0,0.0,1.0,0.956063
0.8859499909923231,0.0,0.35270753559797496,0.3527404597719688,0.6446002364083981,0.0,1.0,0.0,1.0,0.0,0.954306
0.9607576689950047,0.0,0.450038858504704,0.1705541260288291,0.6895043447505095,0.0,0.0,1.0,1.0,0.0,0.919156
0.9930012291146771,0.0,0.4247460489524374,0.5013263904236627,0.5172175783381477,0.0,1.0,0.0,1.0,0.0,0.959578
0.9595371436025981,0.0,0.0,0.35202692511488276,0.6622303661701174,0.0,0.0,1.0,0.0,1.0,0.949033
0.9888087732066306,0.0,0.14682475795220173,0.7529977837563582,0.7340533940166577,0.0,0.0,1.0,0.0,1.0,0.945518
0.8295959909600528,0.0,0.4190578205014968,0.7740670517536484,0.5945027456911289,0.0,0.0,1.0,1.0,0.0,0.959578
0.8321493422002165,0.0,0.37865704927040617,0.2692576196870998,0.7167261048952307,0.0,0.0,1.0,1.0,0.0,0.922671
0.9905771554618676,0.0,0.44534878798630384,0.8901336865675604,0.5723355205267837,0.0,0.0,1.0,1.0,0.0,0.957821
0.9765320656737652,0.0,0.4131167015290358,0.018783358223688866,0.0,1.0,0.0,1.0,1.0,0.0,0.945518
0.9617276933030935,0.0,0.21509674333769346,0.9516749435086557,0.4968756105135412,0.0,0.0,1.0,0.0,1.0,0.961336
0.950961662444891,0.0,0.0,0.43814468084676056,0.0,1.0,1.0,0.0,0.0,1.0,0.956063
0.9432218146182643,0.0,0.4003781979975792,0.1098342252229783,0.5519929952717247,0.0,0.0,1.0,0.0,1.0,0.952548
0.8861519741456252,0.0,0.3619286289204309,0.6611123448439657,0.6171793996202338,0.0,1.0,0.0,0.0,1.0,0.950791
0.9548980925489073,0.0,0.4247460489524374,0.08777139131623128,0.7324748344250709,0.0,0.0,1.0,0.0,1.0,0.627417
0.9921928271144248,0.0,0.23946426016579858,0.1136301048472872,0.0,1.0,1.0,0.0,1.0,0.0,0.956063
0.9880500845374408,0.0,0.14682475795220173,0.1083994186681982,0.5723355205267837,0.0,0.0,1.0,1.0,0.0,0.954306
0.9788684648050968,0.0,0.45456991313075495,0.3367429947854531,0.6872986501020567,0.0,0.0,1.0,0.0,1.0,0.931459
0.9766202554560894,0.0,0.332104876118997,0.36031554522167836,0.6171793996202338,0.0,0.0,1.0,0.0,1.0,0.952548
0.9953303735705366,0.0,0.23946426016579858,0.6743537337593215,0.6235929678186829,0.0,1.0,0.0,0.0,1.0,0.956063
0.9380600745736327,0.0,0.3077371365407441,0.7597867417184705,0.6855783168620103,0.0,0.0,1.0,0.0,1.0,0.950791
0.7997295869556525,0.0,0.35270753559797496,0.7226092056097562,0.7256114579702756,0.0,0.0,1.0,0.0,1.0,0.934974
0.9584706688969133,0.0,0.4190578205014968,0.22996294208902157,0.0,1.0,0.0,1.0,0.0,1.0,0.950791
0.9906816050026815,0.0,0.4354440152799738,0.4604638667573776,0.780025086710942,0.0,0.0,1.0,1.0,0.0,0.627417
0.7610301140953338,0.0,0.23946426016579858,0.03849466587191359,0.65080212209609,0.0,1.0,0.0,0.0,1.0,0.936731
0.9985244923389649,0.0,0.3204755793213596,0.05127251651860882,0.0,1.0,1.0,0.0,0.0,1.0,0.952548
0.9472536406425822,0.0,0.18527343603544136,0.9082276608674881,0.7229134154303547,0.0,1.0,0.0,1.0,0.0,0.933216
0.9942263812122174,0.0,0.09263504753360365,0.33542413554606537,0.5172175783381477,0.0,0.0,1.0,0.0,1.0,0.961336
0.8723722581396509,0.0,0.4354440152799738,0.582671055673658,0.6012021748853413,0.0,1.0,0.0,1.0,0.0,0.954306
0.9434531201358322,0.0,0.3204755793213596,0.660620068585671,0.5945027456911289,0.0,1.0,0.0,1.0,0.0,0.959578
0.9910284514560873,0.0,0.4190578205014968,0.22734365878333046,0.0,1.0,1.0,0.0,1.0,0.0,0.952548
0.9831249814912222,0.0,0.35270753559797496,0.6580127814837576,0.5428458114345373,0.0,1.0,0.0,0.0,1.0,0.961336
0.9945858022357931,0.0,0.14682475795220173,0.680204649261989,0.7229134154303547,0.0,0.0,1.0,1.0,0.0,0.936731
0.968513389273387,0.0,0.4003781979975792,0.6638555008339224,0.5907846630655456,0.0,0.0,1.0,1.0,0.0,0.954306
0.8212040792884238,0.0,0.4354440152799738,0.46901379865557385,0.0,1.0,1.0,0.0,0.0,1.0,0.952548
0.9228817563673393,0.0,0.44534878798630384,0.6995154150678388,0.6519555386992271,0.0,1.0,0.0,1.0,0.0,0.940246
0.9077302713788997,0.0,0.3077371365407441,0.2353434267969633,0.0,1.0,1.0,0.0,1.0,0.0,0.957821
0.8526618196906804,0.0,0.4003781979975792,0.5844981967423735,0.7378981984159612,0.0,0.0,1.0,0.0,1.0,0.920914
0.8703030416514271,0.0,0.2600667605368463,0.6582033007017672,0.0,1.0,0.0,1.0,1.0,0.0,0.956063
0.992867256088805,0.0,0.2779134951153586,0.34487709313319154,0.7322452161527279,0.0,1.0,0.0,0.0,1.0,0.627417
0.8772507265901529,0.0,0.45456991313075495,0.12322859711062124,0.5428458114345373,0.0,1.0,0.0,1.0,0.0,0.950791
0.9878315270421514,0.0,0.3428027996093033,0.949409300364748,0.5723355205267837,0.0,0.0,1.0,1.0,0.0,0.963093
0.9751932845449776,0.0,0.45456991313075495,0.9691382436409255,0.5316506093771822,0.0,0.0,1.0,1.0,0.0,0.956063
0.960237650177342,0.0,0.4068991552651424,0.6536022528207132,0.0,1.0,1.0,0.0,0.0,1.0,0.957821
0.9378067711678026,0.0,0.18527343603544136,0.2813271178188103,0.5316506093771822,0.0,1.0,0.0,1.0,0.0,0.961336
0.9326848082748445,0.0,0.3204755793213596,0.29109192827511354,0.4968756105135412,0.0,1.0,0.0,0.0,1.0,0.959578
0.9078703986231568,0.0,0.37865704927040617,0.7214669701738741,0.0,1.0,0.0,1.0,0.0,1.0,0.961336
0.9442936272921135,0.0,0.21509674333769346,0.9205201436145292,0.0,1.0,1.0,0.0,1.0,0.0,0.963093
0.9717560944658589,0.0,0.2600667605368463,0.48670227621506806,0.0,1.0,0.0,1.0,1.0,0.0,0.957821
0.918364673071197,0.0,0.332104876118997,0.6237788667009178,0.5316506093771822,0.0,0.0,1.0,0.0,1.0,0.957821
0.9480424694898069,0.0,0.4068991552651424,0.9217235472797344,0.0,1.0,1.0,0.0,0.0,1.0,0.954306
0.9070246404758787,0.0,0.21509674333769346,0.31673261674553477,0.4968756105135412,0.0,1.0,0.0,1.0,0.0,0.959578
0.9255401071676105,0.0,0.39352269130415707,0.1624933082973666,0.6541857465873818,0.0,0.0,1.0,1.0,0.0,0.942004
0.9735923114005934,0.0,0.18527343603544136,0.7483344274676159,0.0,1.0,1.0,0.0,1.0,0.0,0.961336
0.7805708043055302,0.0,0.4404881331323368,0.2873305178004256,0.0,1.0,0.0,1.0,0.0,1.0,0.956063
0.9952337824827818,0.0,0.3619286289204309,0.2537578908695709,0.0,1.0,1.0,0.0,1.0,0.0,0.954306
0.9923621525868738,0.0,0.4131167015290358,0.4605590878326843,0.4621018657970029,0.0,0.0,1.0,0.0,1.0,0.957821
0.9834794055651089,0.0,0.4354440152799738,0.31760970634526703,0.629278819612865,0.0,1.0,0.0,1.0,0.0,0.950791
0.9176565219708837,0.0,0.2936554555437208,0.20622612145020833,0.0,1.0,0.0,1.0,1.0,0.0,0.952548
0.9408579011548405,0.0,0.4247460489524374,0.34637358852967426,0.0,1.0,0.0,1.0,0.0,1.0,0.952548
0.9021449578354224,0.0,0.4354440152799738,0.9303608861780676,0.5172175783381477,0.0,0.0,1.0,1.0,0.0,0.957821
0.9901224093620847,0.0,0.4190578205014968,0.06888345473148677,0.6867317347910289,0.0,0.0,1.0,1.0,0.0,0.627417
0.8387654828055098,0.0,0.4247460489524374,0.12391914007214076,0.0,1.0,1.0,0.0,1.0,0.0,0.947276
0.9945206142857819,0.0,0.14682475795220173,0.368686088901885,0.6872986501020567,0.0,0.0,1.0,1.0,0.0,0.942004
0.9239593943713132,0.0,0.4068991552651424,0.8021745371881555,0.0,1.0,1.0,0.0,0.0,1.0,0.954306
0.9781857141541076,0.0,0.4247460489524374,0.7493643333319153,0.746216246013148,0.0,0.0,1.0,0.0,1.0,0.920914
0.9833614986924885,0.0,0.44534878798630384,0.7600602043141057,0.0,1.0,0.0,1.0,0.0,1.0,0.957821
0.9453464688331231,0.0,0.3428027996093033,0.44767059145552013,0.675962081917565,0.0,1.0,0.0,1.0,0.0,0.952548
0.9104719542456146,0.0,0.35270753559797496,0.5779077578733874,0.0,1.0,1.0,0.0,1.0,0.0,0.961336
0.9605271105826118,0.0,0.3428027996093033,0.356439224698214,0.6988311914347526,0.0,0.0,1.0,1.0,0.0,0.933216
0.9792912384217529,0.0,0.39352269130415707,0.3702990797003178,0.6012021748853413,0.0,1.0,0.0,1.0,0.0,0.954306
0.8853398935276136,0.0,0.37055438950780784,0.0034280921237836138,0.5316506093771822,0.0,1.0,0.0,0.0,1.0,0.952548
0.9691662383396062,0.0,0.44534878798630384,0.9263887981225629,0.0,1.0,1.0,0.0,1.0,0.0,0.942004
0.8341159329612869,0.0,0.332104876118997,0.9012097901541749,0.0,1.0,1.0,0.0,1.0,0.0,0.959578
0.9896641599987773,0.0,0.3862964427496404,0.16414996022044198,0.6573555219348104,0.0,0.0,1.0,1.0,0.0,0.945518
0.8917296776962965,0.0,0.4354440152799738,0.5587211604484593,0.7772877796086376,0.0,1.0,0.0,0.0,1.0,0.627417
0.9936996793900615,0.0,0.4003781979975792,0.855077616802842,0.0,1.0,0.0,1.0,1.0,0.0,0.957821
0.9767962437421289,0.0,0.4404881331323368,0.6259017058224589,0.0,1.0,0.0,1.0,0.0,1.0,0.954306
0.982249615895005,0.0,0.44534878798630384,0.873660399793902,0.6194096025507606,0.0,1.0,0.0,0.0,1.0,0.942004
0.853714660743622,0.0,0.450038858504704,0.7518868113732876,0.6148454302177193,0.0,0.0,1.0,0.0,1.0,0.952548
0.9798363899056772,0.0,0.3428027996093033,0.04570286720930562,0.6855783168620103,0.0,0.0,1.0,0.0,1.0,0.627417
0.9600050633868719,0.0,0.3428027996093033,0.9955965200933004,0.6098241153334091,0.0,1.0,0.0,1.0,0.0,0.954306
0.9541313709309807,0.0,0.3077371365407441,0.03182800758099003,0.4968756105135412,0.0,0.0,1.0,1.0,0.0,0.950791
0.9782286164260009,0.0,0.09263504753360365,0.05329405508816545,0.0,1.0,0.0,1.0,0.0,1.0,0.947276
0.970937604865093,0.0,0.4302020399004533,0.18204614023329788,0.5316506093771822,0.0,1.0,0.0,0.0,1.0,0.950791
0.9512323523087137,0.0,0.44534878798630384,0.2105882571436218,0.648412555799236,0.0,0.0,1.0,1.0,0.0,0.949033
0.7701995897902185,0.0,0.14682475795220173,0.9750213332680672,0.5316506093771822,0.0,1.0,0.0,0.0,1.0,0.963093
0.9985854390642188,0.0,0.450038858504704,0.6955698819690199,0.5597268509505413,0.0,1.0,0.0,1.0,0.0,0.952548
0.9914763493018947,0.0,0.45456991313075495,0.04976611877663603,0.0,1.0,1.0,0.0,1.0,0.0,0.945518
0.9280847206142966,0.0,0.4247460489524374,0.0023370014990893653,0.0,1.0,0.0,1.0,1.0,0.0,0.945518
0.9357405492073632,0.0,0.4003781979975792,0.6907949325563498,0.5316506093771822,0.0,0.0,1.0,0.0,1.0,0.957821
0.9958109902316683,0.0,0.3862964427496404,0.3513103163767355,0.5519929952717247,0.0,1.0,0.0,1.0,0.0,0.959578
0.9859406330857869,0.0,0.0,0.14411877375073698,0.6722983046724641,0.0,0.0,1.0,0.0,1.0,0.943761
0.9564643756511966,0.0,0.21509674333769346,0.1539723714353469,0.6787118911150013,0.0,0.0,1.0,0.0,1.0,0.943761
0.9627934416844439,0.0,0.0,0.23181479618037212,0.6941388505981144,0.0,0.0,1.0,1.0,0.0,0.929701
0.9906119923578605,0.0,0.2600667605368463,0.5292657103760136,0.6171793996202338,0.0,1.0,0.0,0.0,1.0,0.956063
0.8984905868160857,0.0,0.45456991313075495,0.16220805345879644,0.0,1.0,0.0,1.0,1.0,0.0,0.947276
0.9236381479146497,0.0,0.0,0.7703343466721133,0.6983812199620989,0.0,0.0,1.0,1.0,0.0,0.952548
0.9359155022539057,0.0,0.4404881331323368,0.249690207344884,0.648412555799236,0.0,1.0,0.0,1.0,0.0,0.952548
0.9902627018756635,0.0,0.4068991552651424,0.8188672485756753,0.6813187872190776,0.0,0.0,1.0,1.0,0.0,0.949033
0.9713241797227066,0.0,0.39352269130415707,0.58395977923284,0.7771939133165086,0.0,0.0,1.0,1.0,0.0,0.627417
0.9388967127441877,0.0,0.3428027996093033,0.44596064521611994,0.0,1.0,0.0,1.0,0.0,1.0,0.959578
0.9343220857429579,0.0,0.450038858504704,0.8206309655056986,0.5664262353496466,0.0,1.0,0.0,1.0,0.0,0.943761
0.9420515999495958,0.0,0.3619286289204309,0.12460076137660674,0.4621018657970029,0.0,0.0,1.0,0.0,1.0,0.956063
0.8512284017553796,0.0,0.0,0.011056037425283834,0.5519929952717247,0.0,0.0,1.0,1.0,0.0,0.952548
0.892821157558068,0.0,0.4068991552651424,0.8738736033692225,0.4621018657970029,0.0,0.0,1.0,1.0,0.0,0.957821
0.9397217466835666,0.0,0.450038858504704,0.5970608845323642,0.0,1.0,1.0,0.0,0.0,1.0,0.954306
0.9636763372422334,0.0,0.4302020399004533,0.8133165017333048,0.0,1.0,0.0,1.0,1.0,0.0,0.957821
0.9965404752290326,0.0,0.4354440152799738,0.5260429332461359,0.6012021748853413,0.0,0.0,1.0,1.0,0.0,0.952548
0.9039660384196657,0.0,0.450038858504704,0.07337760175216136,0.0,1.0,0.0,1.0,0.0,1.0,0.945518
0.9875021777035253,0.0,0.2600667605368463,0.08788451274948812,0.4621018657970029,0.0,0.0,1.0,1.0,0.0,0.952548
0.9786133507724294,0.0,0.45456991313075495,0.055875786548390274,0.7605188653747853,0.0,1.0,0.0,1.0,0.0,0.627417
0.9803352104181973,0.0,0.2936554555437208,0.28206465233407746,0.5428458114345373,0.0,1.0,0.0,1.0,0.0,0.957821
0.9516360913810374,0.0,0.3428027996093033,0.48362891996051843,0.5428458114345373,0.0,0.0,1.0,0.0,1.0,0.957821
0.9403736325890699,0.0,0.4302020399004533,0.7720965574118483,0.7656212315344497,0.0,0.0,1.0,0.0,1.0,0.627417
0.9717560944658589,0.0,0.44534878798630384,0.6201343232280723,0.7256114579702756,0.0,1.0,0.0,0.0,1.0,0.927944
0.9652972548724247,0.0,0.3619286289204309,0.6743074739965893,0.0,1.0,1.0,0.0,1.0,0.0,0.957821
0.8681592429745844,0.0,0.45456991313075495,0.9748163819577649,0.5172175783381477,0.0,1.0,0.0,1.0,0.0,0.929701
0.9925984014013725,0.0,0.4131167015290358,0.3369649416685052,0.582403374566274,0.0,0.0,1.0,0.0,1.0,0.952548
0.972563474483966,0.0,0.14682475795220173,0.539087184227864,0.7134881107721539,0.0,0.0,1.0,0.0,1.0,0.938489
0.97644374494889,0.0,0.3619286289204309,0.33062062463042635,0.7597266671051818,0.0,0.0,1.0,1.0,0.0,0.627417
0.9460872504402981,0.0,0.4354440152799738,0.8387600136199833,0.7542479733177951,0.0,0.0,1.0,1.0,0.0,0.922671
0.9088421539908111,0.0,0.3428027996093033,0.6565862600233097,0.0,1.0,1.0,0.0,1.0,0.0,0.963093
0.9875388622548101,0.0,0.2779134951153586,0.0935004660596069,0.5428458114345373,0.0,1.0,0.0,0.0,1.0,0.956063
0.9922944802265514,0.0,0.09263504753360365,0.17256756111302451,0.0,1.0,0.0,1.0,1.0,0.0,0.957821
0.9765320656737652,0.0,0.4302020399004533,0.8789971195341251,0.6583691205807326,0.0,1.0,0.0,1.0,0.0,0.938489
0.8295959909600528,0.0,0.4190578205014968,0.2510867994142899,0.0,1.0,0.0,1.0,1.0,0.0,0.950791
0.915233213773696,0.0,0.4003781979975792,0.9593874238274184,0.7082020164382025,0.0,1.0,0.0,1.0,0.0,0.931459
0.9702059351628772,0.0,0.39352269130415707,0.9813015930972121,0.5597268509505413,0.0,1.0,0.0,0.0,1.0,0.957821
0.930044831792,0.0,0.37865704927040617,0.7908310642196733,0.7047405413164148,0.0,1.0,0.0,1.0,0.0,0.936731
0.9713241797227066,0.0,0.09263504753360365,0.6732396833370451,0.4621018657970029,0.0,1.0,0.0,1.0,0.0,0.961336
0.9952337824827818,0.0,0.4190578205014968,0.030143722921843627,0.7587863434594759,0.0,1.0,0.0,1.0,0.0,0.627417
0.993765772728402,0.0,0.4247460489524374,0.9186990799270035,0.5519929952717247,0.0,1.0,0.0,1.0,0.0,0.950791
0.9980653905078952,0.0,0.18527343603544136,0.75359553384763,0.5172175783381477,0.0,1.0,0.0,0.0,1.0,0.961336
0.9750577341699365,0.0,0.0,0.29916769824558437,0.0,1.0,1.0,0.0,1.0,0.0,0.954306
0.900266360044613,0.0,0.21509674333769346,0.7667958155726886,0.4968756105135412,0.0,1.0,0.0,1.0,0.0,0.963093
0.9591246724396404,0.0,0.21509674333769346,0.20056780854639752,0.5723355205267837,0.0,1.0,0.0,1.0,0.0,0.954306
0.9822095188273042,0.0,0.332104876118997,0.38461287377287295,0.0,1.0,1.0,0.0,1.0,0.0,0.959578
0.965510077984498,0.0,0.3204755793213596,0.9429472369183166,0.0,1.0,0.0,1.0,1.0,0.0,0.961336
0.9012130747638213,0.0,0.35270753559797496,0.031470809746055574,0.629278819612865,0.0,1.0,0.0,1.0,0.0,0.938489
0.9088421539908111,0.0,0.21509674333769346,0.7334427089496522,0.5723355205267837,0.0,0.0,1.0,0.0,1.0,0.961336
0.9767083146835536,0.0,0.09263504753360365,0.21552928865760085,0.7188744482639847,0.0,0.0,1.0,0.0,1.0,0.627417
0.9469641802443552,0.0,0.3619286289204309,0.7497954096957331,0.6215448743437675,0.0,1.0,0.0,0.0,1.0,0.954306
0.9227729109741019,0.0,0.23946426016579858,0.9794746422522514,0.4968756105135412,0.0,0.0,1.0,0.0,1.0,0.963093
0.9830459329776102,0.0,0.3862964427496404,0.03473274642644682,0.69746898606237,0.0,1.0,0.0,0.0,1.0,0.627417
0.9691162727787557,0.0,0.37055438950780784,0.4134565523774246,0.7634447763467561,0.0,1.0,0.0,1.0,0.0,0.627417
0.9877584957278336,0.0,0.3619286289204309,0.0011114457305536178,0.6171793996202338,0.0,0.0,1.0,1.0,0.0,0.938489
0.9523692367349227,0.0,0.332104876118997,0.10898832300565135,0.0,1.0,0.0,1.0,1.0,0.0,0.954306
0.9545798253620024,0.0,0.44534878798630384,0.6943829607148099,0.0,1.0,1.0,0.0,1.0,0.0,0.949033
0.9695148270115321,0.0,0.09263504753360365,0.8975347137897095,0.5664262353496466,0.0,1.0,0.0,0.0,1.0,0.959578
0.9274838671047052,0.0,0.3619286289204309,0.8810876476259683,0.5597268509505413,0.0,0.0,1.0,0.0,1.0,0.961336
0.944217706421438,0.0,0.2936554555437208,0.6788237347033109,0.0,1.0,0.0,1.0,0.0,1.0,0.959578
0.8602941748871296,0.0,0.09263504753360365,0.33932834422231906,0.6375221275849534,0.0,1.0,0.0,1.0,0.0,0.954306
0.9585304217856307,0.0,0.37055438950780784,0.27267472144139915,0.744623365871985,0.0,0.0,1.0,0.0,1.0,0.627417
0.9431445124709833,0.0,0.2600667605368463,0.7841239255222311,0.0,1.0,1.0,0.0,0.0,1.0,0.963093
0.9893448296862245,0.0,0.35270753559797496,0.09656293322659654,0.6997192054750307,0.0,1.0,0.0,0.0,1.0,0.627417
0.9436068256322246,0.0,0.39352269130415707,0.8350971921356629,0.6471736927570897,0.0,1.0,0.0,1.0,0.0,0.947276
0.9783999167529058,0.0,0.4068991552651424,0.8666630748758659,0.5316506093771822,0.0,1.0,0.0,0.0,1.0,0.956063
0.8587162582246799,0.0,0.18527343603544136,0.9279766225744323,0.6997192054750307,0.0,1.0,0.0,1.0,0.0,0.950791
0.9863535877120106,0.0,0.37865704927040617,0.8194634626741601,0.0,1.0,0.0,1.0,0.0,1.0,0.959578
0.965933453411633,0.0,0.45456991313075495,0.6778843504329798,0.0,1.0,1.0,0.0,0.0,1.0,0.949033
0.8963212249309336,0.0,0.2600667605368463,0.22144519758672526,0.6012021748853413,0.0,0.0,1.0,1.0,0.0,0.952548
0.9339621209973114,0.0,0.4354440152799738,0.12180814488224209,0.5172175783381477,0.0,1.0,0.0,1.0,0.0,0.956063
0.9750577341699365,0.0,0.23946426016579858,0.2348435676656857,0.6446002364083981,0.0,1.0,0.0,1.0,0.0,0.949033
0.9548980925489073,0.0,0.4003781979975792,0.14314396408970764,0.0,1.0,1.0,0.0,1.0,0.0,0.950791
0.9751029519578759,0.0,0.4068991552651424,0.14269680485462913,0.0,1.0,0.0,1.0,0.0,1.0,0.952548
0.8885237427458554,0.0,0.44534878798630384,0.6459097054833691,0.7437160805736892,0.0,1.0,0.0,0.0,1.0,0.906854
0.9846072823993874,0.0,0.45456991313075495,0.5029139466530541,0.6649429963802806,0.0,1.0,0.0,1.0,0.0,0.943761
0.9430671097353366,0.0,0.2936554555437208,0.44559313944232976,0.4621018657970029,0.0,1.0,0.0,0.0,1.0,0.959578
0.8774844556858336,0.0,0.2936554555437208,0.25154468102920724,0.7412773589561497,0.0,1.0,0.0,0.0,1.0,0.627417
0.816191942148321,0.0,0.3428027996093033,0.2236779420329346,0.5945027456911289,0.0,1.0,0.0,1.0,0.0,0.952548
0.987023208268917,0.0,0.21509674333769346,0.9956521261986783,0.0,1.0,1.0,0.0,1.0,0.0,0.963093
0.8463158239587348,0.0,0.3428027996093033,0.09942641656776438,0.0,1.0,0.0,1.0,1.0,0.0,0.947276
0.9191803331193262,0.0,0.21509674333769346,0.6047874556116893,0.0,1.0,0.0,1.0,0.0,1.0,0.956063
0.7439176882886064,0.0,0.3204755793213596,0.42674345739006486,0.6837968941602708,0.0,0.0,1.0,1.0,0.0,0.952548
0.9394754357996138,0.0,0.37055438950780784,0.23984995535839645,0.0,1.0,0.0,1.0,1.0,0.0,0.952548
0.9675461485051259,0.0,0.2600667605368463,0.23637675459335028,0.6773558231570734,0.0,1.0,0.0,1.0,0.0,0.933216
0.9753285267340048,0.0,0.44534878798630384,0.9192190259416604,0.5597268509505413,0.0,0.0,1.0,1.0,0.0,0.959578
0.8168420462878336,0.0,0.44534878798630384,0.4570125526671659,0.0,1.0,0.0,1.0,1.0,0.0,0.949033
0.9622349024060373,0.0,0.0,0.4800948983515114,0.0,1.0,0.0,1.0,0.0,1.0,0.956063
0.9543880444480038,0.0,0.21509674333769346,0.6904301381113452,0.4968756105135412,0.0,0.0,1.0,0.0,1.0,0.954306
0.9506897351375319,0.0,0.0,0.46869099104020867,0.7393172851518709,0.0,0.0,1.0,1.0,0.0,0.917399
0.9835578805075829,0.0,0.3077371365407441,0.9802792254021492,0.0,1.0,0.0,1.0,1.0,0.0,0.963093
0.9218949025505887,0.0,0.3619286289204309,0.8201966809495812,0.7502321096139312,0.0,1.0,0.0,1.0,0.0,0.915641
0.8687024793942526,0.0,0.332104876118997,0.017695090221480952,0.5723355205267837,0.0,0.0,1.0,1.0,0.0,0.945518
0.9711312063276174,0.0,0.4003781979975792,0.2970673618723842,0.6012021748853413,0.0,0.0,1.0,0.0,1.0,0.952548
0.9508937970696972,0.0,0.450038858504704,0.7823001805412487,0.7437160805736892,0.0,1.0,0.0,0.0,1.0,0.903339
0.9949106746896462,0.0,0.35270753559797496,0.6974779892059111,0.7666750477457211,0.0,0.0,1.0,1.0,0.0,0.627417
0.9939636132602025,0.0,0.14682475795220173,0.3577192764290912,0.5172175783381477,0.0,0.0,1.0,0.0,1.0,0.957821
0.9575670971584804,0.0,0.37865704927040617,0.7910113583870235,0.6042437863446257,0.0,0.0,1.0,1.0,0.0,0.957821
0.9742378804959886,0.0,0.4354440152799738,0.4981591104337802,0.6235929678186829,0.0,1.0,0.0,0.0,1.0,0.949033
0.9787410445547797,0.0,0.45456991313075495,0.2547965160599056,0.0,1.0,1.0,0.0,1.0,0.0,0.950791
0.9181295581803743,0.0,0.44534878798630384,0.8381840566050794,0.629278819612865,0.0,0.0,1.0,1.0,0.0,0.952548
0.9213394924409323,0.0,0.2779134951153586,0.6586869021049417,0.0,1.0,1.0,0.0,1.0,0.0,0.963093
0.9860159292957481,0.0,0.18527343603544136,0.6911224342979185,0.5597268509505413,0.0,1.0,0.0,1.0,0.0,0.961336
0.9683110625591619,0.0,0.2936554555437208,0.876282350655961,0.0,1.0,1.0,0.0,1.0,0.0,0.964851
0.9292685207150375,0.0,0.2600667605368463,0.7844663988278648,0.7551307793174113,0.0,1.0,0.0,0.0,1.0,0.922671
0.9795854022020483,0.0,0.4302020399004533,0.5404820398361201,0.4968756105135412,0.0,0.0,1.0,0.0,1.0,0.954306
0.9345012545312265,0.0,0.37865704927040617,0.8282262204941523,0.6722983046724641,0.0,1.0,0.0,0.0,1.0,0.938489
0.925747730384717,0.0,0.0,0.7315404336890092,0.7595934093520236,0.0,1.0,0.0,0.0,1.0,0.910369
0.9117968194447664,0.0,0.35270753559797496,0.22715446996743996,0.4968756105135412,0.0,0.0,1.0,1.0,0.0,0.956063
0.9264687572902698,0.0,0.21509674333769346,0.7568623921311005,0.9372409999426201,0.0,0.0,1.0,0.0,1.0,0.627417
0.9847996006976758,0.0,0.09263504753360365,0.6506401206513515,0.7215079593893076,0.0,1.0,0.0,0.0,1.0,0.945518
0.9839097421842465,0.0,0.4354440152799738,0.14378671059721196,0.6931453235140843,0.0,0.0,1.0,1.0,0.0,0.922671
0.9771466659473729,0.0,0.332104876118997,0.8013634482461658,0.5172175783381477,0.0,0.0,1.0,1.0,0.0,0.959578
0.9750124819827665,0.0,0.39352269130415707,0.6886960036526653,0.6471736927570897,0.0,0.0,1.0,0.0,1.0,0.949033
0.9270798995650741,0.0,0.44534878798630384,0.9004983267706702,0.6343853955593337,0.0,0.0,1.0,0.0,1.0,0.952548
0.9609873372183471,0.0,0.3428027996093033,0.5870876747564857,0.4968756105135412,0.0,0.0,1.0,0.0,1.0,0.961336
0.8763065166367929,0.0,0.3077371365407441,0.47031007412107995,0.0,1.0,1.0,0.0,1.0,0.0,0.959578
0.9860159292957481,0.0,0.4247460489524374,0.8445833306128854,0.7170387009010808,0.0,0.0,1.0,0.0,1.0,0.933216
0.998310685695191,0.0,0.2936554555437208,0.57566787759166,0.7564265288715093,0.0,0.0,1.0,0.0,1.0,0.627417
0.9314736593072561,0.0,0.14682475795220173,0.9802994135674538,0.725083332025431,0.0,0.0,1.0,1.0,0.0,0.943761
0.9966034879452439,0.0,0.4190578205014968,0.14420492369083798,0.5316506093771822,0.0,1.0,0.0,0.0,1.0,0.954306
0.9968548734162671,0.0,0.3619286289204309,0.5964885103364679,0.6071114949032003,0.0,0.0,1.0,1.0,0.0,0.956063
0.7230152285557212,0.0,0.4302020399004533,0.4195172683827183,0.7185731170412906,0.0,1.0,0.0,0.0,1.0,0.924429
0.979878118421958,0.0,0.2600667605368463,0.6863121668301091,0.7286685355994663,0.0,1.0,0.0,0.0,1.0,0.936731
0.9580507095430204,0.0,0.21509674333769346,0.8958096681614693,0.6235929678186829,0.0,1.0,0.0,0.0,1.0,0.959578
0.7460809734277561,0.0,0.0,0.4356779441861649,0.6905718632044969,0.0,0.0,1.0,0.0,1.0,0.927944
0.9997018339686357,0.0,0.332104876118997,0.04744682717891162,0.4621018657970029,0.0,1.0,0.0,1.0,0.0,0.956063
0.9223355267184926,0.0,0.2936554555437208,0.031726087928684844,0.4968756105135412,0.0,1.0,0.0,1.0,0.0,0.947276
0.926571051367865,0.0,0.3204755793213596,0.17833199908094952,0.5428458114345373,0.0,1.0,0.0,0.0,1.0,0.954306
0.9727048226621116,0.0,0.4404881331323368,0.42300345442193227,0.7538006760342643,0.0,0.0,1.0,0.0,1.0,0.627417
0.9925984014013725,0.0,0.2600667605368463,0.5065187717785565,0.65080212209609,0.0,1.0,0.0,1.0,0.0,0.950791
0.964384164313937,0.0,0.21509674333769346,0.9628727493195144,0.5428458114345373,0.0,1.0,0.0,1.0,0.0,0.964851
0.925851270865755,0.0,0.3077371365407441,0.023023659444275108,0.582403374566274,0.0,1.0,0.0,1.0,0.0,0.943761
0.9981268092006214,0.0,0.4404881331323368,0.7978374288405937,0.6889619451580057,0.0,1.0,0.0,1.0,0.0,0.938489
0.9116656529339011,0.0,0.14682475795220173,0.03649814137678406,0.5664262353496466,0.0,1.0,0.0,1.0,0.0,0.950791
0.9010563316269675,0.0,0.2936554555437208,0.15778577376408243,0.4621018657970029,0.0,1.0,0.0,1.0,0.0,0.961336
0.9207788474755759,0.0,0.14682475795220173,0.6251205169346776,0.6123975650806347,0.0,1.0,0.0,0.0,1.0,0.961336
0.9636215385315764,0.0,0.37055438950780784,0.7631581716108686,0.0,1.0,0.0,1.0,1.0,0.0,0.959578
0.974375309891991,0.0,0.3077371365407441,0.2718700847401377,0.7096669815728862,0.0,0.0,1.0,0.0,1.0,0.924429
0.9663538367615485,0.0,0.23946426016579858,0.1908992531723676,0.6171793996202338,0.0,1.0,0.0,1.0,0.0,0.949033
0.9604693310774243,0.0,0.4354440152799738,0.3368064394133624,0.5172175783381477,0.0,0.0,1.0,1.0,0.0,0.956063
0.9091169073104861,0.0,0.4302020399004533,0.35013920162218704,0.0,1.0,1.0,0.0,1.0,0.0,0.952548
0.9227729109741019,0.0,0.0,0.5435548934063544,0.5723355205267837,0.0,1.0,0.0,1.0,0.0,0.952548
0.9476852071873648,0.0,0.4068991552651424,0.544925472552,0.4968756105135412,0.0,0.0,1.0,0.0,1.0,0.954306
0.8650793847206498,0.0,0.2936554555437208,0.13819711899320963,0.6042437863446257,0.0,0.0,1.0,0.0,1.0,0.949033
0.9248076653039027,0.0,0.0,0.1697767681589815,0.629278819612865,0.0,0.0,1.0,0.0,1.0,0.952548
0.8898648233083332,0.0,0.4131167015290358,0.07598911824758053,0.5172175783381477,0.0,0.0,1.0,1.0,0.0,0.945518
0.9498664141069014,0.0,0.23946426016579858,0.16084897225642372,0.0,1.0,1.0,0.0,0.0,1.0,0.954306
0.9808298826874613,0.0,0.21509674333769346,0.9189398089028373,0.5723355205267837,0.0,0.0,1.0,1.0,0.0,0.957821
0.9772775438820825,0.0,0.3077371365407441,0.03344913702241857,0.0,1.0,1.0,0.0,0.0,1.0,0.949033
0.9671857943301055,0.0,0.4247460489524374,0.6391684450216683,0.4621018657970029,0.0,0.0,1.0,0.0,1.0,0.957821
0.9304292208005747,0.0,0.44534878798630384,0.9943203210337341,0.5867688302856895,0.0,0.0,1.0,1.0,0.0,0.956063
0.9228817563673393,0.0,0.3077371365407441,0.8878108833974248,0.7684955292368811,0.0,1.0,0.0,1.0,0.0,0.922671
0.9718516511079562,0.0,0.3862964427496404,0.9153078297438807,0.0,1.0,0.0,1.0,0.0,1.0,0.957821
0.9560922117959724,0.0,0.44534878798630384,0.2354465532175897,0.640474236685525,0.0,0.0,1.0,1.0,0.0,0.949033
0.9260578127099485,0.0,0.4354440152799738,0.46090146428020073,0.7705749082356248,0.0,1.0,0.0,0.0,1.0,0.627417
0.9624589478539177,0.0,0.35270753559797496,0.657905568395649,0.0,1.0,1.0,0.0,1.0,0.0,0.961336
0.9195265066869409,0.0,0.2936554555437208,0.014248635801033652,0.7656212315344497,0.0,0.0,1.0,1.0,0.0,0.627417
0.8587162582246799,0.0,0.2600667605368463,0.7004136993656653,0.0,1.0,1.0,0.0,0.0,1.0,0.963093
0.9238525048708482,0.0,0.18527343603544136,0.24025748076415426,0.5979641995764539,0.0,1.0,0.0,1.0,0.0,0.956063
0.9944226982168778,0.0,0.0,0.8047722502377166,0.4968756105135412,0.0,1.0,0.0,1.0,0.0,0.961336
0.9730333347231089,0.0,0.3862964427496404,0.3591651895365297,0.4621018657970029,0.0,1.0,0.0,1.0,0.0,0.961336
0.992800156252771,0.0,0.18527343603544136,0.17273585791243584,0.0,1.0,1.0,0.0,1.0,0.0,0.957821
0.9753735392198383,0.0,0.18527343603544136,0.8725713033753939,0.0,1.0,1.0,0.0,0.0,1.0,0.963093
0.980376590592077,0.0,0.3428027996093033,0.1936059474363399,0.7217922179370707,0.0,1.0,0.0,1.0,0.0,0.627417
0.9504165590208512,0.0,0.09263504753360365,0.2540303466995838,0.4968756105135412,0.0,1.0,0.0,0.0,1.0,0.957821
0.9888087732066306,0.0,0.4247460489524374,0.3163630338773612,0.6194096025507606,0.0,0.0,1.0,0.0,1.0,0.950791
0.9812797466216772,0.0,0.4302020399004533,0.568146996831445,0.0,1.0,0.0,1.0,1.0,0.0,0.956063
0.993134901077333,0.0,0.3204755793213596,0.9510825103692212,0.7245495876170398,0.0,0.0,1.0,1.0,0.0,0.933216
0.9930012291146771,0.0,0.23946426016579858,0.2037917076937438,0.0,1.0,0.0,1.0,1.0,0.0,0.954306
0.924490979598659,0.0,0.14682475795220173,0.7105759990038293,0.6432622532743826,0.0,1.0,0.0,1.0,0.0,0.954306
0.9789532602541698,0.0,0.37055438950780784,0.5351008629186056,0.0,1.0,0.0,1.0,1.0,0.0,0.956063
0.9766202554560894,0.0,0.35270753559797496,0.16911748964726375,0.0,1.0,1.0,0.0,0.0,1.0,0.952548
0.9598300245282756,0.0,0.4404881331323368,0.049305561223398055,0.0,1.0,0.0,1.0,0.0,1.0,0.945518
0.9781427809170233,0.0,0.14682475795220173,0.6722963378956853,0.4621018657970029,0.0,0.0,1.0,0.0,1.0,0.961336
0.9880137140086069,0.0,0.3862964427496404,0.016194752398296496,0.0,1.0,1.0,0.0,0.0,1.0,0.947276
0.961387135143766,0.0,0.09263504753360365,0.3968638190560587,0.5776215628315883,0.0,0.0,1.0,0.0,1.0,0.957821
0.8774844556858336,0.0,0.21509674333769346,0.008724764525030527,0.0,1.0,1.0,0.0,1.0,0.0,0.942004
0.9314736593072561,0.0,0.2936554555437208,0.9148319958494734,0.7653840135226259,0.0,1.0,0.0,1.0,0.0,0.919156
0.8942459917609283,0.0,0.4404881331323368,0.3752308482255132,0.629278819612865,0.0,1.0,0.0,0.0,1.0,0.947276
0.906454046293243,0.0,0.3428027996093033,0.5176456441526571,0.6012021748853413,0.0,0.0,1.0,1.0,0.0,0.956063
0.8984905868160857,0.0,0.450038858504704,0.38352172261185397,0.0,1.0,0.0,1.0,0.0,1.0,0.950791
0.9866148921709387,0.0,0.4003781979975792,0.34099371244461285,0.5316506093771822,0.0,0.0,1.0,1.0,0.0,0.956063
0.9421303345657474,0.0,0.21509674333769346,0.7426311302548367,0.7327034065973509,0.0,0.0,1.0,1.0,0.0,0.938489
0.9982800790577107,0.0,0.4354440152799738,0.215530234188404,0.0,1.0,1.0,0.0,1.0,0.0,0.950791
0.9311906262962356,0.0,0.37055438950780784,0.9703183736509965,0.6787118911150013,0.0,0.0,1.0,1.0,0.0,0.950791
0.8321493422002165,0.0,0.44534878798630384,0.8223517065356933,0.5664262353496466,0.0,0.0,1.0,1.0,0.0,0.954306
0.9446717849174576,0.0,0.45456991313075495,0.05160209139641642,0.5519929952717247,0.0,1.0,0.0,1.0,0.0,0.949033
0.9097982891946921,0.0,0.45456991313075495,0.9802197612703244,0.5428458114345373,0.0,1.0,0.0,1.0,0.0,0.934974
0.9750577341699365,0.0,0.37055438950780784,0.05799411687800978,0.0,1.0,1.0,0.0,1.0,0.0,0.947276
0.9372115010788435,0.0,0.4190578205014968,0.9131097020627879,0.5597268509505413,0.0,1.0,0.0,1.0,0.0,0.950791
0.9741920000485897,0.0,0.4302020399004533,0.5091984365742009,0.0,1.0,1.0,0.0,0.0,1.0,0.957821
0.9950401284914578,0.0,0.4068991552651424,0.9230861994266829,0.0,1.0,0.0,1.0,1.0,0.0,0.957821
0.9624030155544527,0.0,0.332104876118997,0.34820431847102973,0.0,1.0,0.0,1.0,0.0,1.0,0.956063
0.9184818829415748,0.0,0.0,0.4239398984896112,0.0,1.0,1.0,0.0,0.0,1.0,0.954306
0.816191942148321,0.0,0.0,0.6390249499538889,0.7574116954383656,0.0,1.0,0.0,1.0,0.0,0.627417
0.9896287633906803,0.0,0.3862964427496404,0.832868695709521,0.7548382332216758,0.0,0.0,1.0,1.0,0.0,0.919156
0.9325925134658519,0.0,0.4404881331323368,0.35583993814849296,0.6418876086432301,0.0,0.0,1.0,1.0,0.0,0.947276
0.8687024793942526,0.0,0.4247460489524374,0.19438657193932307,0.7223559485837033,0.0,0.0,1.0,1.0,0.0,0.627417
0.8630330512013746,0.0,0.23946426016579858,0.9325993231341498,0.6658155651673044,0.0,1.0,0.0,1.0,0.0,0.947276
0.9022988621549164,0.0,0.3204755793213596,0.35823514997901823,0.0,1.0,0.0,1.0,1.0,0.0,0.956063
0.9885569506432579,0.0,0.2600667605368463,0.9722844113552451,0.0,1.0,1.0,0.0,0.0,1.0,0.963093
0.9713723254128112,0.0,0.4302020399004533,0.964165890400469,0.5316506093771822,0.0,1.0,0.0,1.0,0.0,0.947276
0.9946834504083699,0.0,0.0,0.5242907564019786,0.0,1.0,0.0,1.0,1.0,0.0,0.957821
0.9239593943713132,0.0,0.23946426016579858,0.08655317115308139,0.0,1.0,1.0,0.0,0.0,1.0,0.952548
0.9863909872718417,0.0,0.2779134951153586,0.63910547024876,0.6194096025507606,0.0,1.0,0.0,1.0,0.0,0.957821
0.9583509827484723,0.0,0.4404881331323368,0.07221116179875928,0.6787118911150013,0.0,1.0,0.0,0.0,1.0,0.920914
0.8478710488280817,0.0,0.45456991313075495,0.259246280875195,0.0,1.0,1.0,0.0,0.0,1.0,0.954306
0.9050031454082614,0.0,0.4404881331323368,0.31135693815599474,0.7039377803864585,0.0,1.0,0.0,0.0,1.0,0.931459
0.9739620654867027,0.0,0.3619286289204309,0.8573015692794289,0.6215448743437675,0.0,0.0,1.0,1.0,0.0,0.954306
0.8602941748871296,0.0,0.2936554555437208,0.8215467438696146,0.6194096025507606,0.0,0.0,1.0,1.0,0.0,0.954306
0.9130928181755793,0.0,0.0,0.8482401049841783,0.0,1.0,1.0,0.0,1.0,0.0,0.959578
0.9350355454836854,0.0,0.450038858504704,0.4948612114520719,0.4968756105135412,0.0,0.0,1.0,0.0,1.0,0.954306
0.9696140497146558,0.0,0.3428027996093033,0.8065290494958178,0.4621018657970029,0.0,1.0,0.0,1.0,0.0,0.964851
0.9998511038053256,0.0,0.4354440152799738,0.1231075652097401,0.0,1.0,1.0,0.0,1.0,0.0,0.949033
0.9987982621844504,0.0,0.35270753559797496,0.19695667460468474,0.6071114949032003,0.0,0.0,1.0,0.0,1.0,0.952548
0.905587759323528,0.0,0.37055438950780784,0.6227823002853156,0.4621018657970029,0.0,1.0,0.0,1.0,0.0,0.961336
0.9774516010577453,0.0,0.18527343603544136,0.10886143933780114,0.4621018657970029,0.0,1.0,0.0,1.0,0.0,0.956063
0.9883402509570428,0.0,0.37865704927040617,0.9935488195874952,0.7792194607115388,0.0,0.0,1.0,0.0,1.0,0.627417
0.8867538408145155,0.0,0.4302020399004533,0.038848328152738205,0.582403374566274,0.0,1.0,0.0,1.0,0.0,0.942004
0.9828875201070719,0.0,0.3077371365407441,0.41998832270157316,0.7383077640162379,0.0,1.0,0.0,1.0,0.0,0.627417
0.9812797466216772,0.0,0.4068991552651424,0.6793972080991381,0.5723355205267837,0.0,1.0,0.0,1.0,0.0,0.957821
0.912058287947598,0.0,0.4003781979975792,0.5481087378565298,0.7039377803864585,0.0,1.0,0.0,1.0,0.0,0.931459
0.9752834801607146,0.0,0.18527343603544136,0.6314218368850145,0.0,1.0,0.0,1.0,1.0,0.0,0.959578
0.905587759323528,0.0,0.3077371365407441,0.5464672600613717,0.7349336184516236,0.0,1.0,0.0,1.0,0.0,0.927944
0.9030624668184896,0.0,0.3077371365407441,0.7503019308493832,0.5172175783381477,0.0,1.0,0.0,1.0,0.0,0.963093
0.9317553519835012,0.0,0.21509674333769346,0.04358469567111852,0.5519929952717247,0.0,1.0,0.0,0.0,1.0,0.949033
0.9216733604300166,0.0,0.4003781979975792,0.5928166975783216,0.5428458114345373,0.0,0.0,1.0,1.0,0.0,0.956063
0.9765761769084751,0.0,0.2936554555437208,0.9202251831735201,0.5316506093771822,0.0,0.0,1.0,0.0,1.0,0.957821
0.9293661154734879,0.0,0.39352269130415707,0.8824416838242947,0.7197677329552774,0.0,1.0,0.0,0.0,1.0,0.931459
0.8662178687213542,0.0,0.3077371365407441,0.3591484365747373,0.7635681995714908,0.0,0.0,1.0,1.0,0.0,0.627417
0.9391454266677878,0.0,0.2600667605368463,0.3418647020784503,0.6418876086432301,0.0,1.0,0.0,1.0,0.0,0.950791
0.9068825042374543,0.0,0.4404881331323368,0.47438072741808607,0.5597268509505413,0.0,1.0,0.0,0.0,1.0,0.956063
0.9813204751392688,0.0,0.2936554555437208,0.4318683828871396,0.5428458114345373,0.0,0.0,1.0,1.0,0.0,0.957821
0.9627934416844439,0.0,0.0,0.28937539219126407,0.7602561866869948,0.0,0.0,1.0,0.0,1.0,0.627417
0.8951194874015312,0.0,0.4003781979975792,0.7957954788198319,0.5597268509505413,0.0,1.0,0.0,1.0,0.0,0.957821
0.9540670291234555,0.0,0.3619286289204309,0.10511143809738895,0.7313160876612617,0.0,1.0,0.0,0.0,1.0,0.627417
0.9353009020256567,0.0,0.3619286289204309,0.4864127640431503,0.7043407663891382,0.0,1.0,0.0,1.0,0.0,0.933216
0.9291707655707426,0.0,0.37055438950780784,0.46317628868885596,0.6941388505981144,0.0,1.0,0.0,1.0,0.0,0.938489
0.9933681066342345,0.0,0.18527343603544136,0.58931285449061,0.6071114949032003,0.0,1.0,0.0,1.0,0.0,0.961336
0.9777549809368646,0.0,0.09263504753360365,0.29626758390955943,0.0,1.0,0.0,1.0,1.0,0.0,0.957821
0.9916819393623052,0.0,0.2779134951153586,0.44537775469671637,0.582403374566274,0.0,0.0,1.0,1.0,0.0,0.956063
0.9936996793900615,0.0,0.09263504753360365,0.507277493541295,0.7551307793174113,0.0,0.0,1.0,0.0,1.0,0.627417
0.739339755212309,0.0,0.4302020399004533,0.2874046130959133,0.6715323134380659,0.0,1.0,0.0,0.0,1.0,0.936731
0.9868750537764193,0.0,0.37055438950780784,0.7004305210129026,0.6123975650806347,0.0,1.0,0.0,0.0,1.0,0.957821
0.9448975308968128,0.0,0.3428027996093033,0.6755319652571636,0.7157764583184444,0.0,1.0,0.0,0.0,1.0,0.933216
0.9875755241962021,0.0,0.4247460489524374,0.7864534561405349,0.0,1.0,1.0,0.0,1.0,0.0,0.952548
0.8984905868160857,0.0,0.45456991313075495,0.1622173301846696,0.6418876086432301,0.0,1.0,0.0,0.0,1.0,0.952548
0.9165782328123081,0.0,0.3077371365407441,0.9907037111159194,0.6359782712048561,0.0,1.0,0.0,0.0,1.0,0.952548
0.7756109428833841,0.0,0.4354440152799738,0.23062735058846953,0.0,1.0,1.0,0.0,1.0,0.0,0.950791
0.9803352104181973,0.0,0.2936554555437208,0.24374227470076634,0.0,1.0,0.0,1.0,0.0,1.0,0.952548
0.965933453411633,0.0,0.3204755793213596,0.5242830186957078,0.5979641995764539,0.0,1.0,0.0,1.0,0.0,0.956063
0.8467084587996538,0.0,0.332104876118997,0.7116456732743539,0.640474236685525,0.0,0.0,1.0,0.0,1.0,0.949033
0.927584431780619,0.0,0.23946426016579858,0.2850719173592318,0.5776215628315883,0.0,0.0,1.0,0.0,1.0,0.956063
0.9990405598663615,0.0,0.4404881331323368,0.27052992579541846,0.5723355205267837,0.0,0.0,1.0,0.0,1.0,0.950791
0.9861662363825051,0.0,0.332104876118997,0.23018237019536256,0.5172175783381477,0.0,1.0,0.0,1.0,0.0,0.956063
0.9493111335775221,0.0,0.332104876118997,0.9499902220566546,0.4968756105135412,0.0,1.0,0.0,1.0,0.0,0.964851
0.9115341965521219,0.0,0.2936554555437208,0.24462269193562064,0.5597268509505413,0.0,0.0,1.0,0.0,1.0,0.956063
0.7657913619437537,0.0,0.3619286289204309,0.0035207581005855734,0.0,1.0,1.0,0.0,0.0,1.0,0.950791
0.9858652414433476,0.0,0.3204755793213596,0.351565417839867,0.746390150903051,0.0,1.0,0.0,0.0,1.0,0.627417
0.9912355926923605,0.0,0.4247460489524374,0.6446999299044791,0.0,1.0,0.0,1.0,1.0,0.0,0.957821
0.9745580565706669,0.0,0.37055438950780784,0.5144042702642795,0.7340533940166577,0.0,1.0,0.0,1.0,0.0,0.917399
0.9812389901982834,0.0,0.37865704927040617,0.48336705798707313,0.5316506093771822,0.0,1.0,0.0,0.0,1.0,0.959578
0.841816610979381,0.0,0.37865704927040617,0.3724595572808343,0.0,1.0,1.0,0.0,1.0,0.0,0.959578
0.9828081551883963,0.0,0.450038858504704,0.8949306246354879,0.6171793996202338,0.0,1.0,0.0,1.0,0.0,0.942004
0.9846072823993874,0.0,0.4404881331323368,0.108712068987019,0.6593626466810102,0.0,0.0,1.0,0.0,1.0,0.933216
0.9624589478539177,0.0,0.37865704927040617,0.4778462549713305,0.5597268509505413,0.0,1.0,0.0,1.0,0.0,0.959578
0.8689722484494373,0.0,0.18527343603544136,0.02230532053144283,0.5316506093771822,0.0,1.0,0.0,0.0,1.0,0.949033
0.8784102950538286,0.0,0.45456991313075495,0.9246452493342907,0.742040438438738,0.0,1.0,0.0,0.0,1.0,0.922671
0.986465715922317,0.0,0.14682475795220173,0.23548279142484208,0.6867317347910289,0.0,0.0,1.0,1.0,0.0,0.945518
0.9473978443361905,0.0,0.37865704927040617,0.9477696908136587,0.7678205659184071,0.0,0.0,1.0,0.0,1.0,0.920914
0.9809938634876342,0.0,0.4003781979975792,0.3766466039993688,0.0,1.0,0.0,1.0,0.0,1.0,0.952548
0.9802938014380702,0.0,0.332104876118997,0.29693319661617684,0.4968756105135412,0.0,0.0,1.0,1.0,0.0,0.959578
0.8590352078885523,0.0,0.2779134951153586,0.3143473838622321,0.6327402854436681,0.0,0.0,1.0,1.0,0.0,0.949033
0.9024523693016337,0.0,0.4247460489524374,0.12805152062813202,0.6171793996202338,0.0,0.0,1.0,0.0,1.0,0.952548
0.6636192746289198,0.0,0.09263504753360365,0.9761824795528335,0.5316506093771822,0.0,1.0,0.0,1.0,0.0,0.957821
0.8841005990973861,0.0,0.4190578205014968,0.6829471854531284,0.6215448743437675,0.0,0.0,1.0,0.0,1.0,0.949033
0.9281842754354194,0.0,0.39352269130415707,0.6264158806300224,0.0,1.0,1.0,0.0,1.0,0.0,0.957821
0.9636763372422334,0.0,0.14682475795220173,0.932849845024428,0.0,1.0,1.0,0.0,1.0,0.0,0.963093
0.9283828866107877,0.0,0.3619286289204309,0.6029120684903422,0.6255607232040483,0.0,1.0,0.0,0.0,1.0,0.945518
0.8755883914832242,0.0,0.14682475795220173,0.07342506828321474,0.707828992484961,0.0,1.0,0.0,1.0,0.0,0.627417
0.992057018840144,0.0,0.09263504753360365,0.6902197885908335,0.7618120172426669,0.0,1.0,0.0,0.0,1.0,0.627417
0.9355650800744664,0.0,0.4247460489524374,0.5496765033648611,0.5776215628315883,0.0,1.0,0.0,0.0,1.0,0.959578
0.857095341330691,0.0,0.4131167015290358,0.07413963671443713,0.648412555799236,0.0,1.0,0.0,0.0,1.0,0.936731
0.9760001634954218,0.0,0.4302020399004533,0.3714579698428836,0.5316506093771822,0.0,0.0,1.0,0.0,1.0,0.954306
0.9904725221926656,0.0,0.37865704927040617,0.2914530162673126,0.6255607232040483,0.0,0.0,1.0,1.0,0.0,0.952548
0.9458659830023387,0.0,0.0,0.7925371137825128,0.4968756105135412,0.0,0.0,1.0,0.0,1.0,0.954306
0.9430671097353366,0.0,0.4003781979975792,0.5203871335310679,0.0,1.0,1.0,0.0,1.0,0.0,0.956063
0.902910528073052,0.0,0.450038858504704,0.6106073928150976,0.0,1.0,1.0,0.0,0.0,1.0,0.954306
0.9576277641659062,0.0,0.2936554555437208,0.2008519916592148,0.0,1.0,1.0,0.0,0.0,1.0,0.956063
0.992023018268603,0.0,0.2600667605368463,0.012916306065565451,0.7253480899032547,0.0,0.0,1.0,0.0,1.0,0.627417
0.9741001328533443,0.0,0.3428027996093033,0.35187109670257055,0.6343853955593337,0.0,0.0,1.0,0.0,1.0,0.954306
0.9480424694898069,0.0,0.2936554555437208,0.5714729136533738,0.5597268509505413,0.0,1.0,0.0,1.0,0.0,0.959578
0.7988611932139643,0.0,0.3077371365407441,0.33188150287790863,0.5723355205267837,0.0,1.0,0.0,0.0,1.0,0.956063
0.9937987918790638,0.0,0.2936554555437208,0.642238291100797,0.5428458114345373,0.0,0.0,1.0,0.0,1.0,0.959578
0.8790953388499195,0.0,0.3077371365407441,0.5506602500498563,0.5597268509505413,0.0,0.0,1.0,1.0,0.0,0.959578
0.9197561748881145,0.0,0.4068991552651424,0.6825745026595404,0.7237381709956976,0.0,1.0,0.0,1.0,0.0,0.931459
0.9835578805075829,0.0,0.4068991552651424,0.9192096600411263,0.0,1.0,0.0,1.0,1.0,0.0,0.956063
0.9995222143091593,0.0,0.3862964427496404,0.9989832067689791,0.6171793996202338,0.0,0.0,1.0,0.0,1.0,0.956063
0.9942918922303102,0.0,0.18527343603544136,0.9864265863484016,0.0,1.0,1.0,0.0,1.0,0.0,0.961336
0.9133486636835372,0.0,0.4190578205014968,0.5547089370434788,0.0,1.0,1.0,0.0,1.0,0.0,0.959578
0.9567111975635098,0.0,0.14682475795220173,0.5011910526254398,0.0,1.0,1.0,0.0,0.0,1.0,0.961336
0.9849530089009665,0.0,0.35270753559797496,0.21322458747793863,0.4968756105135412,0.0,0.0,1.0,1.0,0.0,0.957821
0.9410985649774041,0.0,0.44534878798630384,0.6142862310463874,0.0,1.0,1.0,0.0,1.0,0.0,0.956063
0.9506897351375319,0.0,0.4247460489524374,0.17412543195932184,0.7531980079729399,0.0,1.0,0.0,0.0,1.0,0.627417
0.8919129874973303,0.0,0.14682475795220173,0.3875896098645519,0.4968756105135412,0.0,0.0,1.0,1.0,0.0,0.963093
0.892821157558068,0.0,0.23946426016579858,0.7048862621602879,0.5316506093771822,0.0,0.0,1.0,1.0,0.0,0.963093
0.8290718999108968,0.0,0.09263504753360365,0.4240409915882716,0.4968756105135412,0.0,1.0,0.0,0.0,1.0,0.959578
0.9292685207150375,0.0,0.3428027996093033,0.020369943776420357,0.65080212209609,0.0,1.0,0.0,0.0,1.0,0.926186
0.9218949025505887,0.0,0.14682475795220173,0.2319666666813048,0.669964328030236,0.0,1.0,0.0,0.0,1.0,0.943761
0.9601795886833369,0.0,0.3862964427496404,0.3057676829942492,0.5664262353496466,0.0,1.0,0.0,0.0,1.0,0.954306
0.9877950225929903,0.0,0.450038858504704,0.9930887409697083,0.6148454302177193,0.0,0.0,1.0,1.0,0.0,0.952548
0.9217842346291328,0.0,0.2600667605368463,0.08346144980788495,0.4621018657970029,0.0,1.0,0.0,0.0,1.0,0.954306
0.9999107070154342,0.0,0.4190578205014968,0.6530894545160064,0.6343853955593337,0.0,0.0,1.0,1.0,0.0,0.954306
0.9277850525160196,0.0,0.332104876118997,0.8091742414165285,0.0,1.0,0.0,1.0,0.0,1.0,0.959578
0.982249615895005,0.0,0.3428027996093033,0.0701471968127233,0.0,1.0,0.0,1.0,1.0,0.0,0.949033
0.8670576564158964,0.0,0.3862964427496404,0.6800347910911019,0.0,1.0,0.0,1.0,1.0,0.0,0.957821
0.9361769707758926,0.0,0.44534878798630384,0.42510388532492926,0.7753762524747886,0.0,1.0,0.0,0.0,1.0,0.627417
0.9968548734162671,0.0,0.09263504753360365,0.12235417553291977,0.6375221275849534,0.0,0.0,1.0,0.0,1.0,0.949033
0.8994657559580603,0.0,0.45456991313075495,0.21523657946932012,0.7051371559370384,0.0,1.0,0.0,1.0,0.0,0.927944
0.948961432425146,0.0,0.4190578205014968,0.5181695832363279,0.5316506093771822,0.0,1.0,0.0,1.0,0.0,0.957821
0.9082888105786376,0.0,0.18527343603544136,0.09763319097414484,0.6432622532743826,0.0,0.0,1.0,0.0,1.0,0.943761
0.9264687572902698,0.0,0.44534878798630384,0.2235871179901835,0.7286685355994663,0.0,1.0,0.0,0.0,1.0,0.627417
0.9922944802265514,0.0,0.4003781979975792,0.743514952425042,0.5172175783381477,0.0,1.0,0.0,1.0,0.0,0.963093
0.9680062762564229,0.0,0.2779134951153586,0.16276105463426363,0.5723355205267837,0.0,0.0,1.0,1.0,0.0,0.954306
0.6905048494899834,0.0,0.18527343603544136,0.9168873702655778,0.7719495563436575,0.0,0.0,1.0,0.0,1.0,0.627417
0.9692161619654482,0.0,0.332104876118997,0.28674500210008197,0.0,1.0,0.0,1.0,1.0,0.0,0.956063
0.8723722581396509,0.0,0.37865704927040617,0.13668484363991362,0.761556039569553,0.0,1.0,0.0,1.0,0.0,0.627417
0.8533657801728181,0.0,0.3204755793213596,0.9946159357326985,0.6215448743437675,0.0,0.0,1.0,1.0,0.0,0.956063
0.9727518641805674,0.0,0.23946426016579858,0.14345410028845912,0.4968756105135412,0.0,0.0,1.0,0.0,1.0,0.954306
0.9234230157057063,0.0,0.4003781979975792,0.25541763899274766,0.4621018657970029,0.0,1.0,0.0,0.0,1.0,0.954306
0.9784853822811402,0.0,0.3619286289204309,0.6226671285333573,0.7690511441819077,0.0,1.0,0.0,0.0,1.0,0.627417
0.8501302050540445,0.0,0.35270753559797496,0.6967058840262639,0.5316506093771822,0.0,1.0,0.0,0.0,1.0,0.963093
0.9730333347231089,0.0,0.4190578205014968,0.4241437573521111,0.0,1.0,0.0,1.0,1.0,0.0,0.954306
0.9579904725802345,0.0,0.4354440152799738,0.8065588159044514,0.7291604170226743,0.0,1.0,0.0,0.0,1.0,0.927944
0.9886290087963322,0.0,0.3077371365407441,0.7235278866903714,0.4621018657970029,0.0,1.0,0.0,0.0,1.0,0.964851
0.9430671097353366,0.0,0.0,0.7528555057015082,0.5316506093771822,0.0,1.0,0.0,0.0,1.0,0.963093
0.9755083726675136,0.0,0.450038858504704,0.9893117847672119,0.4621018657970029,0.0,1.0,0.0,1.0,0.0,0.938489
0.8804422034669073,0.0,0.39352269130415707,0.9961497978731981,0.6171793996202338,0.0,1.0,0.0,1.0,0.0,0.952548
0.993467772669898,0.0,0.4302020399004533,0.9591186697935715,0.5597268509505413,0.0,0.0,1.0,1.0,0.0,0.957821
0.8174851221444325,0.0,0.4190578205014968,0.3429427080097089,0.5867688302856895,0.0,1.0,0.0,1.0,0.0,0.952548
0.9637857834483057,0.0,0.4354440152799738,0.8489670959345935,0.4621018657970029,0.0,0.0,1.0,0.0,1.0,0.957821
0.85301484129887,0.0,0.4003781979975792,0.7868727630789548,0.0,1.0,1.0,0.0,1.0,0.0,0.957821
0.9820488597217403,0.0,0.3204755793213596,0.18040024212238276,0.4621018657970029,0.0,1.0,0.0,0.0,1.0,0.956063
0.9945532171906435,0.0,0.39352269130415707,0.07809726054683154,0.0,1.0,1.0,0.0,1.0,0.0,0.950791
0.9531588588844442,0.0,0.4247460489524374,0.06438321985218294,0.6148454302177193,0.0,1.0,0.0,1.0,0.0,0.950791
0.9792912384217529,0.0,0.450038858504704,0.9326706789281785,0.5907846630655456,0.0,1.0,0.0,0.0,1.0,0.942004
0.9833614986924885,0.0,0.45456991313075495,0.1351596139791085,0.5723355205267837,0.0,0.0,1.0,1.0,0.0,0.949033
0.913603413490266,0.0,0.35270753559797496,0.7958894391097922,0.6432622532743826,0.0,1.0,0.0,0.0,1.0,0.945518
0.9932349582890768,0.0,0.4404881331323368,0.1266993510440492,0.4621018657970029,0.0,0.0,1.0,0.0,1.0,0.950791
0.9081496666841333,0.0,0.39352269130415707,0.5165564436582393,0.5172175783381477,0.0,1.0,0.0,0.0,1.0,0.957821
0.9893448296862245,0.0,0.4190578205014968,0.6432463019083073,0.6649429963802806,0.0,0.0,1.0,1.0,0.0,0.954306
0.9528311225449795,0.0,0.4247460489524374,0.04269634421977477,0.7197677329552774,0.0,0.0,1.0,1.0,0.0,0.627417
0.8788678663778972,0.0,0.2936554555437208,0.09618303566743876,0.0,1.0,1.0,0.0,1.0,0.0,0.945518
0.9631813219345216,0.0,0.4068991552651424,0.8215475909124763,0.725083332025431,0.0,1.0,0.0,0.0,1.0,0.929701
0.9910975787134141,0.0,0.23946426016579858,0.44452042717970586,0.5597268509505413,0.0,0.0,1.0,1.0,0.0,0.956063
0.7743035524325647,0.0,0.2936554555437208,0.008206786639374361,0.7587863434594759,0.0,0.0,1.0,1.0,0.0,0.627417
0.8099972699652115,0.0,0.37055438950780784,0.6622346372866525,0.4968756105135412,0.0,1.0,0.0,1.0,0.0,0.956063
0.9618407807820922,0.0,0.3428027996093033,0.6688591469296865,0.5172175783381477,0.0,0.0,1.0,1.0,0.0,0.957821
0.9457920439073028,0.0,0.35270753559797496,0.8442519952922316,0.5867688302856895,0.0,1.0,0.0,0.0,1.0,0.963093
0.9873184148202254,0.0,0.2936554555437208,0.7618507285907163,0.5316506093771822,0.0,1.0,0.0,1.0,0.0,0.964851
0.9536795098686478,0.0,0.37865704927040617,0.8007811120997836,0.6375221275849534,0.0,1.0,0.0,0.0,1.0,0.945518
0.9783999167529058,0.0,0.09263504753360365,0.25713517997956276,0.629278819612865,0.0,0.0,1.0,1.0,0.0,0.950791
0.9641129189909132,0.0,0.4131167015290358,0.5881203988194634,0.0,1.0,0.0,1.0,0.0,1.0,0.956063
0.9825295411066157,0.0,0.3077371365407441,0.6417983645593527,0.6872986501020567,0.0,0.0,1.0,1.0,0.0,0.950791
0.8841005990973861,0.0,0.4068991552651424,0.6473566644722085,0.5776215628315883,0.0,0.0,1.0,0.0,1.0,0.952548
0.9491015596859078,0.0,0.09263504753360365,0.9390160802649398,0.4968756105135412,0.0,1.0,0.0,0.0,1.0,0.966608
0.9520371085965368,0.0,0.09263504753360365,0.9744419685238292,0.7458666173479873,0.0,1.0,0.0,0.0,1.0,0.950791
0.9949754368064989,0.0,0.4003781979975792,0.6742385177692808,0.6375221275849534,0.0,0.0,1.0,0.0,1.0,0.954306
0.9906119923578605,0.0,0.0,0.2063479035358331,0.5172175783381477,0.0,1.0,0.0,1.0,0.0,0.950791
0.9811982058308215,0.0,0.23946426016579858,0.6369807405312776,0.0,1.0,0.0,1.0,1.0,0.0,0.959578
0.9720898732802827,0.0,0.21509674333769346,0.8409015200481245,0.0,1.0,0.0,1.0,0.0,1.0,0.961336
0.9348579811941823,0.0,0.37865704927040617,0.8810341928883857,0.4968756105135412,0.0,0.0,1.0,1.0,0.0,0.961336
0.98969953555626,0.0,0.450038858504704,0.9878024884995156,0.6593626466810102,0.0,1.0,0.0,1.0,0.0,0.929701
0.9980653905078952,0.0,0.4404881331323368,0.14855997174496008,0.0,1.0,0.0,1.0,0.0,1.0,0.949033
0.9872815940217675,0.0,0.4190578205014968,0.2176246545329985,0.0,1.0,1.0,0.0,1.0,0.0,0.952548
0.9687150301330861,0.0,0.3077371365407441,0.8695202673288884,0.0,1.0,0.0,1.0,1.0,0.0,0.961336
0.9954268080663569,0.0,0.3428027996093033,0.02630662714185603,0.6715323134380659,0.0,0.0,1.0,0.0,1.0,0.627417
0.9692161619654482,0.0,0.4302020399004533,0.3534110632327733,0.6573555219348104,0.0,1.0,0.0,1.0,0.0,0.952548
0.9906468088635135,0.0,0.2779134951153586,0.17216100964357461,0.6123975650806347,0.0,0.0,1.0,1.0,0.0,0.945518
0.9862412477391552,0.0,0.4003781979975792,0.4988387040042496,0.0,1.0,0.0,1.0,0.0,1.0,0.956063
0.8426603692328053,0.0,0.2779134951153586,0.5113296453080945,0.0,1.0,1.0,0.0,0.0,1.0,0.959578
0.9802108968984533,0.0,0.2936554555437208,0.05210569446645344,0.5428458114345373,0.0,1.0,0.0,1.0,0.0,0.950791
0.939557652804368,0.0,0.21509674333769346,0.16547748779565286,0.7093047309618306,0.0,0.0,1.0,1.0,0.0,0.627417
0.992867256088805,0.0,0.18527343603544136,0.01684051687434668,0.0,1.0,0.0,1.0,0.0,1.0,0.945518
0.9648693106069259,0.0,0.4354440152799738,0.33812453403242054,0.7051371559370384,0.0,0.0,1.0,0.0,1.0,0.934974
0.7851487461942214,0.0,0.3428027996093033,0.6179429120520434,0.6343853955593337,0.0,1.0,0.0,0.0,1.0,0.942004
0.9545798253620024,0.0,0.4302020399004533,0.6962776666067273,0.5597268509505413,0.0,1.0,0.0,0.0,1.0,0.961336
0.8924595516808892,0.0,0.2936554555437208,0.8322673164656716,0.6612925550503013,0.0,0.0,1.0,1.0,0.0,0.949033
0.9944879935016194,0.0,0.0,0.12758417066659608,0.4968756105135412,0.0,0.0,1.0,1.0,0.0,0.956063
0.9877584957278336,0.0,0.3204755793213596,0.6496807365768119,0.6793764234981645,0.0,0.0,1.0,1.0,0.0,0.950791
0.9681080453087967,0.0,0.4247460489524374,0.4896984053507304,0.5519929952717247,0.0,1.0,0.0,1.0,0.0,0.956063
0.8716047123147025,0.0,0.4302020399004533,0.820601113182052,0.6148454302177193,0.0,0.0,1.0,0.0,1.0,0.950791
0.9761335856012525,0.0,0.37865704927040617,0.6243013987807369,0.4968756105135412,0.0,0.0,1.0,0.0,1.0,0.959578
0.9480424694898069,0.0,0.37865704927040617,0.39365646774550234,0.6707544459168319,0.0,1.0,0.0,1.0,0.0,0.945518
0.9737774757433005,0.0,0.37055438950780784,0.39638424308554754,0.5172175783381477,0.0,0.0,1.0,1.0,0.0,0.956063
0.9051498384222411,0.0,0.3619286289204309,0.9141165412596125,0.5776215628315883,0.0,1.0,0.0,0.0,1.0,0.961336
0.9698119999696889,0.0,0.21509674333769346,0.19773412397751366,0.7331574504671312,0.0,1.0,0.0,0.0,1.0,0.627417
0.950621558631646,0.0,0.09263504753360365,0.3952230320734818,0.6722983046724641,0.0,0.0,1.0,1.0,0.0,0.950791
0.9419727609800592,0.0,0.4003781979975792,0.936064858603683,0.6327402854436681,0.0,0.0,1.0,0.0,1.0,0.952548
0.9937987918790638,0.0,0.4247460489524374,0.6157174985545784,0.0,1.0,1.0,0.0,0.0,1.0,0.957821
0.9032140184585223,0.0,0.2779134951153586,0.3254850754742877,0.6960687608235426,0.0,1.0,0.0,1.0,0.0,0.934974
0.9372115010788435,0.0,0.4247460489524374,0.7239110387754002,0.7770998710799945,0.0,0.0,1.0,1.0,0.0,0.627417
0.942912001449442,0.0,0.39352269130415707,0.15758668725934252,0.6071114949032003,0.0,0.0,1.0,0.0,1.0,0.952548
0.9780137949668248,0.0,0.4404881331323368,0.5108158197485498,0.582403374566274,0.0,0.0,1.0,1.0,0.0,0.954306
0.8455226927147121,0.0,0.3862964427496404,0.7219980371767752,0.5597268509505413,0.0,0.0,1.0,0.0,1.0,0.957821
0.9261608153181813,0.0,0.4404881331323368,0.7135755812710679,0.6171793996202338,0.0,1.0,0.0,0.0,1.0,0.945518
0.9483975988705267,0.0,0.44534878798630384,0.1127788917317565,0.5597268509505413,0.0,0.0,1.0,1.0,0.0,0.949033
0.8014292430620353,0.0,0.18527343603544136,0.8174666429480393,0.6640549831258953,0.0,1.0,0.0,0.0,1.0,0.957821
0.7988611932139643,0.0,0.3619286289204309,0.5868216923549153,0.0,1.0,1.0,0.0,1.0,0.0,0.959578
0.9842982739235484,0.0,0.3428027996093033,0.4151309209539913,0.5597268509505413,0.0,0.0,1.0,1.0,0.0,0.957821
0.843492326292281,0.0,0.23946426016579858,0.6111900789079936,0.7612987491850207,0.0,0.0,1.0,0.0,1.0,0.627417
0.8974991641132716,0.0,0.4190578205014968,0.8926096503608099,0.5172175783381477,0.0,1.0,0.0,0.0,1.0,0.957821
0.9886650051654134,0.0,0.3204755793213596,0.791879779883763,0.770360040596073,0.0,0.0,1.0,1.0,0.0,0.627417
0.9651905570925047,0.0,0.332104876118997,0.021036301778308217,0.0,1.0,0.0,1.0,0.0,1.0,0.947276
0.9864283633321062,0.0,0.4131167015290358,0.18682207615520424,0.0,1.0,1.0,0.0,0.0,1.0,0.950791
0.9919889982514963,0.0,0.18527343603544136,0.30826407686526436,0.6583691205807326,0.0,1.0,0.0,1.0,0.0,0.950791
0.9204399064423313,0.0,0.3077371365407441,0.4253253753915736,0.5907846630655456,0.0,0.0,1.0,1.0,0.0,0.956063
0.9923621525868738,0.0,0.2600667605368463,0.17802084750179198,0.4968756105135412,0.0,0.0,1.0,0.0,1.0,0.957821
0.9366102137182193,0.0,0.4068991552651424,0.5844899284119475,0.0,1.0,1.0,0.0,0.0,1.0,0.957821
0.9996120919369794,0.0,0.37055438950780784,0.5874154668395732,0.7047405413164148,0.0,0.0,1.0,0.0,1.0,0.934974
0.9834008269569018,0.0,0.4247460489524374,0.7686950127941269,0.0,1.0,1.0,0.0,1.0,0.0,0.952548
0.9536146771699047,0.0,0.2600667605368463,0.5082365164933826,0.7663262293098132,0.0,0.0,1.0,1.0,0.0,0.627417
0.8667790424459723,0.0,0.37055438950780784,0.1476991196169452,0.7444432166303881,0.0,1.0,0.0,0.0,1.0,0.627417
0.9788260217084355,0.0,0.37865704927040617,0.7660714386272766,0.5867688302856895,0.0,0.0,1.0,1.0,0.0,0.957821
0.8316473649470263,0.0,0.23946426016579858,0.0665387159917926,0.0,1.0,1.0,0.0,0.0,1.0,0.950791
0.9837926860668597,0.0,0.0,0.8670133371108129,0.6359782712048561,0.0,0.0,1.0,1.0,0.0,0.952548
0.9708891058841415,0.0,0.3077371365407441,0.6471918620156393,0.7782169083582097,0.0,1.0,0.0,1.0,0.0,0.627417
0.9992517637355787,0.0,0.2936554555437208,0.48326980731511354,0.6855783168620103,0.0,0.0,1.0,0.0,1.0,0.943761
0.9644382652692637,0.0,0.2779134951153586,0.4804585027921002,0.6274542059752918,0.0,1.0,0.0,1.0,0.0,0.950791
0.9822896859522188,0.0,0.35270753559797496,0.06892855801761448,0.582403374566274,0.0,0.0,1.0,0.0,1.0,0.949033
0.9720898732802827,0.0,0.2779134951153586,0.8107674286881402,0.0,1.0,0.0,1.0,0.0,1.0,0.963093
0.9901224093620847,0.0,0.35270753559797496,0.1379337387222106,0.7484313074110265,0.0,1.0,0.0,0.0,1.0,0.627417
0.9380600745736327,0.0,0.44534878798630384,0.23057715480056648,0.0,1.0,0.0,1.0,0.0,1.0,0.947276
0.9350355454836854,0.0,0.23946426016579858,0.30490466389869486,0.743532637921242,0.0,1.0,0.0,0.0,1.0,0.627417
0.9591837722912795,0.0,0.23946426016579858,0.9960997180356368,0.5172175783381477,0.0,0.0,1.0,1.0,0.0,0.963093
0.8295959909600528,0.0,0.3619286289204309,0.4602712713763122,0.5428458114345373,0.0,0.0,1.0,1.0,0.0,0.959578
0.9968862220328327,0.0,0.4068991552651424,0.48408396358603684,0.6327402854436681,0.0,1.0,0.0,1.0,0.0,0.947276
0.993467772669898,0.0,0.4247460489524374,0.9033708400357779,0.6359782712048561,0.0,0.0,1.0,1.0,0.0,0.954306
0.9285808368493523,0.0,0.39352269130415707,0.9581716879818405,0.0,1.0,1.0,0.0,1.0,0.0,0.956063
0.9650301507130232,0.0,0.2600667605368463,0.09423662942715312,0.7344954365747937,0.0,0.0,1.0,1.0,0.0,0.627417
0.9383123038983433,0.0,0.4190578205014968,0.749924710858369,0.0,1.0,1.0,0.0,1.0,0.0,0.952548
0.9902977233651588,0.0,0.35270753559797496,0.7965019453955171,0.0,1.0,0.0,1.0,1.0,0.0,0.957821
0.9761335856012525,0.0,0.21509674333769346,0.5210633617476291,0.5519929952717247,0.0,1.0,0.0,0.0,1.0,0.961336
0.9568956442091033,0.0,0.3619286289204309,0.6023959213628,0.4621018657970029,0.0,0.0,1.0,1.0,0.0,0.961336
0.8779491766312181,0.0,0.2600667605368463,0.8993786215573072,0.5316506093771822,0.0,1.0,0.0,0.0,1.0,0.966608
0.9994922248965288,0.0,0.332104876118997,0.7310081403598999,0.7223559485837033,0.0,0.0,1.0,1.0,0.0,0.933216
0.8718616629345354,0.0,0.2936554555437208,0.13182578342990842,0.0,1.0,1.0,0.0,1.0,0.0,0.950791
0.9826092783808944,0.0,0.23946426016579858,0.9299391284498839,0.7489288801964378,0.0,1.0,0.0,1.0,0.0,0.938489
0.9441416885272714,0.0,0.4354440152799738,0.1622187253140882,0.6343853955593337,0.0,1.0,0.0,1.0,0.0,0.950791
0.9600632953992249,0.0,0.44534878798630384,0.9183306174464735,0.0,1.0,1.0,0.0,0.0,1.0,0.942004
0.9164572073593912,0.0,0.3619286289204309,0.17634710501050604,0.0,1.0,1.0,0.0,1.0,0.0,0.950791
0.9714685000447285,0.0,0.332104876118997,0.9130677813574394,0.5316506093771822,0.0,1.0,0.0,1.0,0.0,0.966608
0.9940622873194385,0.0,0.3428027996093033,0.9425437606940882,0.5316506093771822,0.0,1.0,0.0,0.0,1.0,0.963093
0.981645303237281,0.0,0.4003781979975792,0.8607735993651172,0.6936445463193013,0.0,0.0,1.0,1.0,0.0,0.949033
0.9610446159863393,0.0,0.35270753559797496,0.3195853418507341,0.0,1.0,0.0,1.0,1.0,0.0,0.956063
0.9705485012907242,0.0,0.3077371365407441,0.13117427778209492,0.5172175783381477,0.0,1.0,0.0,0.0,1.0,0.957821
0.960584834018407,0.0,0.4190578205014968,0.174003163953287,0.0,1.0,1.0,0.0,0.0,1.0,0.949033
0.9157258376192647,0.0,0.2936554555437208,0.6518170890355243,0.4621018657970029,0.0,1.0,0.0,1.0,0.0,0.963093
0.980376590592077,0.0,0.37865704927040617,0.3674591044761213,0.4621018657970029,0.0,1.0,0.0,0.0,1.0,0.961336
0.99116662573015,0.0,0.4003781979975792,0.4559675723270518,0.7378981984159612,0.0,0.0,1.0,1.0,0.0,0.924429
0.9035159682774183,0.0,0.14682475795220173,0.752927390257038,0.0,1.0,1.0,0.0,1.0,0.0,0.963093
0.8751047792461287,0.0,0.44534878798630384,0.9754933261327642,0.5519929952717247,0.0,0.0,1.0,1.0,0.0,0.954306
0.9550249241435463,0.0,0.4404881331323368,0.36664506299138167,0.5945027456911289,0.0,1.0,0.0,0.0,1.0,0.954306
0.739339755212309,0.0,0.4302020399004533,0.3832243898454691,0.0,1.0,0.0,1.0,1.0,0.0,0.957821
0.9730333347231089,0.0,0.4404881331323368,0.6182959864320374,0.5519929952717247,0.0,1.0,0.0,0.0,1.0,0.961336
0.8911763343270186,0.0,0.09263504753360365,0.9297921555703341,0.5172175783381477,0.0,1.0,0.0,0.0,1.0,0.961336
0.8470985189690543,0.0,0.21509674333769346,0.33497769040676834,0.4968756105135412,0.0,1.0,0.0,1.0,0.0,0.961336
0.9792490960200773,0.0,0.37055438950780784,0.890023589389313,0.668345753892594,0.0,1.0,0.0,1.0,0.0,0.947276
0.8206001762201957,0.0,0.23946426016579858,0.14547514525414942,0.4968756105135412,0.0,0.0,1.0,0.0,1.0,0.954306
0.9870971473685484,0.0,0.4131167015290358,0.9045985490347637,0.6530830336795791,0.0,0.0,1.0,1.0,0.0,0.949033
0.9671857943301055,0.0,0.4003781979975792,0.6962712809559528,0.7497473569372265,0.0,0.0,1.0,1.0,0.0,0.920914
0.9218949025505887,0.0,0.3204755793213596,0.8985907352566876,0.5316506093771822,0.0,1.0,0.0,1.0,0.0,0.964851
0.9953625357764972,0.0,0.3428027996093033,0.5916614065530047,0.0,1.0,0.0,1.0,1.0,0.0,0.957821
0.9643300141087623,0.0,0.4354440152799738,0.05358510534835786,0.4621018657970029,0.0,1.0,0.0,1.0,0.0,0.950791
0.8258265161512716,0.0,0.18527343603544136,0.3595764172041175,0.4621018657970029,0.0,1.0,0.0,0.0,1.0,0.959578
0.8321493422002165,0.0,0.2936554555437208,0.18745180758604435,0.6552647434419389,0.0,0.0,1.0,0.0,1.0,0.949033
0.9190644927903941,0.0,0.18527343603544136,0.33966109888692164,0.5979641995764539,0.0,0.0,1.0,0.0,1.0,0.952548
0.824134915562192,0.0,0.4302020399004533,0.6906531795376877,0.6012021748853413,0.0,0.0,1.0,0.0,1.0,0.954306
0.8596680220487668,0.0,0.3204755793213596,0.552063578415047,0.6235929678186829,0.0,0.0,1.0,1.0,0.0,0.956063
0.8954653254943052,0.0,0.21509674333769346,0.9439430640922785,0.4621018657970029,0.0,1.0,0.0,1.0,0.0,0.964851
0.9324074931224676,0.0,0.4190578205014968,0.5783945115891799,0.669964328030236,0.0,0.0,1.0,1.0,0.0,0.952548
0.9758664414520684,0.0,0.39352269130415707,0.13484632476924502,0.645903462863681,0.0,1.0,0.0,1.0,0.0,0.942004
0.972374486248848,0.0,0.2936554555437208,0.8436458287893748,0.5664262353496466,0.0,1.0,0.0,0.0,1.0,0.964851
0.9961609906977675,0.0,0.4068991552651424,0.3237232056006187,0.0,1.0,0.0,1.0,1.0,0.0,0.952548
0.930620487821085,0.0,0.37865704927040617,0.4413144141875574,0.4621018657970029,0.0,0.0,1.0,0.0,1.0,0.957821
0.8533657801728181,0.0,0.4302020399004533,0.9366658101351245,0.7779399719494717,0.0,0.0,1.0,1.0,0.0,0.627417
0.9087042999594575,0.0,0.37055438950780784,0.2040572910212445,0.6343853955593337,0.0,0.0,1.0,1.0,0.0,0.950791
0.9624030155544527,0.0,0.35270753559797496,0.41169633118723603,0.6960687608235426,0.0,1.0,0.0,0.0,1.0,0.933216
0.9796691824940704,0.0,0.23946426016579858,0.16087078838316018,0.0,1.0,1.0,0.0,0.0,1.0,0.956063
0.7558543442204743,0.0,0.39352269130415707,0.9568923447587773,0.6849915093631105,0.0,1.0,0.0,0.0,1.0,0.933216
0.8512284017553796,0.0,0.4131167015290358,0.9639818695239273,0.0,1.0,0.0,1.0,1.0,0.0,0.956063
0.96577504054461,0.0,0.3862964427496404,0.2977769849516618,0.0,1.0,0.0,1.0,1.0,0.0,0.954306
0.9936666051615842,0.0,0.3619286289204309,0.6869792941089673,0.0,1.0,0.0,1.0,0.0,1.0,0.961336
0.9153567527367666,0.0,0.23946426016579858,0.023130561468814852,0.4968756105135412,0.0,1.0,0.0,0.0,1.0,0.945518
0.9804179419997602,0.0,0.18527343603544136,0.8901102923054437,0.0,1.0,0.0,1.0,0.0,1.0,0.959578
0.9038163930911145,0.0,0.4404881331323368,0.7183424928570038,0.7519705091302139,0.0,0.0,1.0,0.0,1.0,0.919156
0.630331725468865,0.0,0.4247460489524374,0.3903944104581287,0.0,1.0,1.0,0.0,1.0,0.0,0.947276
0.9707919891330414,0.0,0.39352269130415707,0.8866316625963623,0.6390198918867638,0.0,0.0,1.0,1.0,0.0,0.952548
0.9969175541370907,0.0,0.14682475795220173,0.026466185755839155,0.0,1.0,1.0,0.0,1.0,0.0,0.949033
0.9487506206463239,0.0,0.4354440152799738,0.7552310246004192,0.0,1.0,1.0,0.0,1.0,0.0,0.950791
0.841816610979381,0.0,0.2936554555437208,0.2598173281614526,0.0,1.0,0.0,1.0,1.0,0.0,0.956063
0.922005364960504,0.0,0.3077371365407441,0.9460072747160886,0.629278819612865,0.0,1.0,0.0,1.0,0.0,0.957821
0.9797110284314325,0.0,0.332104876118997,0.4439431379000273,0.69109722376776,0.0,0.0,1.0,0.0,1.0,0.936731
0.7521353948293346,0.0,0.4404881331323368,0.9268253465043382,0.6675164549294684,0.0,1.0,0.0,0.0,1.0,0.934974
0.9426005662149651,0.0,0.4190578205014968,0.1316354788830141,0.5519929952717247,0.0,1.0,0.0,1.0,0.0,0.950791
0.8861519741456252,0.0,0.2779134951153586,0.7475118724803399,0.7209345645856505,0.0,1.0,0.0,0.0,1.0,0.931459
0.9461608237265287,0.0,0.39352269130415707,0.7224620490257486,0.7778473190724849,0.0,1.0,0.0,1.0,0.0,0.627417
0.9617842639169952,0.0,0.35270753559797496,0.07539756637731371,0.4621018657970029,0.0,1.0,0.0,0.0,1.0,0.954306
0.9806242689411543,0.0,0.2779134951153586,0.47806082317507465,0.0,1.0,1.0,0.0,1.0,0.0,0.957821
0.9919889982514963,0.0,0.35270753559797496,0.8254430977250953,0.6012021748853413,0.0,0.0,1.0,0.0,1.0,0.959578
0.8906177951709855,0.0,0.35270753559797496,0.766500290048384,0.5776215628315883,0.0,0.0,1.0,0.0,1.0,0.959578
0.986465715922317,0.0,0.2779134951153586,0.14017450120443442,0.5979641995764539,0.0,1.0,0.0,1.0,0.0,0.947276
0.9663538367615485,0.0,0.3428027996093033,0.8778959803454355,0.0,1.0,1.0,0.0,0.0,1.0,0.957821
0.8700392541889206,0.0,0.4404881331323368,0.4875509936042575,0.5428458114345373,0.0,1.0,0.0,0.0,1.0,0.952548
0.9465273313207739,0.0,0.450038858504704,0.8360620591712644,0.6573555219348104,0.0,1.0,0.0,1.0,0.0,0.936731
0.9966664339813233,0.0,0.2600667605368463,0.48127876461688573,0.7237381709956976,0.0,0.0,1.0,1.0,0.0,0.929701
0.9092538095297218,0.0,0.4354440152799738,0.9315361008715228,0.6171793996202338,0.0,1.0,0.0,1.0,0.0,0.950791
0.9857897541262154,0.0,0.35270753559797496,0.9164498158166767,0.7574116954383656,0.0,0.0,1.0,0.0,1.0,0.917399
0.7961772532027905,0.0,0.21509674333769346,0.3174355724473028,0.5664262353496466,0.0,0.0,1.0,1.0,0.0,0.952548
0.9992818745935642,0.0,0.35270753559797496,0.8796477248205465,0.0,1.0,0.0,1.0,1.0,0.0,0.959578
0.9116656529339011,0.0,0.4247460489524374,0.4105979443057661,0.4621018657970029,0.0,0.0,1.0,1.0,0.0,0.957821
0.9450475536602957,0.0,0.0,0.6568737500491995,0.7533493550341958,0.0,0.0,1.0,0.0,1.0,0.915641
0.9967607283184509,0.0,0.4302020399004533,0.03133217947034515,0.0,1.0,1.0,0.0,0.0,1.0,0.947276
0.8141978805068109,0.0,0.4190578205014968,0.9482745667763078,0.7726744412397181,0.0,1.0,0.0,1.0,0.0,0.662566
0.9151094177054716,0.0,0.45456991313075495,0.3094510386322459,0.5776215628315883,0.0,1.0,0.0,1.0,0.0,0.952548
0.995683205008526,0.0,0.3862964427496404,0.5491306082224144,0.6622303661701174,0.0,0.0,1.0,0.0,1.0,0.952548
0.9682603731682612,0.0,0.3077371365407441,0.12828552029314214,0.6071114949032003,0.0,0.0,1.0,0.0,1.0,0.949033
0.9538735850660011,0.0,0.2779134951153586,0.6780241825875384,0.0,1.0,1.0,0.0,1.0,0.0,0.963093
0.9366964849343051,0.0,0.14682475795220173,0.06928311251071104,0.0,1.0,1.0,0.0,1.0,0.0,0.952548
0.9190644927903941,0.0,0.4131167015290358,0.5953875618371973,0.0,1.0,0.0,1.0,1.0,0.0,0.957821
0.990052138830371,0.0,0.09263504753360365,0.7593765492220108,0.7689405123469328,0.0,1.0,0.0,0.0,1.0,0.627417
0.9957471319340716,0.0,0.45456991313075495,0.5103905837429318,0.6658155651673044,0.0,1.0,0.0,1.0,0.0,0.943761
0.9787835483060996,0.0,0.2936554555437208,0.23778720389280916,0.5723355205267837,0.0,1.0,0.0,0.0,1.0,0.957821
0.9579301745561541,0.0,0.0,0.9283090896914987,0.5428458114345373,0.0,1.0,0.0,1.0,0.0,0.961336
0.6905048494899834,0.0,0.0,0.7606292811430412,0.5172175783381477,0.0,1.0,0.0,1.0,0.0,0.959578
0.966458470027683,0.0,0.3428027996093033,0.5702966267685009,0.7160950085697805,0.0,0.0,1.0,1.0,0.0,0.933216
0.9747402435343323,0.0,0.37865704927040617,0.004359812495593228,0.7603876979411774,0.0,1.0,0.0,1.0,0.0,0.627417
0.9652972548724247,0.0,0.14682475795220173,0.20147817123770367,0.5428458114345373,0.0,0.0,1.0,0.0,1.0,0.959578
0.9019906542825902,0.0,0.2779134951153586,0.8216110488118105,0.5597268509505413,0.0,0.0,1.0,1.0,0.0,0.957821
0.9775384390255026,0.0,0.09263504753360365,0.12205744207613488,0.4968756105135412,0.0,0.0,1.0,0.0,1.0,0.952548
0.9180116513233344,0.0,0.4190578205014968,0.8319099477320401,0.0,1.0,0.0,1.0,0.0,1.0,0.956063
0.9310011866704538,0.0,0.4354440152799738,0.3319816902600421,0.6390198918867638,0.0,0.0,1.0,1.0,0.0,0.950791
0.9969801688781993,0.0,0.18527343603544136,0.4764265866883369,0.0,1.0,0.0,1.0,1.0,0.0,0.957821
0.9529624338458224,0.0,0.3619286289204309,0.47430622652923293,0.4621018657970029,0.0,0.0,1.0,1.0,0.0,0.959578
0.9783999167529058,0.0,0.2936554555437208,0.018291621204334276,0.5597268509505413,0.0,0.0,1.0,1.0,0.0,0.945518
0.9859029492087439,0.0,0.09263504753360365,0.6173460227407226,0.8724034919085829,0.0,1.0,0.0,1.0,0.0,0.627417
0.9789532602541698,0.0,0.4404881331323368,0.6823176957019181,0.715455872589737,0.0,0.0,1.0,0.0,1.0,0.933216
0.9852967376139865,0.0,0.23946426016579858,0.44296304784178697,0.629278819612865,0.0,1.0,0.0,1.0,0.0,0.954306
0.8501302050540445,0.0,0.0,0.5916727436093563,0.7591914992094583,0.0,0.0,1.0,0.0,1.0,0.627417
0.9861662363825051,0.0,0.2600667605368463,0.6674300885316307,0.7605188653747853,0.0,1.0,0.0,1.0,0.0,0.627417
0.9952981939654924,0.0,0.2600667605368463,0.8431410024199425,0.6071114949032003,0.0,1.0,0.0,1.0,0.0,0.959578
0.9856006156587276,0.0,0.4302020399004533,0.07726852806060056,0.582403374566274,0.0,1.0,0.0,0.0,1.0,0.947276
0.9664061764010519,0.0,0.3428027996093033,0.07242315325062257,0.7589217592349451,0.0,1.0,0.0,0.0,1.0,0.627417
0.9316616025672217,0.0,0.3077371365407441,0.06346483539955149,0.0,1.0,0.0,1.0,1.0,0.0,0.952548
0.9839097421842465,0.0,0.4068991552651424,0.6261641051721887,0.7729819285207433,0.0,1.0,0.0,0.0,1.0,0.627417
0.9526336104815826,0.0,0.3862964427496404,0.17255914912524617,0.0,1.0,0.0,1.0,1.0,0.0,0.952548
0.9954589181877739,0.0,0.4354440152799738,0.08025814954151343,0.4968756105135412,0.0,1.0,0.0,1.0,0.0,0.952548
0.7840368654009122,0.0,0.332104876118997,0.5918517171535315,0.7704675894414152,0.0,0.0,1.0,1.0,0.0,0.627417
0.9311906262962356,0.0,0.3862964427496404,0.8971721207713825,0.0,1.0,0.0,1.0,1.0,0.0,0.959578
0.8815417538077369,0.0,0.4003781979975792,0.7744458505785391,0.5316506093771822,0.0,1.0,0.0,1.0,0.0,0.961336
0.8799966285039833,0.0,0.332104876118997,0.7785703195027471,0.0,1.0,0.0,1.0,1.0,0.0,0.957821
0.9095266723386842,0.0,0.4302020399004533,0.9782686809273888,0.4621018657970029,0.0,0.0,1.0,1.0,0.0,0.959578
0.934768999886949,0.0,0.3619286289204309,0.8819379480400098,0.0,1.0,0.0,1.0,0.0,1.0,0.961336
0.8459205802310408,0.0,0.4247460489524374,0.9574223696055906,0.4621018657970029,0.0,0.0,1.0,1.0,0.0,0.961336
0.9478998219524788,0.0,0.2600667605368463,0.18290179368813764,0.0,1.0,1.0,0.0,1.0,0.0,0.956063
0.9909246097103733,0.0,0.4354440152799738,0.41882911008667034,0.5316506093771822,0.0,1.0,0.0,1.0,0.0,0.956063
0.8387654828055098,0.0,0.45456991313075495,0.4631206457960207,0.0,1.0,0.0,1.0,0.0,1.0,0.952548
0.8738782620371003,0.0,0.44534878798630384,0.9574913581965484,0.5428458114345373,0.0,1.0,0.0,0.0,1.0,0.942004
0.7540239284572291,0.0,0.23946426016579858,0.5867634922680863,0.0,1.0,1.0,0.0,0.0,1.0,0.959578
0.9984329550057325,0.0,0.2779134951153586,0.5856306401951389,0.69653985800108,0.0,1.0,0.0,0.0,1.0,0.942004
0.9704019287398344,0.0,0.332104876118997,0.9431181179202349,0.6012021748853413,0.0,0.0,1.0,0.0,1.0,0.9578207381370827
0.9334180562963103,0.0,0.4247460489524374,0.9039243515790156,0.0,1.0,0.0,1.0,1.0,0.0,0.956063
0.7230152285557212,0.0,0.39352269130415707,0.223970795577064,0.7089398457796514,0.0,1.0,0.0,0.0,1.0,0.924429
0.9765320656737652,0.0,0.44534878798630384,0.228538395509703,0.6012021748853413,0.0,0.0,1.0,0.0,1.0,0.949033
0.9775384390255026,0.0,0.21509674333769346,0.8980228190953333,0.5907846630655456,0.0,1.0,0.0,0.0,1.0,0.961336
0.9558428026446036,0.0,0.4404881331323368,0.6775528938068471,0.7197677329552774,0.0,0.0,1.0,0.0,1.0,0.929701
0.9976027177168674,0.0,0.3077371365407441,0.31825988787742604,0.0,1.0,0.0,1.0,0.0,1.0,0.956063
0.9386469545324784,0.0,0.4131167015290358,0.3934878340381692,0.5428458114345373,0.0,1.0,0.0,0.0,1.0,0.956063
0.9693656819353529,0.0,0.2779134951153586,0.3550560337409507,0.6235929678186829,0.0,1.0,0.0,1.0,0.0,0.952548
0.892821157558068,0.0,0.3077371365407441,0.025948280048108428,0.6787118911150013,0.0,0.0,1.0,0.0,1.0,0.627417
0.9913044797854644,0.0,0.3862964427496404,0.9657334212141316,0.65080212209609,0.0,0.0,1.0,1.0,0.0,0.950791
0.9252273071938799,0.0,0.4404881331323368,0.15777147438603675,0.582403374566274,0.0,0.0,1.0,0.0,1.0,0.954306
0.9633467851738291,0.0,0.37865704927040617,0.08478144456899618,0.5664262353496466,0.0,0.0,1.0,1.0,0.0,0.947276
0.9875388622548101,0.0,0.3204755793213596,0.8217446671456201,0.4621018657970029,0.0,1.0,0.0,1.0,0.0,0.966608
0.9557177048162956,0.0,0.0,0.15894209111291063,0.0,1.0,1.0,0.0,0.0,1.0,0.959578
0.9706460160614413,0.0,0.2600667605368463,0.5945834869595823,0.7179649702317995,0.0,1.0,0.0,1.0,0.0,0.934974
0.8174851221444325,0.0,0.450038858504704,0.18360127972725662,0.4968756105135412,0.0,1.0,0.0,0.0,1.0,0.957821
0.9026054813202254,0.0,0.21509674333769346,0.6120677454654534,0.7680465641230437,0.0,1.0,0.0,1.0,0.0,0.627417
0.9913732871942368,0.0,0.4247460489524374,0.3348921437344117,0.5428458114345373,0.0,1.0,0.0,1.0,0.0,0.956063
0.8989801697063262,0.0,0.4302020399004533,0.5317428325085252,0.0,1.0,0.0,1.0,0.0,1.0,0.954306
0.9990405598663615,0.0,0.37055438950780784,0.9816528444025482,0.669964328030236,0.0,1.0,0.0,1.0,0.0,0.933216
0.9837926860668597,0.0,0.3204755793213596,0.820081271243305,0.7477601066164236,0.0,0.0,1.0,1.0,0.0,0.926186
0.9874654705144426,0.0,0.4131167015290358,0.357217227745569,0.724280570881396,0.0,0.0,1.0,0.0,1.0,0.924429
0.9576277641659062,0.0,0.4003781979975792,0.35576050657611136,0.7093047309618306,0.0,0.0,1.0,0.0,1.0,0.942004
0.9294635503715187,0.0,0.09263504753360365,0.39807085373649836,0.7540993168741369,0.0,0.0,1.0,0.0,1.0,0.627417
0.9888087732066306,0.0,0.3619286289204309,0.9654234673228463,0.6593626466810102,0.0,1.0,0.0,0.0,1.0,0.938489
0.9168195475027996,0.0,0.18527343603544136,0.4424138923526707,0.6730527768215534,0.0,1.0,0.0,0.0,1.0,0.949033
0.9996120919369794,0.0,0.3077371365407441,0.7017198832302948,0.6496215638669316,0.0,0.0,1.0,1.0,0.0,0.952548
0.8966601659319898,0.0,0.39352269130415707,0.6393796574176179,0.6583691205807326,0.0,0.0,1.0,1.0,0.0,0.952548
0.961897244000423,0.0,0.4404881331323368,0.8965205727481433,0.582403374566274,0.0,0.0,1.0,0.0,1.0,0.957821
0.9999107070154342,0.0,0.4131167015290358,0.23101782081648153,0.0,1.0,1.0,0.0,0.0,1.0,0.954306
0.9668232438167519,0.0,0.3862964427496404,0.7847189144586655,0.5907846630655456,0.0,0.0,1.0,1.0,0.0,0.959578
0.9794174867835759,0.0,0.4068991552651424,0.044617153839938535,0.5597268509505413,0.0,0.0,1.0,0.0,1.0,0.947276
0.9441416885272714,0.0,0.35270753559797496,0.2223322915123683,0.5597268509505413,0.0,1.0,0.0,0.0,1.0,0.957821
0.9924635169936451,0.0,0.45456991313075495,0.008771523013933566,0.7738932424958453,0.0,1.0,0.0,1.0,0.0,0.627417
0.982449696802414,0.0,0.21509674333769346,0.07574935412760687,0.5316506093771822,0.0,1.0,0.0,0.0,1.0,0.952548
0.9264687572902698,0.0,0.4404881331323368,0.06855382420682868,0.7261340825060459,0.0,1.0,0.0,1.0,0.0,0.627417
0.9564025098156617,0.0,0.35270753559797496,0.15189511034440678,0.0,1.0,0.0,1.0,1.0,0.0,0.952548
0.8849296575486608,0.0,0.4354440152799738,0.31033134317640654,0.7706819979607783,0.0,0.0,1.0,1.0,0.0,0.627417
0.9963194035704154,0.0,0.450038858504704,0.9410122254767207,0.697006572819868,0.0,0.0,1.0,0.0,1.0,0.952548
0.9611590083215391,0.0,0.3619286289204309,0.09647733928934203,0.0,1.0,1.0,0.0,1.0,0.0,0.947276
0.9562165253113863,0.0,0.18527343603544136,0.010748606967350452,0.5867688302856895,0.0,0.0,1.0,1.0,0.0,0.943761
0.9978499243006145,0.0,0.2936554555437208,0.1860206583565156,0.7151332252036329,0.0,0.0,1.0,0.0,1.0,0.627417
0.9615008713084449,0.0,0.45456991313075495,0.28316995805162964,0.4968756105135412,0.0,0.0,1.0,1.0,0.0,0.952548
0.9942263812122174,0.0,0.4404881331323368,0.4187936195030099,0.5428458114345373,0.0,1.0,0.0,0.0,1.0,0.952548
0.9325925134658519,0.0,0.2600667605368463,0.7992453211788925,0.6098241153334091,0.0,0.0,1.0,0.0,1.0,0.956063
0.792399227670271,0.0,0.09263504753360365,0.3113624907338271,0.5172175783381477,0.0,0.0,1.0,1.0,0.0,0.950791
0.9587093211557514,0.0,0.450038858504704,0.29238750431325444,0.0,1.0,1.0,0.0,0.0,1.0,0.952548
0.8705656644860975,0.0,0.35270753559797496,0.3823954340733387,0.6418876086432301,0.0,1.0,0.0,1.0,0.0,0.942004
0.7197991112671157,0.0,0.3204755793213596,0.6808873907212671,0.5428458114345373,0.0,0.0,1.0,0.0,1.0,0.952548
0.9816047965978942,0.0,0.39352269130415707,0.3437490578889176,0.7397154738132904,0.0,0.0,1.0,1.0,0.0,0.627417
0.9740541459959376,0.0,0.4131167015290358,0.7711413373050201,0.5519929952717247,0.0,0.0,1.0,1.0,0.0,0.959578
0.9869121270078991,0.0,0.4404881331323368,0.6506955262883664,0.7170387009010808,0.0,0.0,1.0,1.0,0.0,0.929701
0.9962877547276753,0.0,0.4247460489524374,0.786702168693245,0.4621018657970029,0.0,1.0,0.0,0.0,1.0,0.954306
0.9812797466216772,0.0,0.37055438950780784,0.9420675773188308,0.5945027456911289,0.0,0.0,1.0,1.0,0.0,0.957821
0.9543239798265339,0.0,0.18527343603544136,0.8054559246548685,0.4968756105135412,0.0,0.0,1.0,0.0,1.0,0.961336
0.7343799041351419,0.0,0.39352269130415707,0.5348611509530019,0.5597268509505413,0.0,1.0,0.0,1.0,0.0,0.957821
0.990087284472857,0.0,0.4003781979975792,0.7969449553313019,0.5172175783381477,0.0,0.0,1.0,1.0,0.0,0.963093
0.840960711912218,0.0,0.332104876118997,0.22935623448456688,0.7634447763467561,0.0,0.0,1.0,0.0,1.0,0.627417
0.8908045582224154,0.0,0.4404881331323368,0.4328897861920073,0.7649061859494855,0.0,1.0,0.0,0.0,1.0,0.627417
0.9269784775600273,0.0,0.332104876118997,0.20875689785733642,0.6098241153334091,0.0,1.0,0.0,1.0,0.0,0.949033
0.9133486636835372,0.0,0.35270753559797496,0.16164996630085002,0.0,1.0,0.0,1.0,0.0,1.0,0.950791
0.9643300141087623,0.0,0.18527343603544136,0.3211477135726642,0.0,1.0,0.0,1.0,1.0,0.0,0.959578
0.9967293134782435,0.0,0.21509674333769346,0.14778340224430614,0.4621018657970029,0.0,0.0,1.0,1.0,0.0,0.954306
0.8920957341338985,0.0,0.39352269130415707,0.8070252671344194,0.5907846630655456,0.0,1.0,0.0,0.0,1.0,0.956063
0.9450475536602957,0.0,0.21509674333769346,0.2982585842323614,0.4621018657970029,0.0,1.0,0.0,0.0,1.0,0.963093
0.9695148270115321,0.0,0.2936554555437208,0.3065868325805115,0.6800322689458279,0.0,0.0,1.0,1.0,0.0,0.940246
0.7883648750780652,0.0,0.450038858504704,0.10215901711843574,0.0,1.0,1.0,0.0,0.0,1.0,0.947276
0.9918186057022041,0.0,0.2600667605368463,0.7166380947716289,0.7625722062589433,0.0,0.0,1.0,0.0,1.0,0.627417
0.9652439299057347,0.0,0.44534878798630384,0.09564796348826013,0.0,1.0,1.0,0.0,1.0,0.0,0.950791
0.9805005586763194,0.0,0.21509674333769346,0.46761230267832143,0.4968756105135412,0.0,0.0,1.0,0.0,1.0,0.961336
0.9633467851738291,0.0,0.2779134951153586,0.8171904632028182,0.0,1.0,1.0,0.0,1.0,0.0,0.963093
0.9497280791729856,0.0,0.3619286289204309,0.2682021076565656,0.0,1.0,0.0,1.0,1.0,0.0,0.952548
0.9302373367887068,0.0,0.18527343603544136,0.9992779213393839,0.5945027456911289,0.0,1.0,0.0,0.0,1.0,0.963093
0.9388135764715663,0.0,0.4247460489524374,0.3953559183834447,0.0,1.0,0.0,1.0,1.0,0.0,0.954306
0.9636763372422334,0.0,0.4354440152799738,0.020241530402248156,0.0,1.0,0.0,1.0,0.0,1.0,0.945518
0.9777117355715523,0.0,0.21509674333769346,0.3288864438381763,0.7248171695907053,0.0,0.0,1.0,0.0,1.0,0.927944
0.8728785078028245,0.0,0.39352269130415707,0.2849762650790379,0.5316506093771822,0.0,0.0,1.0,1.0,0.0,0.954306
0.9680062762564229,0.0,0.4302020399004533,0.8590984435835157,0.0,1.0,1.0,0.0,1.0,0.0,0.945518
0.9918527232817342,0.0,0.0,0.10968730286797451,0.4968756105135412,0.0,0.0,1.0,0.0,1.0,0.949033
0.9520371085965368,0.0,0.37865704927040617,0.9272867452796361,0.0,1.0,1.0,0.0,1.0,0.0,0.956063
0.7715992746442877,0.0,0.37055438950780784,0.869025272058351,0.0,1.0,0.0,1.0,0.0,1.0,0.950791
0.9762223677031853,0.0,0.35270753559797496,0.5462291504456781,0.5664262353496466,0.0,1.0,0.0,1.0,0.0,0.959578
0.9820890651965193,0.0,0.4003781979975792,0.5354695531088434,0.5172175783381477,0.0,1.0,0.0,1.0,0.0,0.961336
0.9900169724100888,0.0,0.23946426016579858,0.7480462077461997,0.4968756105135412,0.0,1.0,0.0,0.0,1.0,0.964851
0.9519037363545122,0.0,0.23946426016579858,0.46674884818690293,0.6012021748853413,0.0,0.0,1.0,1.0,0.0,0.954306
0.9906816050026815,0.0,0.2936554555437208,0.7454532770661747,0.742229408564202,0.0,1.0,0.0,0.0,1.0,0.927944
0.9349468295942804,0.0,0.4131167015290358,0.05085798519759673,0.5172175783381477,0.0,0.0,1.0,0.0,1.0,0.949033
0.9218949025505887,0.0,0.4131167015290358,0.11214279024988816,0.6730527768215534,0.0,1.0,0.0,0.0,1.0,0.934974
0.9695644590517317,0.0,0.37055438950780784,0.7354776390852377,0.7694912480293403,0.0,0.0,1.0,0.0,1.0,0.627417
0.9278851097165429,0.0,0.3862964427496404,0.22077793712795632,0.7014494281279104,0.0,1.0,0.0,0.0,1.0,0.927944
0.9831644663899458,0.0,0.332104876118997,0.24446720601919852,0.6042437863446257,0.0,0.0,1.0,0.0,1.0,0.952548
0.9538089636634162,0.0,0.4404881331323368,0.19646278202655879,0.5172175783381477,0.0,0.0,1.0,1.0,0.0,0.950791
0.9966664339813233,0.0,0.44534878798630384,0.07942759654177638,0.7074531743208636,0.0,1.0,0.0,0.0,1.0,0.627417
0.9848763542539426,0.0,0.0,0.2643812391036864,0.5519929952717247,0.0,1.0,0.0,1.0,0.0,0.952548
0.993134901077333,0.0,0.4302020399004533,0.7436455912075882,0.5316506093771822,0.0,0.0,1.0,0.0,1.0,0.959578
0.992867256088805,0.0,0.4247460489524374,0.6728368425113787,0.0,1.0,1.0,0.0,1.0,0.0,0.954306
0.9058779256900505,0.0,0.14682475795220173,0.9275971792705306,0.0,1.0,1.0,0.0,0.0,1.0,0.961336
0.9989498138553727,0.0,0.3204755793213596,0.16691188782573857,0.7031219658732458,0.0,1.0,0.0,0.0,1.0,0.927944
0.9936004014837638,0.0,0.4190578205014968,0.45202575126900807,0.7191739804846596,0.0,1.0,0.0,1.0,0.0,0.933216
0.9895933457069012,0.0,0.450038858504704,0.3259054052437386,0.6235929678186829,0.0,1.0,0.0,0.0,1.0,0.949033
0.9785280690410796,0.0,0.4302020399004533,0.14853451645386906,0.0,1.0,0.0,1.0,0.0,1.0,0.950791
0.9835578805075829,0.0,0.450038858504704,0.17106395013740833,0.0,1.0,1.0,0.0,1.0,0.0,0.950791
0.9918186057022041,0.0,0.3862964427496404,0.6560962888019374,0.4621018657970029,0.0,1.0,0.0,1.0,0.0,0.963093
0.8973323085059529,0.0,0.23946426016579858,0.46162711481672014,0.0,1.0,0.0,1.0,0.0,1.0,0.959578
0.9550882386735899,0.0,0.35270753559797496,0.028262121514083905,0.7700360038372244,0.0,0.0,1.0,1.0,0.0,0.627417
0.9870971473685484,0.0,0.3428027996093033,0.7274685752535073,0.65080212209609,0.0,1.0,0.0,1.0,0.0,0.947276
0.9971364179792465,0.0,0.23946426016579858,0.6858160816729217,0.4968756105135412,0.0,1.0,0.0,1.0,0.0,0.964851
0.9477568315121281,0.0,0.37055438950780784,0.768023247035916,0.5172175783381477,0.0,0.0,1.0,1.0,0.0,0.957821
0.973126863039571,0.0,0.3619286289204309,0.6442222813173669,0.5979641995764539,0.0,1.0,0.0,0.0,1.0,0.957821
0.9975407552127298,0.0,0.2936554555437208,0.669391438628972,0.0,1.0,1.0,0.0,0.0,1.0,0.963093
0.9751029519578759,0.0,0.3077371365407441,0.2254652834959348,0.4968756105135412,0.0,0.0,1.0,1.0,0.0,0.957821
0.9241725988684905,0.0,0.4354440152799738,0.3500358873061271,0.7245495876170398,0.0,0.0,1.0,1.0,0.0,0.922671
0.9684628720757523,0.0,0.4247460489524374,0.5811736811034967,0.7616841916573125,0.0,0.0,1.0,0.0,1.0,0.627417
0.946818920112514,0.0,0.4068991552651424,0.5594296782741736,0.0,1.0,1.0,0.0,1.0,0.0,0.961336
0.9204399064423313,0.0,0.3428027996093033,0.7473477338278386,0.0,1.0,0.0,1.0,1.0,0.0,0.957821
0.7197991112671157,0.0,0.14682475795220173,0.8497459897972277,0.69746898606237,0.0,0.0,1.0,0.0,1.0,0.947276
0.7501849313491769,0.0,0.44534878798630384,0.03740852572146748,0.6071114949032003,0.0,1.0,0.0,0.0,1.0,0.949033
0.9941935986275281,0.0,0.37865704927040617,0.8818379725350085,0.7220748750206333,0.0,0.0,1.0,0.0,1.0,0.933216
0.9570795206941997,0.0,0.4404881331323368,0.924429963775116,0.6715323134380659,0.0,0.0,1.0,0.0,1.0,0.949033
0.9295608259319772,0.0,0.18527343603544136,0.845623984235712,0.5664262353496466,0.0,1.0,0.0,0.0,1.0,0.957821
0.8723722581396509,0.0,0.3428027996093033,0.9355833335963943,0.7545439713037566,0.0,0.0,1.0,0.0,1.0,0.922671
0.9116656529339011,0.0,0.14682475795220173,0.37912858487031686,0.5519929952717247,0.0,0.0,1.0,1.0,0.0,0.963093
0.9810347881521994,0.0,0.37055438950780784,0.4717495245103477,0.5907846630655456,0.0,0.0,1.0,1.0,0.0,0.954306
0.9655631649995188,0.0,0.09263504753360365,0.6708193158702292,0.6800322689458279,0.0,1.0,0.0,0.0,1.0,0.952548
0.9933015697163745,0.0,0.2600667605368463,0.8993588031292384,0.0,1.0,1.0,0.0,1.0,0.0,0.963093
0.9940622873194385,0.0,0.23946426016579858,0.6567090337404754,0.6691615677425147,0.0,1.0,0.0,1.0,0.0,0.952548
0.9946834504083699,0.0,0.39352269130415707,0.443482560788901,0.4968756105135412,0.0,1.0,0.0,0.0,1.0,0.959578
0.9678022143184238,0.0,0.37055438950780784,0.15979995786886123,0.582403374566274,0.0,1.0,0.0,0.0,1.0,0.952548
0.8005854854070403,0.0,0.3204755793213596,0.7734977509403163,0.6573555219348104,0.0,1.0,0.0,0.0,1.0,0.942004
0.9986767422266543,0.0,0.4302020399004533,0.7614030885575314,0.7628230643583257,0.0,0.0,1.0,1.0,0.0,0.920914
0.9304292208005747,0.0,0.2600667605368463,0.5397684530246631,0.7378981984159612,0.0,0.0,1.0,0.0,1.0,0.927944
0.9487506206463239,0.0,0.39352269130415707,0.2691641536995035,0.6855783168620103,0.0,1.0,0.0,1.0,0.0,0.931459
0.6544499169557171,0.0,0.09263504753360365,0.2191518176308358,0.6831887477193622,0.0,1.0,0.0,1.0,0.0,0.922671
0.9084276297497151,0.0,0.2779134951153586,0.09688179992731882,0.6471736927570897,0.0,1.0,0.0,1.0,0.0,0.936731
0.8345975870384528,0.0,0.3619286289204309,0.8249430192660627,0.7047405413164148,0.0,0.0,1.0,1.0,0.0,0.947276
0.9881590628849769,0.0,0.0,0.7566603454001533,0.7437160805736892,0.0,0.0,1.0,1.0,0.0,0.917399
0.9746947490792337,0.0,0.4247460489524374,0.15549855314625133,0.6936445463193013,0.0,1.0,0.0,0.0,1.0,0.920914
0.9913388934388686,0.0,0.45456991313075495,0.3368662653661343,0.5664262353496466,0.0,0.0,1.0,1.0,0.0,0.954306
0.9940622873194385,0.0,0.2936554555437208,0.8023087462167823,0.6745285142131663,0.0,0.0,1.0,0.0,1.0,0.949033
0.957140686761877,0.0,0.35270753559797496,0.5286013542637692,0.7197677329552774,0.0,0.0,1.0,0.0,1.0,0.938489
0.9180116513233344,0.0,0.4131167015290358,0.10041131018325365,0.6895043447505095,0.0,1.0,0.0,0.0,1.0,0.924429
0.9819683671551048,0.0,0.4190578205014968,0.1159347361773465,0.6471736927570897,0.0,0.0,1.0,1.0,0.0,0.954306
0.8497595872530548,0.0,0.3204755793213596,0.25898866040252105,0.6255607232040483,0.0,0.0,1.0,1.0,0.0,0.950791
0.9680062762564229,0.0,0.3077371365407441,0.4149849033841889,0.5945027456911289,0.0,1.0,0.0,1.0,0.0,0.957821
0.7862402243869729,0.0,0.18527343603544136,0.8175999711731625,0.6446002364083981,0.0,0.0,1.0,1.0,0.0,0.954306
0.9611590083215391,0.0,0.35270753559797496,0.6030113478276261,0.4621018657970029,0.0,0.0,1.0,1.0,0.0,0.963093
0.9784853822811402,0.0,0.14682475795220173,0.4234753946665944,0.6926410833152389,0.0,1.0,0.0,1.0,0.0,0.940246
0.9975097497397365,0.0,0.4247460489524374,0.4127966782814188,0.6979271762977709,0.0,1.0,0.0,0.0,1.0,0.929701
0.9358280900516212,0.0,0.2936554555437208,0.05743025781447383,0.7433485220834879,0.0,1.0,0.0,0.0,1.0,0.627417
0.9312851203466743,0.0,0.4003781979975792,0.30087515620926714,0.7160950085697805,0.0,0.0,1.0,0.0,1.0,0.927944
0.9763110174919609,0.0,0.44534878798630384,0.27471989595270085,0.0,1.0,0.0,1.0,1.0,0.0,0.950791
0.9980346573640348,0.0,0.0,0.8494445887570891,0.5172175783381477,0.0,1.0,0.0,0.0,1.0,0.961336
0.966875172232532,0.0,0.2936554555437208,0.7431839582032868,0.6327402854436681,0.0,0.0,1.0,0.0,1.0,0.956063
0.8736298943407597,0.0,0.09263504753360365,0.06972571685313034,0.5172175783381477,0.0,1.0,0.0,1.0,0.0,0.956063
0.9962877547276753,0.0,0.14682475795220173,0.19314693355934603,0.6612925550503013,0.0,0.0,1.0,1.0,0.0,0.950791
0.9654037616087863,0.0,0.14682475795220173,0.772679584370811,0.4621018657970029,0.0,1.0,0.0,1.0,0.0,0.963093
0.8533657801728181,0.0,0.4247460489524374,0.0268751682243308,0.7543961905986284,0.0,0.0,1.0,1.0,0.0,0.627417
0.6132197402700933,0.0,0.4003781979975792,0.37893964751299913,0.4968756105135412,0.0,0.0,1.0,1.0,0.0,0.945518
0.9565879146270957,0.0,0.4068991552651424,0.5101646228359847,0.4621018657970029,0.0,0.0,1.0,1.0,0.0,0.957821
0.9478283696981862,0.0,0.4404881331323368,0.2439903611681935,0.0,1.0,0.0,1.0,1.0,0.0,0.949033
0.9909246097103733,0.0,0.4404881331323368,0.23954859110571614,0.0,1.0,1.0,0.0,1.0,0.0,0.952548
0.9678022143184238,0.0,0.3428027996093033,0.6812117711168766,0.0,1.0,0.0,1.0,0.0,1.0,0.959578
0.8877436137649017,0.0,0.3428027996093033,0.751659680718309,0.6042437863446257,0.0,1.0,0.0,1.0,0.0,0.959578
0.9160926465275406,0.0,0.450038858504704,0.15408856601833734,0.0,1.0,1.0,0.0,1.0,0.0,0.950791
0.960237650177342,0.0,0.3204755793213596,0.24058420135432046,0.7431637281014043,0.0,0.0,1.0,0.0,1.0,0.627417
0.9660914455268907,0.0,0.2779134951153586,0.35611303985450854,0.0,1.0,0.0,1.0,0.0,1.0,0.956063
0.9138570769408066,0.0,0.44534878798630384,0.784725696389525,0.5316506093771822,0.0,0.0,1.0,0.0,1.0,0.959578
0.9918186057022041,0.0,0.4404881331323368,0.6384789523653567,0.0,1.0,1.0,0.0,1.0,0.0,0.956063
0.9925647089630192,0.0,0.3077371365407441,0.3937202280936211,0.6343853955593337,0.0,0.0,1.0,1.0,0.0,0.954306
0.8295959909600528,0.0,0.3619286289204309,0.9449390742722027,0.0,1.0,1.0,0.0,1.0,0.0,0.961336
0.7626599102565307,0.0,0.4354440152799738,0.883346151907541,0.0,1.0,0.0,1.0,0.0,1.0,0.957821
0.9823297290353111,0.0,0.4404881331323368,0.3844602412127635,0.6675164549294684,0.0,1.0,0.0,1.0,0.0,0.947276
0.9051498384222411,0.0,0.44534878798630384,0.76401171840166,0.6831887477193622,0.0,0.0,1.0,0.0,1.0,0.949033
0.9073078980946051,0.0,0.3862964427496404,0.9007924308555393,0.7561414626861884,0.0,1.0,0.0,1.0,0.0,0.899824
0.9892380041595242,0.0,0.35270753559797496,0.4061036610783641,0.4621018657970029,0.0,0.0,1.0,0.0,1.0,0.959578
0.9742837255827334,0.0,0.450038858504704,0.5685266403708773,0.5172175783381477,0.0,1.0,0.0,0.0,1.0,0.959578
0.9762667091120645,0.0,0.4404881331323368,0.8771064069440531,0.6603368798254234,0.0,0.0,1.0,1.0,0.0,0.949033
0.9945206142857819,0.0,0.4190578205014968,0.3838900693748738,0.7507122234393792,0.0,0.0,1.0,0.0,1.0,0.627417
0.9274838671047052,0.0,0.332104876118997,0.2189014324129488,0.582403374566274,0.0,0.0,1.0,0.0,1.0,0.956063
0.8770160754841823,0.0,0.21509674333769346,0.396825279071531,0.5867688302856895,0.0,1.0,0.0,1.0,0.0,0.957821
0.7163991195206834,0.0,0.23946426016579858,0.6649548018138729,0.7059211013975987,0.0,1.0,0.0,1.0,0.0,0.940246
0.8961510274337865,0.0,0.4354440152799738,0.5100820587417081,0.5316506093771822,0.0,1.0,0.0,0.0,1.0,0.957821
0.9778413774623965,0.0,0.2936554555437208,0.24050395230874402,0.6889619451580057,0.0,0.0,1.0,1.0,0.0,0.934974
0.9241725988684905,0.0,0.4068991552651424,0.35815626346637874,0.0,1.0,1.0,0.0,0.0,1.0,0.956063
0.9546436151754212,0.0,0.18527343603544136,0.7316269824703474,0.4621018657970029,0.0,0.0,1.0,1.0,0.0,0.964851
0.9709860643356717,0.0,0.09263504753360365,0.272532105314466,0.5597268509505413,0.0,1.0,0.0,1.0,0.0,0.959578
0.8784102950538286,0.0,0.3862964427496404,0.6210304338062307,0.0,1.0,1.0,0.0,1.0,0.0,0.959578
0.9708405673283372,0.0,0.3077371365407441,0.9535738631943347,0.6722983046724641,0.0,1.0,0.0,0.0,1.0,0.943761
0.964546319788148,0.0,0.4404881331323368,0.9398600155174253,0.4968756105135412,0.0,0.0,1.0,0.0,1.0,0.957821
0.9720898732802827,0.0,0.39352269130415707,0.10263116947306147,0.5519929952717247,0.0,1.0,0.0,0.0,1.0,0.949033
0.8902425006584118,0.0,0.4354440152799738,0.2645916596379609,0.5776215628315883,0.0,0.0,1.0,0.0,1.0,0.949033
0.8865538944692911,0.0,0.0,0.5468040315438523,0.6988311914347526,0.0,1.0,0.0,0.0,1.0,0.949033
0.9516360913810374,0.0,0.39352269130415707,0.9247706340296453,0.6819498831476017,0.0,1.0,0.0,1.0,0.0,0.934974
0.9561544010284768,0.0,0.4302020399004533,0.04008120485824131,0.5519929952717247,0.0,1.0,0.0,1.0,0.0,0.949033
0.9233151571251018,0.0,0.35270753559797496,0.7452032182787692,0.6123975650806347,0.0,1.0,0.0,0.0,1.0,0.956063
0.806254908578551,0.0,0.35270753559797496,0.21686548317164445,0.7561414626861884,0.0,1.0,0.0,1.0,0.0,0.627417
0.9899465771377645,0.0,0.3077371365407441,0.40713602820986783,0.7700360038372244,0.0,1.0,0.0,1.0,0.0,0.627417
0.9811982058308215,0.0,0.2936554555437208,0.48624419599444424,0.0,1.0,1.0,0.0,0.0,1.0,0.959578
0.9861286952023779,0.0,0.3428027996093033,0.9018964390002854,0.7557108032733554,0.0,1.0,0.0,1.0,0.0,0.915641
0.8758287311138505,0.0,0.2779134951153586,0.787917693825851,0.7151332252036329,0.0,1.0,0.0,0.0,1.0,0.934974
0.9022988621549164,0.0,0.45456991313075495,0.15734645328436664,0.5867688302856895,0.0,1.0,0.0,0.0,1.0,0.947276
0.9692161619654482,0.0,0.35270753559797496,0.7555949224093449,0.6375221275849534,0.0,0.0,1.0,0.0,1.0,0.954306
0.8915458012490933,0.0,0.0,0.07937366775821714,0.6926410833152389,0.0,0.0,1.0,0.0,1.0,0.627417
0.9909246097103733,0.0,0.4354440152799738,0.3580269357608934,0.0,1.0,1.0,0.0,0.0,1.0,0.954306
0.9807477224567426,0.0,0.3204755793213596,0.25111079647848694,0.0,1.0,0.0,1.0,0.0,1.0,0.956063
0.9799198176858609,0.0,0.3862964427496404,0.39330699783789347,0.742040438438738,0.0,0.0,1.0,0.0,1.0,0.627417
0.8889100037289375,0.0,0.21509674333769346,0.2586503706224865,0.5172175783381477,0.0,0.0,1.0,1.0,0.0,0.957821
0.9216733604300166,0.0,0.45456991313075495,0.3359676527751689,0.7555664247177286,0.0,1.0,0.0,1.0,0.0,0.627417
0.9890237758435029,0.0,0.23946426016579858,0.033477171859375765,0.6098241153334091,0.0,1.0,0.0,0.0,1.0,0.945518
0.9694154385227091,0.0,0.332104876118997,0.45760206772298834,0.761169607505016,0.0,1.0,0.0,0.0,1.0,0.627417
0.9977573421829281,0.0,0.450038858504704,0.9238799884844824,0.0,1.0,1.0,0.0,0.0,1.0,0.942004
0.9777549809368646,0.0,0.4131167015290358,0.6440335805173755,0.5979641995764539,0.0,0.0,1.0,1.0,0.0,0.956063
0.957140686761877,0.0,0.3862964427496404,0.020534563692690955,0.4968756105135412,0.0,0.0,1.0,1.0,0.0,0.949033
0.7979799339316789,0.0,0.37865704927040617,0.9871282577487894,0.5172175783381477,0.0,1.0,0.0,0.0,1.0,0.963093
0.8718616629345354,0.0,0.37055438950780784,0.13045210901548926,0.6432622532743826,0.0,1.0,0.0,1.0,0.0,0.947276
0.9405354938960132,0.0,0.3428027996093033,0.0940944694181337,0.4968756105135412,0.0,0.0,1.0,1.0,0.0,0.957821
0.9777981948852743,0.0,0.37865704927040617,0.7260060733308447,0.0,1.0,1.0,0.0,1.0,0.0,0.959578
0.9867636952453389,0.0,0.3077371365407441,0.36341456701462616,0.6375221275849534,0.0,0.0,1.0,1.0,0.0,0.952548
0.9868008379240213,0.0,0.37865704927040617,0.1385719010002221,0.669964328030236,0.0,0.0,1.0,0.0,1.0,0.942004
0.9476852071873648,0.0,0.3619286289204309,0.879876870636592,0.629278819612865,0.0,0.0,1.0,1.0,0.0,0.954306
0.9260578127099485,0.0,0.37865704927040617,0.568023116230892,0.6390198918867638,0.0,1.0,0.0,0.0,1.0,0.945518
0.9638404311289768,0.0,0.39352269130415707,0.27655211601893676,0.7121320418978528,0.0,1.0,0.0,1.0,0.0,0.922671
0.9817666579158486,0.0,0.4068991552651424,0.7731395961658103,0.0,1.0,1.0,0.0,1.0,0.0,0.956063
0.9639495761068172,0.0,0.23946426016579858,0.4619466765209994,0.6979271762977709,0.0,0.0,1.0,1.0,0.0,0.940246
0.9687150301330861,0.0,0.21509674333769346,0.7431701175043054,0.5867688302856895,0.0,1.0,0.0,0.0,1.0,0.961336
0.9042642043912474,0.0,0.0,0.694100717558321,0.7395167745118947,0.0,1.0,0.0,0.0,1.0,0.917399
0.9384798645536868,0.0,0.450038858504704,0.006945337022134051,0.0,1.0,0.0,1.0,1.0,0.0,0.942004
0.9099336339360338,0.0,0.4247460489524374,0.2579974719407423,0.7636913199169164,0.0,1.0,0.0,0.0,1.0,0.6274165202108963
0.9716124710635198,0.0,0.3862964427496404,0.29471843518328134,0.0,1.0,0.0,1.0,0.0,1.0,0.952548
0.9735459301139916,0.0,0.0,0.25914715171455954,0.7157764583184444,0.0,1.0,0.0,0.0,1.0,0.912127
0.859352456480372,0.0,0.3619286289204309,0.8016184423737397,0.756284198240843,0.0,0.0,1.0,0.0,1.0,0.922671
0.8567657894144349,0.0,0.2779134951153586,0.5315622351938949,0.4621018657970029,0.0,0.0,1.0,0.0,1.0,0.961336
0.9564025098156617,0.0,0.4404881331323368,0.22417973366991553,0.5316506093771822,0.0,0.0,1.0,1.0,0.0,0.956063
0.9195265066869409,0.0,0.37055438950780784,0.4331047662755828,0.5316506093771822,0.0,1.0,0.0,1.0,0.0,0.957821
0.9946834504083699,0.0,0.37055438950780784,0.1612019039103941,0.5172175783381477,0.0,0.0,1.0,1.0,0.0,0.954306
0.9412584682825571,0.0,0.3428027996093033,0.31885130936176637,0.5907846630655456,0.0,0.0,1.0,0.0,1.0,0.956063
0.9402925364707396,0.0,0.2600667605368463,0.09154263661512564,0.0,1.0,0.0,1.0,0.0,1.0,0.947276
0.8915458012490933,0.0,0.09263504753360365,0.35932928371811623,0.4968756105135412,0.0,1.0,0.0,1.0,0.0,0.957821
0.8392110576015502,0.0,0.4003781979975792,0.9604019427553417,0.6327402854436681,0.0,1.0,0.0,1.0,0.0,0.947276
0.9990405598663615,0.0,0.3428027996093033,0.8875984677256341,0.669964328030236,0.0,0.0,1.0,1.0,0.0,0.952548
0.8574230775256984,0.0,0.2779134951153586,0.026267306005926992,0.5172175783381477,0.0,0.0,1.0,1.0,0.0,0.952548
0.8826213475085392,0.0,0.09263504753360365,0.090259753646977,0.7082020164382025,0.0,0.0,1.0,1.0,0.0,0.627417
0.6544499169557171,0.0,0.37865704927040617,0.9829414669126373,0.5316506093771822,0.0,1.0,0.0,0.0,1.0,0.952548
0.9940951423318208,0.0,0.45456991313075495,0.36661622651380504,0.5907846630655456,0.0,1.0,0.0,1.0,0.0,0.950791
0.975148135398843,0.0,0.4003781979975792,0.8159901254695541,0.7001573871605129,0.0,1.0,0.0,0.0,1.0,0.943761
0.9446717849174576,0.0,0.4247460489524374,0.1291364165243043,0.5597268509505413,0.0,1.0,0.0,0.0,1.0,0.952548
0.9466733043864037,0.0,0.21509674333769346,0.877152098363844,0.4621018657970029,0.0,1.0,0.0,1.0,0.0,0.964851
0.9070246404758787,0.0,0.3077371365407441,0.03247060018653398,0.7240101039145385,0.0,1.0,0.0,1.0,0.0,0.627417
0.902910528073052,0.0,0.4404881331323368,0.702698379087744,0.0,1.0,0.0,1.0,0.0,1.0,0.954306
0.9951693011773161,0.0,0.4404881331323368,0.5578777916762607,0.703531531306351,0.0,1.0,0.0,1.0,0.0,0.927944
0.9814018486097192,0.0,0.21509674333769346,0.1800753765048596,0.6471736927570897,0.0,1.0,0.0,1.0,0.0,0.950791
0.9307158911970307,0.0,0.4247460489524374,0.8884924767620488,0.5945027456911289,0.0,1.0,0.0,0.0,1.0,0.949033
0.7230152285557212,0.0,0.0,0.05206805554181408,0.7694912480293403,0.0,1.0,0.0,1.0,0.0,0.627417
0.9226638660475294,0.0,0.4354440152799738,0.09979859993668509,0.7031219658732458,0.0,0.0,1.0,1.0,0.0,0.627417
0.984991299213111,0.0,0.2600667605368463,0.7316426706913479,0.6530830336795791,0.0,0.0,1.0,0.0,1.0,0.952548
0.9900169724100888,0.0,0.450038858504704,0.5968631461249764,0.5316506093771822,0.0,0.0,1.0,1.0,0.0,0.956063
0.9739159717245498,0.0,0.37865704927040617,0.9247489806524856,0.5519929952717247,0.0,1.0,0.0,0.0,1.0,0.959578
0.9765761769084751,0.0,0.450038858504704,0.10648477630238154,0.6418876086432301,0.0,0.0,1.0,1.0,0.0,0.952548
0.9170598871819795,0.0,0.4190578205014968,0.6230270127840516,0.4968756105135412,0.0,1.0,0.0,0.0,1.0,0.956063
0.9661965409542937,0.0,0.23946426016579858,0.12586585760882762,0.7699275248391857,0.0,1.0,0.0,1.0,0.0,0.627417
0.9868750537764193,0.0,0.0,0.6166889887296045,0.5519929952717247,0.0,0.0,1.0,0.0,1.0,0.957821
0.9824097344242262,0.0,0.09263504753360365,0.6830760831178868,0.7389159109485899,0.0,1.0,0.0,1.0,0.0,0.926186
0.9933015697163745,0.0,0.4068991552651424,0.7884408652623764,0.6042437863446257,0.0,0.0,1.0,0.0,1.0,0.956063
0.7952550035745619,0.0,0.0,0.22038192107423835,0.6235929678186829,0.0,1.0,0.0,0.0,1.0,0.945518
0.9436068256322246,0.0,0.14682475795220173,0.5019526973612626,0.4968756105135412,0.0,1.0,0.0,0.0,1.0,0.964851
0.9177751341534158,0.0,0.18527343603544136,0.6971165331063003,0.7274173110809069,0.0,1.0,0.0,0.0,1.0,0.936731
0.951568991548788,0.0,0.37865704927040617,0.037540397582352024,0.5597268509505413,0.0,0.0,1.0,1.0,0.0,0.942004
0.9502794990642713,0.0,0.35270753559797496,0.43701573266816607,0.7070745197685785,0.0,0.0,1.0,0.0,1.0,0.933216
0.9459398303045693,0.0,0.2936554555437208,0.6779311827296313,0.0,1.0,1.0,0.0,1.0,0.0,0.961336
0.9309062401344188,0.0,0.4404881331323368,0.43411142130228464,0.5519929952717247,0.0,1.0,0.0,0.0,1.0,0.956063
0.7657913619437537,0.0,0.23946426016579858,0.9165717441208057,0.0,1.0,0.0,1.0,1.0,0.0,0.963093
0.9349468295942804,0.0,0.18527343603544136,0.6490703721127697,0.582403374566274,0.0,0.0,1.0,1.0,0.0,0.961336
0.8642109901337799,0.0,0.4190578205014968,0.473203755774264,0.0,1.0,0.0,1.0,1.0,0.0,0.954306
0.990437603495919,0.0,0.4068991552651424,0.8997135890573557,0.703531531306351,0.0,0.0,1.0,0.0,1.0,0.952548
0.9872447504169929,0.0,0.4354440152799738,0.9453435656440058,0.4968756105135412,0.0,1.0,0.0,1.0,0.0,0.945518
0.9454209635131688,0.0,0.2600667605368463,0.5907146699133838,0.4621018657970029,0.0,0.0,1.0,0.0,1.0,0.961336
0.9564025098156617,0.0,0.3862964427496404,0.6100026873331186,0.4968756105135412,0.0,1.0,0.0,1.0,0.0,0.963093
0.9048560897413105,0.0,0.4302020399004533,0.4503569303808017,0.7522802108075093,0.0,0.0,1.0,0.0,1.0,0.627417
0.948255801438418,0.0,0.2936554555437208,0.5541251608310993,0.4621018657970029,0.0,1.0,0.0,0.0,1.0,0.963093
0.9412584682825571,0.0,0.4068991552651424,0.001467041448410385,0.5428458114345373,0.0,0.0,1.0,0.0,1.0,0.947276
0.8911763343270186,0.0,0.3428027996093033,0.39673481964371127,0.0,1.0,1.0,0.0,0.0,1.0,0.956063
0.9820890651965193,0.0,0.3077371365407441,0.9802528862807388,0.0,1.0,0.0,1.0,0.0,1.0,0.963093
0.9717560944658589,0.0,0.45456991313075495,0.5599477916680609,0.6900409431728625,0.0,1.0,0.0,0.0,1.0,0.938489
0.9138570769408066,0.0,0.4068991552651424,0.04855199156743182,0.5172175783381477,0.0,1.0,0.0,1.0,0.0,0.947276
0.9818474237091842,0.0,0.4302020399004533,0.34041100842365124,0.0,1.0,1.0,0.0,0.0,1.0,0.956063
0.9310011866704538,0.0,0.37055438950780784,0.6347880313167799,0.7110903817856661,0.0,0.0,1.0,0.0,1.0,0.931459
0.9366964849343051,0.0,0.4190578205014968,0.4121941611875244,0.0,1.0,1.0,0.0,1.0,0.0,0.954306
1.0,0.0,0.4190578205014968,0.9115874791945917,0.7128146577851202,0.0,0.0,1.0,0.0,1.0,0.949033
0.9627378231706867,0.0,0.3862964427496404,0.9935392485619584,0.7179649702317995,0.0,1.0,0.0,0.0,1.0,0.929701
0.8979969409519757,0.0,0.4068991552651424,0.26231951978241036,0.4621018657970029,0.0,1.0,0.0,1.0,0.0,0.954306
0.8708271329314633,0.0,0.37055438950780784,0.8225505534562924,0.582403374566274,0.0,1.0,0.0,1.0,0.0,0.959578
0.9543880444480038,0.0,0.37055438950780784,0.9514192480910602,0.4968756105135412,0.0,0.0,1.0,1.0,0.0,0.964851
0.9583509827484723,0.0,0.2600667605368463,0.7312562608208011,0.65080212209609,0.0,0.0,1.0,0.0,1.0,0.954306
0.9943573311790656,0.0,0.0,0.8305159866643751,0.5172175783381477,0.0,1.0,0.0,0.0,1.0,0.963093
0.9695148270115321,0.0,0.35270753559797496,0.559285377374799,0.4968756105135412,0.0,0.0,1.0,0.0,1.0,0.956063
0.792399227670271,0.0,0.09263504753360365,0.3911623002141902,0.0,1.0,1.0,0.0,0.0,1.0,0.959578
0.841816610979381,0.0,0.14682475795220173,0.17543540400079308,0.0,1.0,1.0,0.0,1.0,0.0,0.956063
0.9691162727787557,0.0,0.3077371365407441,0.5909575965905834,0.6889619451580057,0.0,1.0,0.0,0.0,1.0,0.949033
0.9195265066869409,0.0,0.35270753559797496,0.4108615818561388,0.5172175783381477,0.0,0.0,1.0,0.0,1.0,0.957821
0.7260663433122272,0.0,0.4003781979975792,0.24352306662067671,0.6884136175902105,0.0,1.0,0.0,1.0,0.0,0.934974
0.9483975988705267,0.0,0.332104876118997,0.9308021969058252,0.0,1.0,0.0,1.0,0.0,1.0,0.957821
0.9809938634876342,0.0,0.39352269130415707,0.30189525332654576,0.0,1.0,0.0,1.0,1.0,0.0,0.952548
0.9972299708141102,0.0,0.18527343603544136,0.45894557013540715,0.7179649702317995,0.0,0.0,1.0,1.0,0.0,0.949033
0.9771903239290214,0.0,0.4354440152799738,0.12552113863843273,0.7263933673310129,0.0,0.0,1.0,1.0,0.0,0.627417
0.9718516511079562,0.0,0.4131167015290358,0.39837700734367515,0.6530830336795791,0.0,1.0,0.0,1.0,0.0,0.952548
0.8400923175366438,0.0,0.4354440152799738,0.9970716687523852,0.0,1.0,1.0,0.0,0.0,1.0,0.934974
0.9204399064423313,0.0,0.4131167015290358,0.1271749611868921,0.6622303661701174,0.0,1.0,0.0,1.0,0.0,0.934974
0.972421789628646,0.0,0.09263504753360365,0.34395342409237334,0.7579660824496874,0.0,1.0,0.0,0.0,1.0,0.627417
0.9553408250207509,0.0,0.3204755793213596,0.0037970235279872148,0.6343853955593337,0.0,1.0,0.0,0.0,1.0,0.942004
0.9307158911970307,0.0,0.3204755793213596,0.4133663262472809,0.6343853955593337,0.0,0.0,1.0,1.0,0.0,0.954306
0.9112704090311257,0.0,0.18527343603544136,0.033013505067444215,0.582403374566274,0.0,0.0,1.0,1.0,0.0,0.945518
0.7933664669484961,0.0,0.37055438950780784,0.5115818668720641,0.7381033991411714,0.0,0.0,1.0,0.0,1.0,0.915641
0.8280096583157496,0.0,0.2936554555437208,0.7524664017317452,0.4621018657970029,0.0,1.0,0.0,1.0,0.0,0.961336
0.9848379898554152,0.0,0.39352269130415707,0.8392572224244631,0.0,1.0,1.0,0.0,0.0,1.0,0.959578
0.8721175083874725,0.0,0.450038858504704,0.6755924883089803,0.6071114949032003,0.0,1.0,0.0,0.0,1.0,0.945518
0.9285808368493523,0.0,0.2936554555437208,0.16058674403822204,0.744623365871985,0.0,1.0,0.0,1.0,0.0,0.627417
0.9929342803193779,0.0,0.2779134951153586,0.5836382247193662,0.6563210229248821,0.0,1.0,0.0,1.0,0.0,0.947276
0.9984634831042412,0.0,0.4068991552651424,0.896191811851051,0.0,1.0,1.0,0.0,0.0,1.0,0.956063
0.9632916818848667,0.0,0.3077371365407441,0.011626086793535764,0.4621018657970029,0.0,1.0,0.0,0.0,1.0,0.947276
0.9282836639159393,0.0,0.23946426016579858,0.37412709852429993,0.6793764234981645,0.0,1.0,0.0,1.0,0.0,0.940246
0.9472536406425822,0.0,0.332104876118997,0.056411303669544714,0.582403374566274,0.0,1.0,0.0,1.0,0.0,0.949033
0.9047086696238492,0.0,0.3428027996093033,0.08845288316609842,0.5316506093771822,0.0,0.0,1.0,1.0,0.0,0.949033
0.7904162472962654,0.0,0.3862964427496404,0.5336244162210521,0.7791291429214178,0.0,1.0,0.0,0.0,1.0,0.627417
0.8867538408145155,0.0,0.4404881331323368,0.03233460999301231,0.6715323134380659,0.0,1.0,0.0,0.0,1.0,0.922671
0.9365238171989616,0.0,0.4302020399004533,0.21507497193362585,0.0,1.0,0.0,1.0,0.0,1.0,0.949033
0.8321493422002165,0.0,0.39352269130415707,0.9043686385983897,0.6951130846884438,0.0,0.0,1.0,0.0,1.0,0.947276
0.9408579011548405,0.0,0.450038858504704,0.7953202304979373,0.6766637920655021,0.0,1.0,0.0,1.0,0.0,0.938489
0.9662490191195359,0.0,0.4302020399004533,0.3701350453565586,0.6730527768215534,0.0,1.0,0.0,1.0,0.0,0.945518
0.967340499219739,0.0,0.35270753559797496,0.7831271206866481,0.640474236685525,0.0,1.0,0.0,0.0,1.0,0.947276
0.9793754337613323,0.0,0.0,0.24022440371713522,0.4968756105135412,0.0,0.0,1.0,0.0,1.0,0.952548
0.9570182916660774,0.0,0.44534878798630384,0.2986453785085604,0.6793764234981645,0.0,1.0,0.0,1.0,0.0,0.933216
0.9771466659473729,0.0,0.37055438950780784,0.9135113659226315,0.0,1.0,1.0,0.0,1.0,0.0,0.959578
0.9867636952453389,0.0,0.4404881331323368,0.20506170643681856,0.0,1.0,0.0,1.0,1.0,0.0,0.949033
0.9803352104181973,0.0,0.4003781979975792,0.16627644572413,0.6951130846884438,0.0,0.0,1.0,1.0,0.0,0.924429
0.9792490960200773,0.0,0.4068991552651424,0.7985520624647793,0.6800322689458279,0.0,0.0,1.0,0.0,1.0,0.949033
0.9103378302016892,0.0,0.4404881331323368,0.3178491414736076,0.5316506093771822,0.0,1.0,0.0,1.0,0.0,0.957821
0.8650793847206498,0.0,0.3862964427496404,0.25394679004243864,0.0,1.0,0.0,1.0,1.0,0.0,0.954306
0.9890595341842945,0.0,0.23946426016579858,0.8137753964003088,0.4621018657970029,0.0,1.0,0.0,1.0,0.0,0.964851
0.9745124225084915,0.0,0.4302020399004533,0.37130461643486407,0.5664262353496466,0.0,0.0,1.0,0.0,1.0,0.952548
0.9980961077812963,0.0,0.35270753559797496,0.24293238717195995,0.5664262353496466,0.0,1.0,0.0,0.0,1.0,0.954306
0.8054773298729592,0.0,0.37865704927040617,0.956200813425365,0.5316506093771822,0.0,0.0,1.0,1.0,0.0,0.961336
0.9939965228037256,0.0,0.3204755793213596,0.9521460108661038,0.5979641995764539,0.0,0.0,1.0,1.0,0.0,0.957821
0.9827684329847701,0.0,0.2936554555437208,0.4684578833546391,0.0,1.0,1.0,0.0,0.0,1.0,0.959578
0.9387303238430483,0.0,0.18527343603544136,0.6947648690112266,0.5172175783381477,0.0,1.0,0.0,1.0,0.0,0.961336
0.9225546208547168,0.0,0.3862964427496404,0.8016876668235263,0.6658155651673044,0.0,1.0,0.0,1.0,0.0,0.936731
0.9207788474755759,0.0,0.37865704927040617,0.5845216820418072,0.5172175783381477,0.0,1.0,0.0,1.0,0.0,0.963093
0.992057018840144,0.0,0.39352269130415707,0.7317791342323502,0.648412555799236,0.0,0.0,1.0,1.0,0.0,0.952548
0.9932016245822037,0.0,0.4404881331323368,0.9573668459227451,0.0,1.0,1.0,0.0,1.0,0.0,0.940246
0.9968548734162671,0.0,0.18527343603544136,0.5390880880817366,0.5316506093771822,0.0,1.0,0.0,0.0,1.0,0.961336
0.9191803331193262,0.0,0.2779134951153586,0.025441501615084648,0.6071114949032003,0.0,0.0,1.0,1.0,0.0,0.949033
0.8596680220487668,0.0,0.18527343603544136,0.6167604425459109,0.5172175783381477,0.0,0.0,1.0,0.0,1.0,0.959578
0.9909938576788796,0.0,0.450038858504704,0.9887884023848827,0.4968756105135412,0.0,0.0,1.0,1.0,0.0,0.959578
0.9744210492230547,0.0,0.4131167015290358,0.13234355456073688,0.0,1.0,1.0,0.0,0.0,1.0,0.949033
0.9507578335936032,0.0,0.45456991313075495,0.3134611232423603,0.7440809658885551,0.0,1.0,0.0,1.0,0.0,0.627417
0.9902276597549521,0.0,0.4404881331323368,0.6446564117386927,0.7456908850831344,0.0,1.0,0.0,1.0,0.0,0.906854
0.944217706421438,0.0,0.4131167015290358,0.2315533488807414,0.7624463052761754,0.0,0.0,1.0,0.0,1.0,0.627417
0.7904162472962654,0.0,0.3619286289204309,0.2644270490349718,0.6327402854436681,0.0,0.0,1.0,0.0,1.0,0.950791
0.9914076610745659,0.0,0.21509674333769346,0.7043265302770055,0.6819498831476017,0.0,0.0,1.0,0.0,1.0,0.949033
0.977668458743624,0.0,0.35270753559797496,0.34795872284047175,0.6675164549294684,0.0,1.0,0.0,1.0,0.0,0.949033
0.9923621525868738,0.0,0.2936554555437208,0.505136293520083,0.697006572819868,0.0,1.0,0.0,1.0,0.0,0.934974
0.9151094177054716,0.0,0.450038858504704,0.43016824842157586,0.6855783168620103,0.0,0.0,1.0,0.0,1.0,0.940246
0.9125778020681996,0.0,0.3077371365407441,0.9969752166942282,0.4968756105135412,0.0,0.0,1.0,1.0,0.0,0.964851
0.9110054465064207,0.0,0.4302020399004533,0.40922142351999546,0.6780384385799625,0.0,0.0,1.0,1.0,0.0,0.952548
0.9994622203568304,0.0,0.4404881331323368,0.4777262831546016,0.6274542059752918,0.0,1.0,0.0,0.0,1.0,0.947276
0.9761335856012525,0.0,0.09263504753360365,0.632585461200889,0.5776215628315883,0.0,0.0,1.0,1.0,0.0,0.956063
0.8664991173472728,0.0,0.44534878798630384,0.9727261148706083,0.6390198918867638,0.0,0.0,1.0,1.0,0.0,0.952548
0.8902425006584118,0.0,0.09263504753360365,0.8226089111703936,0.69109722376776,0.0,1.0,0.0,0.0,1.0,0.950791
0.9886650051654134,0.0,0.37055438950780784,0.4986913830408414,0.4968756105135412,0.0,1.0,0.0,1.0,0.0,0.963093
0.987023208268917,0.0,0.37865704927040617,0.44288283139269213,0.5723355205267837,0.0,1.0,0.0,0.0,1.0,0.959578
0.9467461568075204,0.0,0.37865704927040617,0.13571020417908605,0.0,1.0,0.0,1.0,1.0,0.0,0.947276
0.9745124225084915,0.0,0.4302020399004533,0.12619474609786216,0.6867317347910289,0.0,0.0,1.0,0.0,1.0,0.922671
0.9808709202865968,0.0,0.45456991313075495,0.6624312527452441,0.6012021748853413,0.0,0.0,1.0,0.0,1.0,0.956063
0.9486801836994934,0.0,0.450038858504704,0.5442127816781258,0.0,1.0,1.0,0.0,0.0,1.0,0.956063
0.9946509188251483,0.0,0.09263504753360365,0.3784728114117142,0.7565684568691331,0.0,1.0,0.0,0.0,1.0,0.627417
0.9996719349990683,0.0,0.4190578205014968,0.5961278423732193,0.4621018657970029,0.0,0.0,1.0,1.0,0.0,0.959578
0.9962244064804485,0.0,0.3428027996093033,0.32054693317275085,0.5172175783381477,0.0,0.0,1.0,0.0,1.0,0.959578
0.8986542292448141,0.0,0.2779134951153586,0.4829553856103421,0.5776215628315883,0.0,0.0,1.0,0.0,1.0,0.959578
0.7369115095351766,0.0,0.4404881331323368,0.4718943883975287,0.5664262353496466,0.0,0.0,1.0,0.0,1.0,0.954306
0.9695644590517317,0.0,0.4354440152799738,0.5561571163048943,0.6235929678186829,0.0,1.0,0.0,0.0,1.0,0.949033
0.9391454266677878,0.0,0.21509674333769346,0.07406219376027426,0.5172175783381477,0.0,0.0,1.0,0.0,1.0,0.954306
0.857095341330691,0.0,0.0,0.3899428574501427,0.5316506093771822,0.0,0.0,1.0,0.0,1.0,0.959578
0.9879409061683654,0.0,0.37055438950780784,0.23672031452598571,0.6255607232040483,0.0,1.0,0.0,0.0,1.0,0.952548
0.9740081235587565,0.0,0.23946426016579858,0.5247509695966689,0.0,1.0,1.0,0.0,0.0,1.0,0.959578
0.9807888167572247,0.0,0.0,0.5192347352106739,0.5979641995764539,0.0,0.0,1.0,0.0,1.0,0.954306
0.9695148270115321,0.0,0.3619286289204309,0.7588073434041404,0.0,1.0,0.0,1.0,1.0,0.0,0.959578
0.9936666051615842,0.0,0.4354440152799738,0.10933036184674981,0.5316506093771822,0.0,0.0,1.0,1.0,0.0,0.952548
0.8755883914832242,0.0,0.18527343603544136,0.020091376571743286,0.5945027456911289,0.0,1.0,0.0,0.0,1.0,0.943761
0.9607576689950047,0.0,0.332104876118997,0.17322401630375842,0.0,1.0,0.0,1.0,1.0,0.0,0.952548
0.9919549587665689,0.0,0.450038858504704,0.24838569544693728,0.4968756105135412,0.0,0.0,1.0,1.0,0.0,0.952548
0.9245967289440512,0.0,0.23946426016579858,0.4329745586979226,0.0,1.0,0.0,1.0,0.0,1.0,0.957821
0.9618407807820922,0.0,0.44534878798630384,0.6419983430435331,0.7796686268172861,0.0,0.0,1.0,0.0,1.0,0.627417
0.97373123866591,0.0,0.44534878798630384,0.23749078988154562,0.6951130846884438,0.0,0.0,1.0,0.0,1.0,0.934974
0.9716124710635198,0.0,0.3077371365407441,0.3689184128749015,0.0,1.0,1.0,0.0,0.0,1.0,0.959578
0.984991299213111,0.0,0.4302020399004533,0.4540444059812584,0.0,1.0,1.0,0.0,1.0,0.0,0.956063
0.9860911303145268,0.0,0.4190578205014968,0.581555826888566,0.0,1.0,0.0,1.0,1.0,0.0,0.957821
0.9800031286203839,0.0,0.23946426016579858,0.24907319901936603,0.5664262353496466,0.0,0.0,1.0,1.0,0.0,0.952548
0.9850295648933403,0.0,0.4131167015290358,0.04783721335456725,0.5428458114345373,0.0,1.0,0.0,0.0,1.0,0.947276
0.9453464688331231,0.0,0.0,0.9962719664599641,0.7128146577851202,0.0,1.0,0.0,1.0,0.0,0.952548
0.9529624338458224,0.0,0.35270753559797496,0.46136955208638447,0.5907846630655456,0.0,1.0,0.0,0.0,1.0,0.956063
0.9541313709309807,0.0,0.14682475795220173,0.9964407335800405,0.7043407663891382,0.0,1.0,0.0,0.0,1.0,0.954306
0.9362638721689984,0.0,0.450038858504704,0.8837244082338434,0.4621018657970029,0.0,0.0,1.0,1.0,0.0,0.957821
0.9728927659369228,0.0,0.332104876118997,0.33510647118985604,0.0,1.0,1.0,0.0,1.0,0.0,0.959578
0.8708271329314633,0.0,0.4190578205014968,0.1893822499322265,0.7289150791090506,0.0,0.0,1.0,1.0,0.0,0.627417
0.8606047968495317,0.0,0.2779134951153586,0.9897828411815548,0.5316506093771822,0.0,0.0,1.0,0.0,1.0,0.964851
0.8547491905967548,0.0,0.3077371365407441,0.3634516559900524,0.0,1.0,1.0,0.0,0.0,1.0,0.957821
0.9832433576452059,0.0,0.4354440152799738,0.5717619156903525,0.7070745197685785,0.0,0.0,1.0,0.0,1.0,0.929701
0.9730333347231089,0.0,0.3862964427496404,0.25997724324124694,0.5664262353496466,0.0,1.0,0.0,0.0,1.0,0.954306
0.9070246404758787,0.0,0.4302020399004533,0.2309465467464898,0.7636913199169164,0.0,1.0,0.0,0.0,1.0,0.627417
0.997788218902336,0.0,0.4190578205014968,0.8630369379377653,0.6988311914347526,0.0,0.0,1.0,1.0,0.0,0.950791
0.9908899554721511,0.0,0.450038858504704,0.09978143532789369,0.5172175783381477,0.0,0.0,1.0,1.0,0.0,0.952548
0.9899465771377645,0.0,0.0,0.07187396493219217,0.6603368798254234,0.0,0.0,1.0,1.0,0.0,0.942004
0.979878118421958,0.0,0.4247460489524374,0.5375276637667585,0.4621018657970029,0.0,0.0,1.0,0.0,1.0,0.956063
0.9357405492073632,0.0,0.332104876118997,0.5557740422185896,0.0,1.0,0.0,1.0,1.0,0.0,0.959578
0.9974787280970051,0.0,0.4190578205014968,0.8627816890919695,0.7453375631283593,0.0,1.0,0.0,1.0,0.0,0.926186
0.8199900791726535,0.0,0.4003781979975792,0.01083782516771191,0.0,1.0,0.0,1.0,0.0,1.0,0.943761
0.9795854022020483,0.0,0.3619286289204309,0.95191107125826,0.7258734507415806,0.0,1.0,0.0,0.0,1.0,0.929701
0.9729865153605898,0.0,0.09263504753360365,0.9186850345686837,0.0,1.0,0.0,1.0,0.0,1.0,0.961336
0.9722797664884586,0.0,0.4003781979975792,0.10403631043546831,0.4621018657970029,0.0,0.0,1.0,0.0,1.0,0.954306
0.9421303345657474,0.0,0.0,0.2654030787357458,0.0,1.0,0.0,1.0,1.0,0.0,0.956063
0.9951370342937123,0.0,0.4003781979975792,0.23981006099005292,0.582403374566274,0.0,0.0,1.0,1.0,0.0,0.952548
0.9177751341534158,0.0,0.21509674333769346,0.4336703978892296,0.7144816381841019,0.0,0.0,1.0,0.0,1.0,0.938489
0.9865030450719317,0.0,0.21509674333769346,0.14869406715156455,0.7085722874240881,0.0,1.0,0.0,0.0,1.0,0.627417
0.9967293134782435,0.0,0.3077371365407441,0.3717395028617344,0.0,1.0,1.0,0.0,0.0,1.0,0.959578
0.8853398935276136,0.0,0.37055438950780784,0.07013095584852531,0.6274542059752918,0.0,0.0,1.0,1.0,0.0,0.942004
0.803081680405022,0.0,0.3862964427496404,0.8058468207326307,0.5428458114345373,0.0,0.0,1.0,1.0,0.0,0.957821
0.9767083146835536,0.0,0.3077371365407441,0.46647500607508785,0.5867688302856895,0.0,0.0,1.0,0.0,1.0,0.956063
0.962959985879491,0.0,0.2936554555437208,0.06251070075556564,0.5979641995764539,0.0,1.0,0.0,0.0,1.0,0.949033
0.9801694012584434,0.0,0.37055438950780784,0.926983289729819,0.5519929952717247,0.0,1.0,0.0,1.0,0.0,0.963093
0.989202352975882,0.0,0.2936554555437208,0.3505289188714701,0.6194096025507606,0.0,0.0,1.0,1.0,0.0,0.952548
0.985334807373932,0.0,0.18527343603544136,0.8745931669784404,0.0,1.0,0.0,1.0,1.0,0.0,0.959578
0.9817666579158486,0.0,0.0,0.5306177884571163,0.6895043447505095,0.0,1.0,0.0,0.0,1.0,0.949033
0.964384164313937,0.0,0.21509674333769346,0.7768427481128347,0.5597268509505413,0.0,1.0,0.0,0.0,1.0,0.961336
0.9607576689950047,0.0,0.3077371365407441,0.1990280615767833,0.6123975650806347,0.0,0.0,1.0,0.0,1.0,0.950791
0.9749218742011024,0.0,0.2936554555437208,0.03548208016961022,0.0,1.0,1.0,0.0,0.0,1.0,0.950791
0.9791224893795795,0.0,0.2936554555437208,0.6332248675003431,0.4968756105135412,0.0,0.0,1.0,0.0,1.0,0.959578
0.9263662869954301,0.0,0.4068991552651424,0.8373462350555784,0.0,1.0,1.0,0.0,1.0,0.0,0.957821
0.9648693106069259,0.0,0.3077371365407441,0.610229161634653,0.7085722874240881,0.0,0.0,1.0,0.0,1.0,0.934974
0.9952981939654924,0.0,0.450038858504704,0.08467749415587886,0.734274902128097,0.0,1.0,0.0,1.0,0.0,0.627417
0.8085284563696533,0.0,0.18527343603544136,0.3876714510154305,0.629278819612865,0.0,0.0,1.0,0.0,1.0,0.949033
0.9631260650832041,0.0,0.2779134951153586,0.5008074728280054,0.4968756105135412,0.0,0.0,1.0,0.0,1.0,0.959578
0.9400485826350556,0.0,0.3862964427496404,0.1162017828540458,0.4968756105135412,0.0,1.0,0.0,0.0,1.0,0.954306
0.9890595341842945,0.0,0.3428027996093033,0.7312312334749493,0.7298893136723387,0.0,1.0,0.0,1.0,0.0,0.931459
0.992395959918452,0.0,0.44534878798630384,0.49120932864852995,0.5723355205267837,0.0,0.0,1.0,0.0,1.0,0.956063
0.9868008379240213,0.0,0.332104876118997,0.14296706554442798,0.7245495876170398,0.0,0.0,1.0,0.0,1.0,0.627417
0.9789956126927382,0.0,0.44534878798630384,0.00661637193136692,0.645903462863681,0.0,0.0,1.0,0.0,1.0,0.933216
0.9164572073593912,0.0,0.3428027996093033,0.2729489169922087,0.0,1.0,0.0,1.0,1.0,0.0,0.954306
0.9714685000447285,0.0,0.332104876118997,0.4568643909473605,0.763197015272848,0.0,1.0,0.0,0.0,1.0,0.627417
0.9804179419997602,0.0,0.2600667605368463,0.7846934852447598,0.5172175783381477,0.0,1.0,0.0,1.0,0.0,0.963093
0.996508943821701,0.0,0.14682475795220173,0.3176718894893334,0.6530830336795791,0.0,1.0,0.0,1.0,0.0,0.954306
0.9993721158225279,0.0,0.4354440152799738,0.6863592657194143,0.5316506093771822,0.0,0.0,1.0,1.0,0.0,0.957821
0.9563405795700901,0.0,0.332104876118997,0.9221234306731784,0.6631509688033842,0.0,1.0,0.0,1.0,0.0,0.943761
0.9735459301139916,0.0,0.09263504753360365,0.546349729721126,0.7110903817856661,0.0,1.0,0.0,1.0,0.0,0.947276
0.9802108968984533,0.0,0.2936554555437208,0.9764279438661373,0.5519929952717247,0.0,0.0,1.0,1.0,0.0,0.964851
0.979627307098111,0.0,0.3428027996093033,0.12244048985242159,0.6375221275849534,0.0,1.0,0.0,0.0,1.0,0.947276
0.9747857032210276,0.0,0.45456991313075495,0.06501579555888669,0.5316506093771822,0.0,0.0,1.0,0.0,1.0,0.949033
0.9081496666841333,0.0,0.3619286289204309,0.25631276562282257,0.6042437863446257,0.0,0.0,1.0,0.0,1.0,0.949033
0.9898760984587047,0.0,0.332104876118997,0.4444625120792612,0.0,1.0,0.0,1.0,0.0,1.0,0.957821
0.8997872917983354,0.0,0.35270753559797496,0.5975103476402069,0.0,1.0,0.0,1.0,0.0,1.0,0.961336
0.9603536034224288,0.0,0.37865704927040617,0.4092758733815992,0.0,1.0,0.0,1.0,1.0,0.0,0.954306
0.9944553548185358,0.0,0.18527343603544136,0.3019716254862834,0.6310393985649106,0.0,0.0,1.0,1.0,0.0,0.950791
0.9875388622548101,0.0,0.2779134951153586,0.7114281520621947,0.0,1.0,1.0,0.0,0.0,1.0,0.963093
0.9845687440126569,0.0,0.3862964427496404,0.8091706816478895,0.7585144104669402,0.0,1.0,0.0,1.0,0.0,0.906854
0.8931805784927999,0.0,0.18527343603544136,0.26424448685098795,0.6235929678186829,0.0,1.0,0.0,0.0,1.0,0.956063
0.9402925364707396,0.0,0.37055438950780784,0.8598314124958509,0.6171793996202338,0.0,0.0,1.0,1.0,0.0,0.956063
0.9961609906977675,0.0,0.35270753559797496,0.20337177187605765,0.0,1.0,1.0,0.0,1.0,0.0,0.952548
0.8455226927147121,0.0,0.332104876118997,0.02954352273930584,0.4621018657970029,0.0,0.0,1.0,1.0,0.0,0.947276
0.993765772728402,0.0,0.18527343603544136,0.290918765985137,0.6583691205807326,0.0,0.0,1.0,0.0,1.0,0.952548
0.9476852071873648,0.0,0.4354440152799738,0.6702147056165426,0.0,1.0,1.0,0.0,1.0,0.0,0.952548
0.9991311676503257,0.0,0.2779134951153586,0.3161127257268706,0.6012021748853413,0.0,1.0,0.0,0.0,1.0,0.954306
0.7369115095351766,0.0,0.37865704927040617,0.8084836842522555,0.8016247990528265,0.0,1.0,0.0,0.0,1.0,0.627417
0.966144016450714,0.0,0.450038858504704,0.7661505218829683,0.7721577372128322,0.0,1.0,0.0,1.0,0.0,0.627417
0.9977573421829281,0.0,0.450038858504704,0.9017831701843643,0.7157764583184444,0.0,0.0,1.0,1.0,0.0,0.938489
0.9625706549216878,0.0,0.4068991552651424,0.9589214105544651,0.5597268509505413,0.0,1.0,0.0,1.0,0.0,0.957821
0.989840827779839,0.0,0.14682475795220173,0.2742919786536285,0.7424176696071187,0.0,0.0,1.0,1.0,0.0,0.627417
0.9197561748881145,0.0,0.23946426016579858,0.9541584717811586,0.5172175783381477,0.0,1.0,0.0,0.0,1.0,0.963093
0.9263662869954301,0.0,0.0,0.12329630396135027,0.0,1.0,0.0,1.0,0.0,1.0,0.950791
0.8743719078329323,0.0,0.332104876118997,0.7934846657998418,0.7085722874240881,0.0,1.0,0.0,1.0,0.0,0.942004
0.739339755212309,0.0,0.21509674333769346,0.7961266027290187,0.0,1.0,0.0,1.0,1.0,0.0,0.963093
0.9434531201358322,0.0,0.3077371365407441,0.6268084840649332,0.5723355205267837,0.0,1.0,0.0,1.0,0.0,0.961336
0.9133486636835372,0.0,0.4302020399004533,0.38058766625788365,0.4968756105135412,0.0,1.0,0.0,0.0,1.0,0.957821
0.8942459917609283,0.0,0.4404881331323368,0.22375726999507048,0.7426052268690565,0.0,0.0,1.0,0.0,1.0,0.627417
0.9797110284314325,0.0,0.4354440152799738,0.513015963289206,0.6390198918867638,0.0,0.0,1.0,0.0,1.0,0.950791
0.9335090800211707,0.0,0.35270753559797496,0.2622117481303036,0.7322452161527279,0.0,0.0,1.0,1.0,0.0,0.627417
0.9660388281007002,0.0,0.3077371365407441,0.034060270763430024,0.5945027456911289,0.0,1.0,0.0,0.0,1.0,0.949033
0.9851060224846746,0.0,0.23946426016579858,0.1164186584230338,0.6194096025507606,0.0,1.0,0.0,1.0,0.0,0.947276
0.9747402435343323,0.0,0.4003781979975792,0.6292749422584417,0.6722983046724641,0.0,0.0,1.0,1.0,0.0,0.950791
0.9881953446781501,0.0,0.21509674333769346,0.032529124375523924,0.722635456270091,0.0,1.0,0.0,0.0,1.0,0.627417
0.9282836639159393,0.0,0.3862964427496404,0.2745482903775606,0.7308449902625487,0.0,1.0,0.0,0.0,1.0,0.627417
0.9609300032419006,0.0,0.332104876118997,0.09024126329270603,0.5907846630655456,0.0,1.0,0.0,0.0,1.0,0.949033
0.9820086270535389,0.0,0.37865704927040617,0.9046061114185296,0.6148454302177193,0.0,1.0,0.0,1.0,0.0,0.954306
0.9851823819276041,0.0,0.45456991313075495,0.6056187899956592,0.6631509688033842,0.0,0.0,1.0,1.0,0.0,0.954306
0.9658278917221486,0.0,0.23946426016579858,0.7965363966170738,0.0,1.0,0.0,1.0,0.0,1.0,0.956063
0.9818474237091842,0.0,0.23946426016579858,0.0869707679403697,0.5172175783381477,0.0,1.0,0.0,0.0,1.0,0.952548
0.9418938173801549,0.0,0.39352269130415707,0.15662929925364577,0.5945027456911289,0.0,0.0,1.0,0.0,1.0,0.950791
0.9594195862603566,0.0,0.4247460489524374,0.7763644913685058,0.7641808020009486,0.0,1.0,0.0,0.0,1.0,0.627417
0.9873184148202254,0.0,0.23946426016579858,0.07706479818703464,0.7082020164382025,0.0,1.0,0.0,1.0,0.0,0.627417
0.9887369326204836,0.0,0.37055438950780784,0.17098298769454448,0.0,1.0,0.0,1.0,1.0,0.0,0.950791
0.8168420462878336,0.0,0.4354440152799738,0.9041060050196549,0.7507122234393792,0.0,0.0,1.0,1.0,0.0,0.920914
0.9877950225929903,0.0,0.2936554555437208,0.7770094854034265,0.6390198918867638,0.0,1.0,0.0,0.0,1.0,0.952548
0.9758218005514913,0.0,0.45456991313075495,0.7320117345769649,0.0,1.0,0.0,1.0,1.0,0.0,0.957821
0.9539381363422614,0.0,0.2600667605368463,0.9332720111399615,0.6446002364083981,0.0,1.0,0.0,0.0,1.0,0.956063
0.9727518641805674,0.0,0.3204755793213596,0.0965188378702522,0.749584726287105,0.0,1.0,0.0,1.0,0.0,0.627417
0.990437603495919,0.0,0.23946426016579858,0.29180823828978913,0.7391169994253435,0.0,0.0,1.0,1.0,0.0,0.627417
0.9928337156321299,0.0,0.450038858504704,0.6122874459852493,0.5172175783381477,0.0,1.0,0.0,1.0,0.0,0.954306
0.8867538408145155,0.0,0.09263504753360365,0.5221698244074519,0.6872986501020567,0.0,1.0,0.0,1.0,0.0,0.954306
0.9081496666841333,0.0,0.3619286289204309,0.03216845897342818,0.6255607232040483,0.0,0.0,1.0,1.0,0.0,0.943761
0.9949430645616433,0.0,0.3619286289204309,0.2598339828681363,0.582403374566274,0.0,0.0,1.0,1.0,0.0,0.954306
0.9335999646723163,0.0,0.3619286289204309,0.7336127857497994,0.7427920855923481,0.0,1.0,0.0,0.0,1.0,0.917399
0.8467084587996538,0.0,0.4404881331323368,0.6563640241957301,0.0,1.0,0.0,1.0,0.0,1.0,0.957821
0.9696635990692382,0.0,0.0,0.12152033680782379,0.7707888595926763,0.0,1.0,0.0,1.0,0.0,0.627417
0.900266360044613,0.0,0.44534878798630384,0.204179230966974,0.6867317347910289,0.0,0.0,1.0,1.0,0.0,0.936731
0.9713241797227066,0.0,0.23946426016579858,0.2687029924128573,0.0,1.0,0.0,1.0,0.0,1.0,0.956063
0.8883296675907153,0.0,0.44534878798630384,0.8137310640209745,0.5979641995764539,0.0,0.0,1.0,0.0,1.0,0.952548
0.9986158890257982,0.0,0.35270753559797496,0.2616914163130021,0.4621018657970029,0.0,0.0,1.0,0.0,1.0,0.959578
0.9242789152347011,0.0,0.4354440152799738,0.8019694818019434,0.0,1.0,1.0,0.0,0.0,1.0,0.947276
0.9684123119395714,0.0,0.3428027996093033,0.6365295558635348,0.6255607232040483,0.0,1.0,0.0,0.0,1.0,0.952548
0.939967041849789,0.0,0.09263504753360365,0.6940968069118392,0.0,1.0,0.0,1.0,1.0,0.0,0.961336
0.9909592437714553,0.0,0.4131167015290358,0.029001239752700622,0.731081091894896,0.0,0.0,1.0,1.0,0.0,0.627417
0.9651371363467953,0.0,0.4068991552651424,0.3820051871312261,0.6951130846884438,0.0,1.0,0.0,1.0,0.0,0.931459
0.8599819223566318,0.0,0.2779134951153586,0.8081216102164839,0.7296475228250096,0.0,0.0,1.0,0.0,1.0,0.934974
0.9731735721091248,0.0,0.37055438950780784,0.1829360602739089,0.4621018657970029,0.0,0.0,1.0,0.0,1.0,0.956063
0.9592428134830122,0.0,0.3862964427496404,0.6367478964115463,0.4968756105135412,0.0,1.0,0.0,1.0,0.0,0.964851
0.9430671097353366,0.0,0.45456991313075495,0.6908431541616202,0.6390198918867638,0.0,1.0,0.0,0.0,1.0,0.940246
0.9097982891946921,0.0,0.2936554555437208,0.5881945770031473,0.6071114949032003,0.0,0.0,1.0,0.0,1.0,0.956063
0.9755083726675136,0.0,0.14682475795220173,0.45357490628175084,0.7296475228250096,0.0,1.0,0.0,1.0,0.0,0.927944
0.9018359494197801,0.0,0.3428027996093033,0.17984686562171126,0.5172175783381477,0.0,0.0,1.0,1.0,0.0,0.952548
0.9063105384134064,0.0,0.4190578205014968,0.12531294770350926,0.5172175783381477,0.0,0.0,1.0,1.0,0.0,0.952548
0.9850678059733249,0.0,0.37865704927040617,0.7215196903264577,0.5519929952717247,0.0,1.0,0.0,0.0,1.0,0.966608
0.7521353948293346,0.0,0.2779134951153586,0.6440858969392489,0.0,1.0,0.0,1.0,1.0,0.0,0.959578
0.8721175083874725,0.0,0.3428027996093033,0.6668985689032974,0.0,1.0,1.0,0.0,1.0,0.0,0.963093
0.9826889089118092,0.0,0.4190578205014968,0.09871964544780773,0.0,1.0,1.0,0.0,1.0,0.0,0.950791
0.8917296776962965,0.0,0.21509674333769346,0.612851994464375,0.7301299448474348,0.0,1.0,0.0,0.0,1.0,0.943761
0.9587093211557514,0.0,0.4354440152799738,0.10898236273896442,0.5316506093771822,0.0,1.0,0.0,0.0,1.0,0.947276
0.9506897351375319,0.0,0.23946426016579858,0.022883599580007956,0.6926410833152389,0.0,0.0,1.0,1.0,0.0,0.627417
0.9774081344885149,0.0,0.4003781979975792,0.09738410961552764,0.4968756105135412,0.0,1.0,0.0,1.0,0.0,0.950791
0.9927665779293653,0.0,0.09263504753360365,0.09890169423720335,0.4968756105135412,0.0,1.0,0.0,0.0,1.0,0.954306
0.9520371085965368,0.0,0.0,0.9404366791774867,0.4968756105135412,0.0,0.0,1.0,1.0,0.0,0.961336
0.995779069652153,0.0,0.45456991313075495,0.884239438699053,0.7741933721120385,0.0,0.0,1.0,1.0,0.0,0.627417
0.9980039083333081,0.0,0.3862964427496404,0.4720577107409943,0.6988311914347526,0.0,1.0,0.0,1.0,0.0,0.931459
0.9329608365775365,0.0,0.18527343603544136,0.013296532849188726,0.6649429963802806,0.0,1.0,0.0,0.0,1.0,0.627417
0.9953303735705366,0.0,0.3428027996093033,0.8553288371891578,0.0,1.0,1.0,0.0,0.0,1.0,0.959578
0.7672973626636483,0.0,0.4003781979975792,0.6604506520971116,0.0,1.0,1.0,0.0,1.0,0.0,0.952548
0.9717560944658589,0.0,0.3428027996093033,0.8673453050360445,0.7256114579702756,0.0,0.0,1.0,0.0,1.0,0.934974
0.7004418117509448,0.0,0.4190578205014968,0.03629449136459987,0.0,1.0,0.0,1.0,1.0,0.0,0.929701
0.8602941748871296,0.0,0.3204755793213596,0.1847390217381298,0.6148454302177193,0.0,0.0,1.0,1.0,0.0,0.954306
0.9414975201530758,0.0,0.45456991313075495,0.5597762636259799,0.7110903817856661,0.0,0.0,1.0,0.0,1.0,0.929701
0.9538735850660011,0.0,0.2779134951153586,0.7223778190184228,0.4621018657970029,0.0,1.0,0.0,1.0,0.0,0.964851
0.8474860380134812,0.0,0.37865704927040617,0.2890985146485027,0.0,1.0,1.0,0.0,0.0,1.0,0.952548
0.964546319788148,0.0,0.4302020399004533,0.3886355564575178,0.0,1.0,1.0,0.0,0.0,1.0,0.954306
0.9563405795700901,0.0,0.37865704927040617,0.35423951538926074,0.0,1.0,0.0,1.0,0.0,1.0,0.952548
0.9224451746587132,0.0,0.4190578205014968,0.48076364916799225,0.7738932424958453,0.0,1.0,0.0,1.0,0.0,0.627417
0.9661965409542937,0.0,0.2779134951153586,0.8086709370699621,0.69653985800108,0.0,0.0,1.0,1.0,0.0,0.949033
0.9971364179792465,0.0,0.450038858504704,0.7588819309065016,0.6884136175902105,0.0,0.0,1.0,1.0,0.0,0.952548
0.996508943821701,0.0,0.332104876118997,0.04569679099227591,0.6310393985649106,0.0,0.0,1.0,1.0,0.0,0.938489
0.0,1.0,0.4131167015290358,0.5384634908296035,0.6359782712048561,0.0,1.0,0.0,0.0,1.0,0.943761
0.8187507856031089,0.0,0.18527343603544136,0.49255154559540704,0.6715323134380659,0.0,1.0,0.0,0.0,1.0,0.956063
0.9774081344885149,0.0,0.332104876118997,0.9303103281035525,0.6707544459168319,0.0,1.0,0.0,1.0,0.0,0.943761
0.9510294504806177,0.0,0.18527343603544136,0.9516677815959521,0.4968756105135412,0.0,1.0,0.0,0.0,1.0,0.968366
0.9835578805075829,0.0,0.18527343603544136,0.1619964696957877,0.0,1.0,0.0,1.0,1.0,0.0,0.949033
0.9379757598986233,0.0,0.35270753559797496,0.13075691755213065,0.0,1.0,0.0,1.0,0.0,1.0,0.952548
0.9865776331669234,0.0,0.4247460489524374,0.9131118545947436,0.4968756105135412,0.0,1.0,0.0,1.0,0.0,0.947276
0.8731300260487649,0.0,0.23946426016579858,0.01118833047928011,0.6541857465873818,0.0,0.0,1.0,1.0,0.0,0.926186
0.9979423625454955,0.0,0.2936554555437208,0.5357993489442311,0.0,1.0,0.0,1.0,1.0,0.0,0.957821
0.8961510274337865,0.0,0.3204755793213596,0.6520830616581502,0.7231898431282641,0.0,1.0,0.0,0.0,1.0,0.934974
0.9812389901982834,0.0,0.4190578205014968,0.6106476839291911,0.0,1.0,0.0,1.0,0.0,1.0,0.954306
0.9116656529339011,0.0,0.37055438950780784,0.3616604411336917,0.7773814706135038,0.0,0.0,1.0,1.0,0.0,0.627417
0.9128358675002494,0.0,0.35270753559797496,0.5545099622981037,0.5723355205267837,0.0,0.0,1.0,0.0,1.0,0.957821
0.926571051367865,0.0,0.14682475795220173,0.13754676004305755,0.5172175783381477,0.0,1.0,0.0,1.0,0.0,0.959578
0.9827684329847701,0.0,0.44534878798630384,0.5173790547580306,0.6123975650806347,0.0,0.0,1.0,1.0,0.0,0.952548
0.99116662573015,0.0,0.2936554555437208,0.1483594428459026,0.0,1.0,0.0,1.0,0.0,1.0,0.954306
0.9317553519835012,0.0,0.4302020399004533,0.5452240949749012,0.6343853955593337,0.0,0.0,1.0,1.0,0.0,0.952548
0.930620487821085,0.0,0.45456991313075495,0.18302253478183583,0.6123975650806347,0.0,1.0,0.0,0.0,1.0,0.947276
0.7501849313491769,0.0,0.4247460489524374,0.5856501992483472,0.0,1.0,0.0,1.0,0.0,1.0,0.956063
0.9305249311866626,0.0,0.3077371365407441,0.30017960270283967,0.6573555219348104,0.0,1.0,0.0,1.0,0.0,0.950791
0.9385634682123277,0.0,0.2936554555437208,0.20018932497605146,0.0,1.0,1.0,0.0,0.0,1.0,0.956063
0.8345975870384528,0.0,0.18527343603544136,0.15149858671690256,0.6496215638669316,0.0,0.0,1.0,1.0,0.0,0.949033
0.9388967127441877,0.0,0.4003781979975792,0.6169538886951491,0.65080212209609,0.0,0.0,1.0,1.0,0.0,0.952548
0.9925309974300566,0.0,0.35270753559797496,0.7626457851859922,0.5428458114345373,0.0,0.0,1.0,0.0,1.0,0.959578
0.9933348474785648,0.0,0.332104876118997,0.11886937600833924,0.5597268509505413,0.0,1.0,0.0,0.0,1.0,0.954306
0.977233949891614,0.0,0.0,0.8169971274159542,0.6872986501020567,0.0,1.0,0.0,0.0,1.0,0.949033
0.9830854703653986,0.0,0.4247460489524374,0.19914411576206945,0.5428458114345373,0.0,1.0,0.0,0.0,1.0,0.952548
0.8392110576015502,0.0,0.37055438950780784,0.9219050975757916,0.5723355205267837,0.0,1.0,0.0,0.0,1.0,0.956063
0.9149853634597037,0.0,0.23946426016579858,0.7232273725073687,0.6530830336795791,0.0,1.0,0.0,1.0,0.0,0.950791
0.9962244064804485,0.0,0.14682475795220173,0.32717822823912496,0.4968756105135412,0.0,1.0,0.0,0.0,1.0,0.961336
0.9626264298869689,0.0,0.4247460489524374,0.05379864187345569,0.4968756105135412,0.0,0.0,1.0,1.0,0.0,0.949033
0.8168420462878336,0.0,0.37055438950780784,0.6172384492286584,0.6752504181168717,0.0,0.0,1.0,0.0,1.0,0.950791
0.913603413490266,0.0,0.35270753559797496,0.35757217293078253,0.648412555799236,0.0,1.0,0.0,0.0,1.0,0.945518
0.8892937726891369,0.0,0.3619286289204309,0.9652753985030148,0.7719495563436575,0.0,1.0,0.0,0.0,1.0,0.898067
0.7369115095351766,0.0,0.09263504753360365,0.017284710528082836,0.4968756105135412,0.0,0.0,1.0,0.0,1.0,0.940246
0.998218818497581,0.0,0.39352269130415707,0.1619592596477153,0.0,1.0,1.0,0.0,0.0,1.0,0.950791
0.9761779932160439,0.0,0.37865704927040617,0.7811075251002355,0.0,1.0,1.0,0.0,1.0,0.0,0.957821
0.9995521886099669,0.0,0.4003781979975792,0.2143678727533639,0.0,1.0,1.0,0.0,1.0,0.0,0.952548
0.9845301806415592,0.0,0.18527343603544136,0.43178303365632925,0.6541857465873818,0.0,0.0,1.0,0.0,1.0,0.954306
0.9765761769084751,0.0,0.332104876118997,0.14361806571394198,0.4621018657970029,0.0,1.0,0.0,1.0,0.0,0.957821
0.9879773212279966,0.0,0.45456991313075495,0.051978476684665674,0.0,1.0,1.0,0.0,0.0,1.0,0.945518
0.916939838726124,0.0,0.3428027996093033,0.5042891971073644,0.7191739804846596,0.0,1.0,0.0,1.0,0.0,0.934974
0.9979731433992812,0.0,0.2779134951153586,0.31224597157230216,0.6123975650806347,0.0,0.0,1.0,0.0,1.0,0.950791
0.9972922577293064,0.0,0.37055438950780784,0.18462714851729117,0.7702522607111929,0.0,1.0,0.0,1.0,0.0,0.627417
0.9354771510223896,0.0,0.4302020399004533,0.48664306796562545,0.0,1.0,0.0,1.0,1.0,0.0,0.954306
0.99682350826998,0.0,0.3204755793213596,0.5570080272044728,0.4968756105135412,0.0,1.0,0.0,0.0,1.0,0.961336
0.9777981948852743,0.0,0.4302020399004533,0.6902040542690954,0.0,1.0,1.0,0.0,0.0,1.0,0.954306
0.9770154994172255,0.0,0.4404881331323368,0.33777903460912073,0.6730527768215534,0.0,0.0,1.0,0.0,1.0,0.952548
0.9848379898554152,0.0,0.39352269130415707,0.5568392477442995,0.0,1.0,1.0,0.0,1.0,0.0,0.961336
0.6636192746289198,0.0,0.4302020399004533,0.8607109142352328,0.7721577372128322,0.0,0.0,1.0,0.0,1.0,0.627417
0.9307158911970307,0.0,0.3619286289204309,0.45552109179728884,0.6773558231570734,0.0,1.0,0.0,0.0,1.0,0.952548
0.9314736593072561,0.0,0.39352269130415707,0.009363080937833739,0.5723355205267837,0.0,0.0,1.0,1.0,0.0,0.947276
0.9595371436025981,0.0,0.0,0.5247847826256793,0.5519929952717247,0.0,1.0,0.0,1.0,0.0,0.957821
0.9710344843602007,0.0,0.2936554555437208,0.7161283200234366,0.5316506093771822,0.0,0.0,1.0,0.0,1.0,0.963093
0.9953303735705366,0.0,0.2600667605368463,0.11018530842360054,0.6541857465873818,0.0,1.0,0.0,0.0,1.0,0.934974
0.9293661154734879,0.0,0.37055438950780784,0.12500668187130268,0.6658155651673044,0.0,0.0,1.0,0.0,1.0,0.931459
0.9860535416889901,0.0,0.4354440152799738,0.21845806833967302,0.7197677329552774,0.0,1.0,0.0,1.0,0.0,0.627417
0.9598884280635036,0.0,0.2779134951153586,0.2830667643425521,0.7711080855938349,0.0,0.0,1.0,0.0,1.0,0.627417
0.9797946320959485,0.0,0.37865704927040617,0.12340976975315379,0.6552647434419389,0.0,0.0,1.0,0.0,1.0,0.936731
0.9832039250963649,0.0,0.09263504753360365,0.8969595551557771,0.6071114949032003,0.0,0.0,1.0,1.0,0.0,0.956063
0.7829038046973973,0.0,0.39352269130415707,0.8749075330363612,0.7217922179370707,0.0,0.0,1.0,1.0,0.0,0.938489
0.9228817563673393,0.0,0.4302020399004533,0.5061822985538836,0.6359782712048561,0.0,0.0,1.0,1.0,0.0,0.954306
0.9964142491900789,0.0,0.4190578205014968,0.16832177437022455,0.7051371559370384,0.0,1.0,0.0,1.0,0.0,0.922671
0.9951693011773161,0.0,0.35270753559797496,0.983875563102302,0.6098241153334091,0.0,0.0,1.0,0.0,1.0,0.957821
0.9882316043550212,0.0,0.4404881331323368,0.8821689115755772,0.6936445463193013,0.0,0.0,1.0,1.0,0.0,0.947276
0.9680062762564229,0.0,0.37055438950780784,0.8608766321872745,0.5945027456911289,0.0,1.0,0.0,0.0,1.0,0.954306
0.8269281021999371,0.0,0.4131167015290358,0.5478942322845961,0.4968756105135412,0.0,1.0,0.0,0.0,1.0,0.956063
0.9204399064423313,0.0,0.2600667605368463,0.8765948524279575,0.5867688302856895,0.0,0.0,1.0,0.0,1.0,0.957821
0.7289685633574204,0.0,0.2936554555437208,0.0549584598515907,0.7565684568691331,0.0,0.0,1.0,0.0,1.0,0.627417
0.9584108559248449,0.0,0.3204755793213596,0.6947603120230795,0.0,1.0,1.0,0.0,1.0,0.0,0.963093
0.937722096430054,0.0,0.14682475795220173,0.8572775198280295,0.7652649825866233,0.0,1.0,0.0,1.0,0.0,0.931459
0.9841431656275422,0.0,0.2936554555437208,0.958317638496024,0.0,1.0,1.0,0.0,0.0,1.0,0.963093
0.9520371085965368,0.0,0.332104876118997,0.9680115108589298,0.0,1.0,1.0,0.0,0.0,1.0,0.963093
0.89353784073087,0.0,0.4302020399004533,0.9446382273722541,0.7010224341872346,0.0,1.0,0.0,0.0,1.0,0.926186
0.929072849512584,0.0,0.332104876118997,0.6728143530344626,0.0,1.0,0.0,1.0,1.0,0.0,0.957821
0.9577489128750623,0.0,0.44534878798630384,0.4306917006535089,0.5597268509505413,0.0,0.0,1.0,0.0,1.0,0.954306
0.9134761749626762,0.0,0.3862964427496404,0.22275034511606556,0.0,1.0,1.0,0.0,0.0,1.0,0.952548
0.8926406293963206,0.0,0.4404881331323368,0.715515687775592,0.4621018657970029,0.0,1.0,0.0,0.0,1.0,0.952548
0.9259546314327789,0.0,0.3428027996093033,0.7291971142932628,0.7733890018915739,0.0,1.0,0.0,1.0,0.0,0.627417
0.9964458308199863,0.0,0.4190578205014968,0.2832554723603371,0.582403374566274,0.0,0.0,1.0,0.0,1.0,0.952548
0.8931805784927999,0.0,0.4247460489524374,0.07130106081063613,0.5597268509505413,0.0,1.0,0.0,0.0,1.0,0.945518
0.8723722581396509,0.0,0.0,0.9679386942768541,0.5428458114345373,0.0,0.0,1.0,1.0,0.0,0.956063
0.9349468295942804,0.0,0.23946426016579858,0.7657660077306664,0.4621018657970029,0.0,0.0,1.0,0.0,1.0,0.959578
0.9010563316269675,0.0,0.09263504753360365,0.3057022131934962,0.4621018657970029,0.0,1.0,0.0,1.0,0.0,0.961336
0.9955871856196524,0.0,0.35270753559797496,0.08797395004477318,0.5597268509505413,0.0,1.0,0.0,0.0,1.0,0.950791
0.824134915562192,0.0,0.2600667605368463,0.235966258716778,0.7266513190668439,0.0,0.0,1.0,1.0,0.0,0.627417
0.9888446609893801,0.0,0.4404881331323368,0.43192739253087464,0.0,1.0,1.0,0.0,1.0,0.0,0.956063
0.9531588588844442,0.0,0.3862964427496404,0.397201816864749,0.6889619451580057,0.0,1.0,0.0,1.0,0.0,0.933216
0.9359155022539057,0.0,0.21509674333769346,0.7814732320138978,0.6658155651673044,0.0,1.0,0.0,0.0,1.0,0.952548
0.9775384390255026,0.0,0.09263504753360365,0.5953855490044495,0.4621018657970029,0.0,1.0,0.0,0.0,1.0,0.961336
0.8508645843196487,0.0,0.18527343603544136,0.7553459190494518,0.0,1.0,0.0,1.0,0.0,1.0,0.963093
0.9217842346291328,0.0,0.37865704927040617,0.8282916136931737,0.0,1.0,1.0,0.0,0.0,1.0,0.957821
0.8596680220487668,0.0,0.2936554555437208,0.22781228675978318,0.7063085279494318,0.0,0.0,1.0,1.0,0.0,0.926186
0.7756109428833841,0.0,0.4354440152799738,0.9749050928171714,0.4968756105135412,0.0,0.0,1.0,0.0,1.0,0.952548
0.9838317303726836,0.0,0.4131167015290358,0.3288409368213395,0.7093047309618306,0.0,0.0,1.0,1.0,0.0,0.929701
0.8993043339172093,0.0,0.4131167015290358,0.12082400168433007,0.629278819612865,0.0,0.0,1.0,1.0,0.0,0.947276
0.9868008379240213,0.0,0.2936554555437208,0.3223345472820384,0.77803245403768,0.0,1.0,0.0,0.0,1.0,0.627417
0.9735923114005934,0.0,0.37865704927040617,0.16655261243075684,0.0,1.0,1.0,0.0,0.0,1.0,0.952548
0.9888087732066306,0.0,0.14682475795220173,0.09632162007524396,0.6432622532743826,0.0,1.0,0.0,1.0,0.0,0.949033
0.892821157558068,0.0,0.4247460489524374,0.11098830063235732,0.0,1.0,0.0,1.0,1.0,0.0,0.950791
0.9546436151754212,0.0,0.4354440152799738,0.2601864446671055,0.6123975650806347,0.0,0.0,1.0,1.0,0.0,0.949033
0.8996267411323497,0.0,0.09263504753360365,0.988678054446558,0.6666732175412959,0.0,1.0,0.0,1.0,0.0,0.957821
0.9603536034224288,0.0,0.35270753559797496,0.6605681244621853,0.6905718632044969,0.0,1.0,0.0,1.0,0.0,0.945518
0.9418938173801549,0.0,0.44534878798630384,0.9939042674570239,0.0,1.0,1.0,0.0,0.0,1.0,0.926186
0.9971364179792465,0.0,0.4068991552651424,0.5864013854030019,0.6012021748853413,0.0,0.0,1.0,0.0,1.0,0.956063
0.959006296289583,0.0,0.37055438950780784,0.1605159875537943,0.65080212209609,0.0,1.0,0.0,1.0,0.0,0.952548
0.9538089636634162,0.0,0.3204755793213596,0.5843742213791911,0.763197015272848,0.0,1.0,0.0,1.0,0.0,0.627417
0.992395959918452,0.0,0.09263504753360365,0.015969950761939126,0.6098241153334091,0.0,1.0,0.0,1.0,0.0,0.945518
0.8451221258027907,0.0,0.45456991313075495,0.04147414449186798,0.0,1.0,1.0,0.0,1.0,0.0,0.949033
0.9903327242477168,0.0,0.4247460489524374,0.5457082048831917,0.5723355205267837,0.0,1.0,0.0,1.0,0.0,0.956063
0.9672889756162238,0.0,0.35270753559797496,0.3832811764091502,0.0,1.0,0.0,1.0,0.0,1.0,0.956063
0.8235601869924772,0.0,0.4003781979975792,0.15759488108352493,0.6593626466810102,0.0,1.0,0.0,1.0,0.0,0.940246
0.9718516511079562,0.0,0.2779134951153586,0.5515155293436531,0.0,1.0,1.0,0.0,0.0,1.0,0.961336
0.9390626375195419,0.0,0.37865704927040617,0.6379090741286343,0.4968756105135412,0.0,1.0,0.0,1.0,0.0,0.966608
0.8770160754841823,0.0,0.3619286289204309,0.29215170299413246,0.7157764583184444,0.0,0.0,1.0,0.0,1.0,0.926186
0.9919549587665689,0.0,0.2936554555437208,0.3152467554855576,0.6327402854436681,0.0,1.0,0.0,1.0,0.0,0.949033
0.982449696802414,0.0,0.4131167015290358,0.04882564298982914,0.6640549831258953,0.0,1.0,0.0,1.0,0.0,0.922671
0.9668232438167519,0.0,0.23946426016579858,0.748253707402878,0.7031219658732458,0.0,0.0,1.0,1.0,0.0,0.947276
0.9292685207150375,0.0,0.37865704927040617,0.9318168753236774,0.7372775120601522,0.0,0.0,1.0,1.0,0.0,0.933216
0.993534124041389,0.0,0.3619286289204309,0.8560946600954439,0.5664262353496466,0.0,0.0,1.0,1.0,0.0,0.961336
0.9228817563673393,0.0,0.44534878798630384,0.019340817899362994,0.6905718632044969,0.0,0.0,1.0,0.0,1.0,0.627417
0.9939306854993848,0.0,0.2936554555437208,0.29156161098058364,0.7518149384246726,0.0,1.0,0.0,0.0,1.0,0.627417
0.9241725988684905,0.0,0.21509674333769346,0.7256750281188785,0.5867688302856895,0.0,0.0,1.0,1.0,0.0,0.959578
0.9671341364922731,0.0,0.37055438950780784,0.46263874849034464,0.4621018657970029,0.0,0.0,1.0,1.0,0.0,0.959578
0.9930681026443151,0.0,0.3077371365407441,0.848012749180644,0.6658155651673044,0.0,0.0,1.0,0.0,1.0,0.950791
0.9756429011768869,0.0,0.4068991552651424,0.35549624620010595,0.7732875427715596,0.0,1.0,0.0,0.0,1.0,0.627417
0.9825295411066157,0.0,0.4247460489524374,0.18958287894904918,0.5172175783381477,0.0,0.0,1.0,0.0,1.0,0.952548
0.9790379349979452,0.0,0.14682475795220173,0.444805994246005,0.6861583403150326,0.0,0.0,1.0,0.0,1.0,0.947276
0.9984329550057325,0.0,0.2936554555437208,0.7719588836100444,0.0,1.0,0.0,1.0,1.0,0.0,0.961336
0.9810756846801779,0.0,0.37055438950780784,0.22490242025491655,0.7317828026971294,0.0,0.0,1.0,1.0,0.0,0.627417
0.9766643013650156,0.0,0.45456991313075495,0.43034952723550707,0.6194096025507606,0.0,1.0,0.0,1.0,0.0,0.947276
0.8855439554131094,0.0,0.37865704927040617,0.8697705524290092,0.6235929678186829,0.0,0.0,1.0,1.0,0.0,0.954306
0.9504165590208512,0.0,0.4131167015290358,0.6476749623643238,0.7702522607111929,0.0,1.0,0.0,1.0,0.0,0.627417
0.9562165253113863,0.0,0.35270753559797496,0.0030955437483460003,0.582403374566274,0.0,0.0,1.0,0.0,1.0,0.943761
0.8174851221444325,0.0,0.4404881331323368,0.3192843282430641,0.4968756105135412,0.0,1.0,0.0,0.0,1.0,0.961336
0.9054421436152408,0.0,0.14682475795220173,0.10518713388013026,0.0,1.0,1.0,0.0,0.0,1.0,0.956063
0.962959985879491,0.0,0.09263504753360365,0.06213961379259177,0.5316506093771822,0.0,0.0,1.0,1.0,0.0,0.954306
0.9233151571251018,0.0,0.4131167015290358,0.042846036810062445,0.4968756105135412,0.0,0.0,1.0,1.0,0.0,0.949033
0.8777172699885509,0.0,0.4190578205014968,0.964728570169862,0.5945027456911289,0.0,1.0,0.0,1.0,0.0,0.950791
0.9260578127099485,0.0,0.14682475795220173,0.01909381968876034,0.5979641995764539,0.0,0.0,1.0,1.0,0.0,0.947276
0.981887765519925,0.0,0.3077371365407441,0.08243901016772913,0.5316506093771822,0.0,1.0,0.0,0.0,1.0,0.954306
0.9893803956054514,0.0,0.2936554555437208,0.2593089771810161,0.0,1.0,0.0,1.0,0.0,1.0,0.954306
0.8501302050540445,0.0,0.332104876118997,0.932426994382778,0.0,1.0,1.0,0.0,0.0,1.0,0.961336
0.9899817851874284,0.0,0.18527343603544136,0.9616490529474311,0.6012021748853413,0.0,0.0,1.0,0.0,1.0,0.959578
0.9929342803193779,0.0,0.3077371365407441,0.22254486481143113,0.746908277820636,0.0,1.0,0.0,0.0,1.0,0.627417
0.9372969052473565,0.0,0.37055438950780784,0.48736781860641654,0.0,1.0,0.0,1.0,0.0,1.0,0.956063
0.8650793847206498,0.0,0.3077371365407441,0.8830793874232407,0.5664262353496466,0.0,0.0,1.0,1.0,0.0,0.959578
0.9745580565706669,0.0,0.44534878798630384,0.0605253324063139,0.5945027456911289,0.0,1.0,0.0,1.0,0.0,0.950791
0.8054773298729592,0.0,0.4131167015290358,0.7571411625981227,0.0,1.0,0.0,1.0,0.0,1.0,0.956063
0.9812797466216772,0.0,0.332104876118997,0.5787813808372863,0.6123975650806347,0.0,1.0,0.0,1.0,0.0,0.956063
0.9953303735705366,0.0,0.39352269130415707,0.8468925517604059,0.6235929678186829,0.0,1.0,0.0,1.0,0.0,0.945518
0.9978190796026938,0.0,0.332104876118997,0.5446209822967197,0.7609103226130502,0.0,0.0,1.0,1.0,0.0,0.627417
0.9728927659369228,0.0,0.21509674333769346,0.09874580156325662,0.6936445463193013,0.0,1.0,0.0,1.0,0.0,0.627417
0.9302373367887068,0.0,0.2600667605368463,0.8958497755711042,0.5172175783381477,0.0,1.0,0.0,0.0,1.0,0.964851
0.8988174227226797,0.0,0.4131167015290358,0.4490581130882156,0.0,1.0,1.0,0.0,0.0,1.0,0.954306
0.8968289149382593,0.0,0.2600667605368463,0.14986756680441599,0.0,1.0,1.0,0.0,1.0,0.0,0.952548
0.8708271329314633,0.0,0.4247460489524374,0.420919386952771,0.7313160876612617,0.0,1.0,0.0,0.0,1.0,0.920914
0.9346798852743565,0.0,0.0,0.12296608344037249,0.5519929952717247,0.0,1.0,0.0,1.0,0.0,0.959578
0.9520371085965368,0.0,0.4131167015290358,0.6574030438034923,0.5945027456911289,0.0,0.0,1.0,1.0,0.0,0.956063
0.9508937970696972,0.0,0.18527343603544136,0.06992558148245702,0.4968756105135412,0.0,1.0,0.0,1.0,0.0,0.954306
0.9463076978612665,0.0,0.3077371365407441,0.8524758650491928,0.5172175783381477,0.0,0.0,1.0,0.0,1.0,0.963093
0.9296579426751495,0.0,0.3077371365407441,0.8041315140018075,0.5172175783381477,0.0,1.0,0.0,0.0,1.0,0.963093
0.9634568388521948,0.0,0.3619286289204309,0.9260450079190659,0.7248171695907053,0.0,0.0,1.0,1.0,0.0,0.934974
0.9954910109851438,0.0,0.4131167015290358,0.8795495195373356,0.6171793996202338,0.0,1.0,0.0,0.0,1.0,0.947276
0.9403736325890699,0.0,0.23946426016579858,0.33459238648828116,0.6895043447505095,0.0,1.0,0.0,0.0,1.0,0.934974
0.9882678419425373,0.0,0.450038858504704,0.03390296130668742,0.5664262353496466,0.0,0.0,1.0,0.0,1.0,0.949033
0.9744667534105672,0.0,0.3204755793213596,0.06754518521854874,0.4621018657970029,0.0,0.0,1.0,1.0,0.0,0.952548
0.9800863230360874,0.0,0.39352269130415707,0.448408925050255,0.4968756105135412,0.0,1.0,0.0,0.0,1.0,0.959578
0.993567271993418,0.0,0.37865704927040617,0.6678006744401134,0.0,1.0,1.0,0.0,1.0,0.0,0.957821
0.966875172232532,0.0,0.23946426016579858,0.432971410809114,0.4968756105135412,0.0,0.0,1.0,0.0,1.0,0.961336
0.929072849512584,0.0,0.3428027996093033,0.5447002515851874,0.0,1.0,1.0,0.0,1.0,0.0,0.959578
0.9824097344242262,0.0,0.39352269130415707,0.9764243449817206,0.5723355205267837,0.0,1.0,0.0,0.0,1.0,0.956063
0.9940622873194385,0.0,0.4131167015290358,0.5453776961161816,0.5172175783381477,0.0,0.0,1.0,1.0,0.0,0.957821
0.7089539615673234,0.0,0.2600667605368463,0.6083902546330192,0.0,1.0,0.0,1.0,1.0,0.0,0.952548
0.9977573421829281,0.0,0.0,0.9660394879749677,0.6573555219348104,0.0,1.0,0.0,1.0,0.0,0.950791
0.7817487414884104,0.0,0.4190578205014968,0.46031098786099983,0.5172175783381477,0.0,1.0,0.0,0.0,1.0,0.954306
0.9653505320782826,0.0,0.45456991313075495,0.20725309246699064,0.0,1.0,1.0,0.0,1.0,0.0,0.949033
0.9414975201530758,0.0,0.4302020399004533,0.42223962153085653,0.6390198918867638,0.0,1.0,0.0,0.0,1.0,0.949033
0.8155346544002073,0.0,0.4247460489524374,0.2595643626992031,0.7296475228250096,0.0,1.0,0.0,0.0,1.0,0.627417
0.9311906262962356,0.0,0.2936554555437208,0.3986329430439078,0.5316506093771822,0.0,0.0,1.0,0.0,1.0,0.957821
0.8662178687213542,0.0,0.0,0.5393774375040775,0.5776215628315883,0.0,1.0,0.0,1.0,0.0,0.959578
0.9919889982514963,0.0,0.3619286289204309,0.7353072663556031,0.4621018657970029,0.0,1.0,0.0,0.0,1.0,0.966608
0.9453464688331231,0.0,0.3428027996093033,0.9029570339864842,0.4968756105135412,0.0,0.0,1.0,0.0,1.0,0.961336
0.9767962437421289,0.0,0.39352269130415707,0.7503019324792072,0.5597268509505413,0.0,1.0,0.0,1.0,0.0,0.957821
0.9980653905078952,0.0,0.3204755793213596,0.8429388523115829,0.756284198240843,0.0,0.0,1.0,1.0,0.0,0.922671
0.9842982739235484,0.0,0.4404881331323368,0.6749814705183106,0.7059211013975987,0.0,0.0,1.0,0.0,1.0,0.940246
0.8274713383715492,0.0,0.450038858504704,0.017254265646964854,0.5723355205267837,0.0,1.0,0.0,0.0,1.0,0.943761
0.9876121635555541,0.0,0.09263504753360365,0.5279212328631268,0.5519929952717247,0.0,0.0,1.0,1.0,0.0,0.956063
0.9974787280970051,0.0,0.2779134951153586,0.017201916162945828,0.7203545407973471,0.0,0.0,1.0,0.0,1.0,0.627417
0.9771466659473729,0.0,0.3204755793213596,0.25325065236049127,0.0,1.0,1.0,0.0,0.0,1.0,0.954306
0.9711795083983683,0.0,0.332104876118997,0.6357327188018594,0.582403374566274,0.0,0.0,1.0,1.0,0.0,0.956063
0.988304057467595,0.0,0.18527343603544136,0.9447498135112204,0.5172175783381477,0.0,1.0,0.0,0.0,1.0,0.963093
0.9667712700288285,0.0,0.14682475795220173,0.2592263357865117,0.0,1.0,1.0,0.0,0.0,1.0,0.959578
0.9604693310774243,0.0,0.4190578205014968,0.40913179111148446,0.5316506093771822,0.0,1.0,0.0,0.0,1.0,0.956063
0.9665629195654404,0.0,0.14682475795220173,0.3419639660488217,0.5907846630655456,0.0,0.0,1.0,1.0,0.0,0.957821
0.9639495761068172,0.0,0.3204755793213596,0.011731987640421836,0.0,1.0,0.0,1.0,0.0,1.0,0.943761
0.9774516010577453,0.0,0.4068991552651424,0.041231015716481405,0.4968756105135412,0.0,0.0,1.0,1.0,0.0,0.950791
0.9213394924409323,0.0,0.4404881331323368,0.19534026653080522,0.5519929952717247,0.0,1.0,0.0,1.0,0.0,0.949033
0.9842595347506926,0.0,0.35270753559797496,0.04176684646235629,0.0,1.0,1.0,0.0,1.0,0.0,0.952548
0.9342322985670987,0.0,0.2936554555437208,0.24388085398626588,0.0,1.0,0.0,1.0,0.0,1.0,0.954306
0.9851060224846746,0.0,0.3862964427496404,0.9419436219792007,0.6519555386992271,0.0,1.0,0.0,0.0,1.0,0.942004
0.8364861251636078,0.0,0.4190578205014968,0.713408480529705,0.0,1.0,0.0,1.0,0.0,1.0,0.961336
0.9820086270535389,0.0,0.4003781979975792,0.23892644813582725,0.5979641995764539,0.0,0.0,1.0,1.0,0.0,0.952548
0.995555144682445,0.0,0.37865704927040617,0.30791131378167175,0.6793764234981645,0.0,0.0,1.0,0.0,1.0,0.934974
0.9437601349800424,0.0,0.3077371365407441,0.5684766685673699,0.5172175783381477,0.0,0.0,1.0,0.0,1.0,0.959578
0.8311411154992805,0.0,0.3077371365407441,0.6819436915866599,0.5172175783381477,0.0,1.0,0.0,0.0,1.0,0.963093
0.9696635990692382,0.0,0.37055438950780784,0.4331462697459651,0.748264347153124,0.0,0.0,1.0,0.0,1.0,0.627417
0.948255801438418,0.0,0.39352269130415707,0.38873730311563814,0.725083332025431,0.0,1.0,0.0,1.0,0.0,0.922671
0.9760001634954218,0.0,0.3428027996093033,0.8984104394595133,0.7429782509609698,0.0,1.0,0.0,1.0,0.0,0.934974
0.8959803415645259,0.0,0.14682475795220173,0.14193006016640503,0.7138214774110054,0.0,1.0,0.0,1.0,0.0,0.627417
0.9832827640711258,0.0,0.4003781979975792,0.4398914662328371,0.4968756105135412,0.0,1.0,0.0,0.0,1.0,0.959578
0.9779707374206917,0.0,0.3204755793213596,0.8777102423328021,0.5172175783381477,0.0,1.0,0.0,1.0,0.0,0.966608
0.7317357471708688,0.0,0.18527343603544136,0.7115547586599503,0.6274542059752918,0.0,1.0,0.0,0.0,1.0,0.956063
0.9005836087210327,0.0,0.4302020399004533,0.8882707419889604,0.4621018657970029,0.0,0.0,1.0,1.0,0.0,0.961336
0.8664991173472728,0.0,0.37865704927040617,0.27431709680396515,0.5597268509505413,0.0,1.0,0.0,0.0,1.0,0.954306
0.9232071026160319,0.0,0.3077371365407441,0.7351376638342654,0.5172175783381477,0.0,0.0,1.0,1.0,0.0,0.963093
0.9518369379252449,0.0,0.4131167015290358,0.5546485653324694,0.6123975650806347,0.0,1.0,0.0,0.0,1.0,0.950791
0.9559676379379547,0.0,0.21509674333769346,0.2737973249476534,0.0,1.0,1.0,0.0,1.0,0.0,0.957821
0.9752383994483005,0.0,0.45456991313075495,0.4438552831639306,0.5664262353496466,0.0,1.0,0.0,1.0,0.0,0.956063
0.9333268930714551,0.0,0.3204755793213596,0.5193518671753463,0.7707888595926763,0.0,0.0,1.0,0.0,1.0,0.627417
0.9557802866163168,0.0,0.44534878798630384,0.5376982683970776,0.6071114949032003,0.0,0.0,1.0,0.0,1.0,0.954306
0.9686142951443126,0.0,0.23946426016579858,0.8381066220328691,0.5597268509505413,0.0,1.0,0.0,1.0,0.0,0.963093
0.7672973626636483,0.0,0.21509674333769346,0.2806587874969439,0.0,1.0,0.0,1.0,1.0,0.0,0.959578
0.9971364179792465,0.0,0.4302020399004533,0.9318335966203171,0.5316506093771822,0.0,1.0,0.0,0.0,1.0,0.947276
0.8443128077234646,0.0,0.21509674333769346,0.07257622632889962,0.6983812199620989,0.0,1.0,0.0,1.0,0.0,0.627417
0.8676109996993835,0.0,0.4247460489524374,0.07933603907818688,0.0,1.0,1.0,0.0,0.0,1.0,0.949033
0.9359155022539057,0.0,0.44534878798630384,0.7468420855614035,0.0,1.0,1.0,0.0,0.0,1.0,0.947276
0.994259145739851,0.0,0.44534878798630384,0.1335025715967487,0.6274542059752918,0.0,1.0,0.0,0.0,1.0,0.950791
0.9755532493178531,0.0,0.3428027996093033,0.5667198467245627,0.5597268509505413,0.0,0.0,1.0,0.0,1.0,0.956063
0.9205531015104995,0.0,0.2779134951153586,0.6020317720953016,0.6042437863446257,0.0,1.0,0.0,0.0,1.0,0.959578
0.9686142951443126,0.0,0.4247460489524374,0.5679593819599588,0.734274902128097,0.0,0.0,1.0,0.0,1.0,0.922671
0.9680062762564229,0.0,0.332104876118997,0.557574531472502,0.0,1.0,0.0,1.0,0.0,1.0,0.959578
0.973126863039571,0.0,0.450038858504704,0.8161524203253481,0.4621018657970029,0.0,0.0,1.0,1.0,0.0,0.961336
0.9745580565706669,0.0,0.37865704927040617,0.8520196477175008,0.0,1.0,1.0,0.0,0.0,1.0,0.959578
0.9171796938482824,0.0,0.18527343603544136,0.6259870145404987,0.5172175783381477,0.0,0.0,1.0,1.0,0.0,0.963093
0.9063105384134064,0.0,0.35270753559797496,0.00119472997424505,0.0,1.0,0.0,1.0,1.0,0.0,0.947276
0.9662490191195359,0.0,0.21509674333769346,0.24687345781242745,0.7117872192799413,0.0,0.0,1.0,1.0,0.0,0.929701
0.985334807373932,0.0,0.39352269130415707,0.9631799220324102,0.6649429963802806,0.0,1.0,0.0,1.0,0.0,0.931459
0.9885569506432579,0.0,0.14682475795220173,0.7456937529536107,0.7625722062589433,0.0,0.0,1.0,1.0,0.0,0.627417
0.7416727510285106,0.0,0.2779134951153586,0.45681704316063404,0.5776215628315883,0.0,1.0,0.0,0.0,1.0,0.952548
0.9407774630172988,0.0,0.450038858504704,0.11418412280015196,0.4968756105135412,0.0,0.0,1.0,1.0,0.0,0.952548
0.7127929462829952,0.0,0.3077371365407441,0.040400796132186695,0.0,1.0,1.0,0.0,1.0,0.0,0.945518
0.7289685633574204,0.0,0.3428027996093033,0.5433075992662655,0.5945027456911289,0.0,1.0,0.0,1.0,0.0,0.950791
0.9791224893795795,0.0,0.4354440152799738,0.7134295650982582,0.0,1.0,0.0,1.0,0.0,1.0,0.957821
0.8944217200545183,0.0,0.4003781979975792,0.3182216636131066,0.77409352826235,0.0,0.0,1.0,0.0,1.0,0.627417
0.7343799041351419,0.0,0.18527343603544136,0.2517483661990259,0.4621018657970029,0.0,1.0,0.0,1.0,0.0,0.956063
0.7883648750780652,0.0,0.4068991552651424,0.44557268375304243,0.5664262353496466,0.0,0.0,1.0,1.0,0.0,0.952548
0.9969801688781993,0.0,0.4190578205014968,0.6728219158838911,0.7121320418978528,0.0,0.0,1.0,0.0,1.0,0.931459
0.9688658134753333,0.0,0.3204755793213596,0.4933655568119865,0.6541857465873818,0.0,0.0,1.0,0.0,1.0,0.954306
0.8779491766312181,0.0,0.23946426016579858,0.6357059682662826,0.6666732175412959,0.0,0.0,1.0,1.0,0.0,0.949033
0.9521701824664395,0.0,0.4404881331323368,0.9878805067815808,0.5597268509505413,0.0,1.0,0.0,0.0,1.0,0.933216
0.9368686529071253,0.0,0.3077371365407441,0.8559523531694239,0.0,1.0,0.0,1.0,0.0,1.0,0.961336
0.8258265161512716,0.0,0.09263504753360365,0.26426600728106814,0.5776215628315883,0.0,1.0,0.0,1.0,0.0,0.959578
0.8490113514215863,0.0,0.35270753559797496,0.058660841124654126,0.6496215638669316,0.0,1.0,0.0,0.0,1.0,0.943761
0.9970427177783517,0.0,0.09263504753360365,0.0651631465576249,0.6837968941602708,0.0,1.0,0.0,0.0,1.0,0.627417
0.9470366775043246,0.0,0.4068991552651424,0.8676369802173575,0.5316506093771822,0.0,1.0,0.0,0.0,1.0,0.956063
0.9898760984587047,0.0,0.4003781979975792,0.3879257922820417,0.0,1.0,1.0,0.0,1.0,0.0,0.954306
0.9591837722912795,0.0,0.2779134951153586,0.89879310771962,0.5172175783381477,0.0,1.0,0.0,1.0,0.0,0.963093
0.9457920439073028,0.0,0.4247460489524374,0.4205598668513451,0.0,1.0,0.0,1.0,1.0,0.0,0.954306
0.8898648233083332,0.0,0.37865704927040617,0.5431743262223289,0.7773814706135038,0.0,0.0,1.0,1.0,0.0,0.627417
0.9381442699072534,0.0,0.18527343603544136,0.4118018697475111,0.6359782712048561,0.0,0.0,1.0,0.0,1.0,0.956063
0.9734995126344221,0.0,0.44534878798630384,0.3433226684335107,0.6675164549294684,0.0,1.0,0.0,0.0,1.0,0.947276
0.9562785847802243,0.0,0.2600667605368463,0.394091180246859,0.0,1.0,1.0,0.0,1.0,0.0,0.957821
0.8917296776962965,0.0,0.23946426016579858,0.840661594808397,0.5776215628315883,0.0,0.0,1.0,1.0,0.0,0.954306
0.968158864616979,0.0,0.09263504753360365,0.07986693867486946,0.7173493613167388,0.0,1.0,0.0,0.0,1.0,0.627417
0.9127069747330198,0.0,0.3204755793213596,0.37643811108132547,0.6519555386992271,0.0,1.0,0.0,0.0,1.0,0.952548
0.9874287406596057,0.0,0.37865704927040617,0.9170215620646358,0.6872986501020567,0.0,0.0,1.0,1.0,0.0,0.950791
0.9757771261241386,0.0,0.4247460489524374,0.06705908878752836,0.6563210229248821,0.0,1.0,0.0,0.0,1.0,0.936731
0.9670306860374698,0.0,0.37055438950780784,0.8172434399362791,0.5907846630655456,0.0,0.0,1.0,1.0,0.0,0.959578
0.9351241292570678,0.0,0.4003781979975792,0.045298594233930956,0.7047405413164148,0.0,0.0,1.0,0.0,1.0,0.627417
0.8612212165716885,0.0,0.3862964427496404,0.14980671313114216,0.0,1.0,1.0,0.0,0.0,1.0,0.949033
0.9393931049996768,0.0,0.2779134951153586,0.7978672541557271,0.4621018657970029,0.0,0.0,1.0,1.0,0.0,0.963093
0.9927665779293653,0.0,0.2936554555437208,0.19807165961466014,0.7014494281279104,0.0,1.0,0.0,1.0,0.0,0.926186
0.913220878480983,0.0,0.3862964427496404,0.7741862976001617,0.5172175783381477,0.0,1.0,0.0,1.0,0.0,0.959578
0.9834008269569018,0.0,0.23946426016579858,0.7416169230889782,0.0,1.0,1.0,0.0,0.0,1.0,0.963093
0.998218818497581,0.0,0.3204755793213596,0.4694558106733531,0.5664262353496466,0.0,0.0,1.0,1.0,0.0,0.956063
0.9412584682825571,0.0,0.3204755793213596,0.9385803281686468,0.766790783705513,0.0,1.0,0.0,0.0,1.0,0.915641
0.9704508263971722,0.0,0.4131167015290358,0.4069852205870727,0.6071114949032003,0.0,1.0,0.0,0.0,1.0,0.950791
0.9547073366548081,0.0,0.2600667605368463,0.561893607446363,0.4621018657970029,0.0,0.0,1.0,0.0,1.0,0.959578
0.9828081551883963,0.0,0.3204755793213596,0.515808219359615,0.0,1.0,0.0,1.0,0.0,1.0,0.957821
0.9557802866163168,0.0,0.3619286289204309,0.9084492608308417,0.0,1.0,1.0,0.0,1.0,0.0,0.959578
0.9644382652692637,0.0,0.23946426016579858,0.91167552392161,0.5316506093771822,0.0,0.0,1.0,1.0,0.0,0.961336
0.9826092783808944,0.0,0.2779134951153586,0.425200604441404,0.5867688302856895,0.0,0.0,1.0,1.0,0.0,0.956063
0.9871340824818108,0.0,0.2779134951153586,0.8228826163769851,0.6640549831258953,0.0,0.0,1.0,0.0,1.0,0.950791
0.8793219447583741,0.0,0.4247460489524374,0.5624438286076009,0.0,1.0,0.0,1.0,1.0,0.0,0.954306
0.9786985104110739,0.0,0.4190578205014968,0.8984603411805853,0.6042437863446257,0.0,0.0,1.0,0.0,1.0,0.956063
0.9956512157641452,0.0,0.3862964427496404,0.6590505801204473,0.0,1.0,1.0,0.0,0.0,1.0,0.957821
0.9564643756511966,0.0,0.2936554555437208,0.6453868059946346,0.5723355205267837,0.0,0.0,1.0,1.0,0.0,0.957821
0.9772775438820825,0.0,0.332104876118997,0.6745812509154401,0.6123975650806347,0.0,1.0,0.0,0.0,1.0,0.957821
0.9781427809170233,0.0,0.4302020399004533,0.12192477160144755,0.0,1.0,0.0,1.0,1.0,0.0,0.945518
0.8547491905967548,0.0,0.3077371365407441,0.7414976472071353,0.5316506093771822,0.0,1.0,0.0,0.0,1.0,0.964851
0.9913044797854644,0.0,0.3204755793213596,0.882795215253529,0.0,1.0,0.0,1.0,1.0,0.0,0.961336
0.9564025098156617,0.0,0.39352269130415707,0.864497150656082,0.7568511140323178,0.0,0.0,1.0,0.0,1.0,0.919156
0.8976655529911397,0.0,0.3077371365407441,0.7491240530233694,0.5172175783381477,0.0,1.0,0.0,0.0,1.0,0.964851
0.9560299574779235,0.0,0.3204755793213596,0.4076343823150163,0.5316506093771822,0.0,0.0,1.0,0.0,1.0,0.956063
0.902910528073052,0.0,0.4302020399004533,0.7345131592492739,0.6793764234981645,0.0,0.0,1.0,1.0,0.0,0.947276
0.9806242689411543,0.0,0.4247460489524374,0.7785312288705096,0.0,1.0,1.0,0.0,0.0,1.0,0.950791
0.8478710488280817,0.0,0.35270753559797496,0.32138413212945155,0.5519929952717247,0.0,1.0,0.0,0.0,1.0,0.959578
0.9608726139504711,0.0,0.21509674333769346,0.38654273334052897,0.0,1.0,0.0,1.0,0.0,1.0,0.959578
0.9976955406203806,0.0,0.2936554555437208,0.15332665981216412,0.7269079513513623,0.0,1.0,0.0,0.0,1.0,0.627417
0.9845687440126569,0.0,0.4302020399004533,0.3122917004780468,0.0,1.0,1.0,0.0,0.0,1.0,0.956063
0.9199849597480405,0.0,0.14682475795220173,0.11967371538312042,0.4968756105135412,0.0,1.0,0.0,1.0,0.0,0.959578
0.9445208102319887,0.0,0.44534878798630384,0.8614421206092336,0.582403374566274,0.0,1.0,0.0,0.0,1.0,0.940246
0.9309062401344188,0.0,0.2600667605368463,0.33359861661798085,0.7540993168741369,0.0,1.0,0.0,1.0,0.0,0.627417
0.9587093211557514,0.0,0.3077371365407441,0.3706904593701708,0.4968756105135412,0.0,1.0,0.0,1.0,0.0,0.961336
0.9788684648050968,0.0,0.0,0.5135046211051946,0.640474236685525,0.0,0.0,1.0,1.0,0.0,0.954306
0.979627307098111,0.0,0.35270753559797496,0.7321720501278213,0.0,1.0,0.0,1.0,0.0,1.0,0.959578
0.9403736325890699,0.0,0.45456991313075495,0.7035742824083735,0.0,1.0,0.0,1.0,1.0,0.0,0.956063
0.9185988623106293,0.0,0.37055438950780784,0.6659404057998318,0.6148454302177193,0.0,1.0,0.0,0.0,1.0,0.952548
0.968158864616979,0.0,0.18527343603544136,0.12027057046813582,0.0,1.0,0.0,1.0,1.0,0.0,0.954306
0.9324074931224676,0.0,0.3862964427496404,0.3208709426669642,0.4621018657970029,0.0,1.0,0.0,1.0,0.0,0.957821
0.9768401595782323,0.0,0.37865704927040617,0.5319792319730882,0.0,1.0,0.0,1.0,1.0,0.0,0.959578
0.9238525048708482,0.0,0.4354440152799738,0.04394058359315093,0.5316506093771822,0.0,1.0,0.0,0.0,1.0,0.947276
0.995906649322511,0.0,0.45456991313075495,0.1341885135648702,0.6471736927570897,0.0,0.0,1.0,0.0,1.0,0.950791
0.9284819440721237,0.0,0.2600667605368463,0.33632560219183966,0.6432622532743826,0.0,0.0,1.0,1.0,0.0,0.952548
0.8497595872530548,0.0,0.14682475795220173,0.48836391074320945,0.7487635702895057,0.0,0.0,1.0,0.0,1.0,0.627417
0.824134915562192,0.0,0.39352269130415707,0.18628858513822236,0.5316506093771822,0.0,1.0,0.0,0.0,1.0,0.957821
0.9686142951443126,0.0,0.09263504753360365,0.37551647629379986,0.0,1.0,1.0,0.0,1.0,0.0,0.957821
0.9609873372183471,0.0,0.2936554555437208,0.5963917316149973,0.5172175783381477,0.0,1.0,0.0,0.0,1.0,0.963093
0.981442493638719,0.0,0.2936554555437208,0.7019597544529949,0.7717405080518706,0.0,1.0,0.0,1.0,0.0,0.627417
0.9862412477391552,0.0,0.2779134951153586,0.4031296949891378,0.5723355205267837,0.0,0.0,1.0,1.0,0.0,0.956063
0.9640585211853373,0.0,0.3204755793213596,0.5399430556134682,0.7655027627284059,0.0,1.0,0.0,0.0,1.0,0.627417
0.9385634682123277,0.0,0.44534878798630384,0.42493810683656524,0.7571321876741203,0.0,1.0,0.0,0.0,1.0,0.627417
0.9781857141541076,0.0,0.4003781979975792,0.18525510367270745,0.5945027456911289,0.0,0.0,1.0,0.0,1.0,0.952548
0.9519704598556409,0.0,0.0,0.23932249888151366,0.5428458114345373,0.0,1.0,0.0,1.0,0.0,0.950791
0.9137303804306689,0.0,0.3428027996093033,0.5410531229785074,0.0,1.0,0.0,1.0,0.0,1.0,0.959578
0.9430671097353366,0.0,0.0,0.741923028732761,0.7096669815728862,0.0,1.0,0.0,0.0,1.0,0.952548
0.824134915562192,0.0,0.2600667605368463,0.21485559668015225,0.0,1.0,1.0,0.0,0.0,1.0,0.950791
0.912058287947598,0.0,0.14682475795220173,0.4219034167614942,0.0,1.0,0.0,1.0,1.0,0.0,0.961336
0.995906649322511,0.0,0.14682475795220173,0.6897243309159199,0.0,1.0,1.0,0.0,0.0,1.0,0.963093
0.9558428026446036,0.0,0.4003781979975792,0.5111391293497328,0.4621018657970029,0.0,0.0,1.0,0.0,1.0,0.957821
0.9626821526040359,0.0,0.21509674333769346,0.130255177138193,0.0,1.0,0.0,1.0,1.0,0.0,0.954306
0.9758664414520684,0.0,0.4302020399004533,0.24548974833827136,0.5316506093771822,0.0,0.0,1.0,1.0,0.0,0.954306
0.9651371363467953,0.0,0.23946426016579858,0.7653719684207351,0.6310393985649106,0.0,1.0,0.0,1.0,0.0,0.954306
0.9702059351628772,0.0,0.2779134951153586,0.7907074849037438,0.5316506093771822,0.0,1.0,0.0,0.0,1.0,0.964851
0.9466733043864037,0.0,0.4003781979975792,0.22582144313292574,0.6955931982075946,0.0,1.0,0.0,0.0,1.0,0.931459
0.9777981948852743,0.0,0.4190578205014968,0.773384146147801,0.0,1.0,1.0,0.0,1.0,0.0,0.952548
0.7914160002702896,0.0,0.450038858504704,0.6134324486295999,0.0,1.0,1.0,0.0,0.0,1.0,0.959578
0.9226638660475294,0.0,0.21509674333769346,0.9368472938412269,0.0,1.0,1.0,0.0,0.0,1.0,0.963093
0.9964773956912684,0.0,0.37055438950780784,0.08105227294608298,0.5172175783381477,0.0,1.0,0.0,1.0,0.0,0.954306
0.9802523636115614,0.0,0.4190578205014968,0.812255967050597,0.4621018657970029,0.0,1.0,0.0,1.0,0.0,0.959578
0.9603536034224288,0.0,0.14682475795220173,0.6235720830026775,0.0,1.0,0.0,1.0,1.0,0.0,0.959578
0.9915792331527298,0.0,0.3204755793213596,0.27605652562977606,0.6194096025507606,0.0,1.0,0.0,1.0,0.0,0.949033
0.8951194874015312,0.0,0.0,0.19505267592148534,0.5519929952717247,0.0,0.0,1.0,0.0,1.0,0.956063
0.9677510892644997,0.0,0.4003781979975792,0.3143432925381093,0.5519929952717247,0.0,1.0,0.0,1.0,0.0,0.956063
0.9541956432173679,0.0,0.4404881331323368,0.006239428777614678,0.7655027627284059,0.0,1.0,0.0,1.0,0.0,0.627417
0.9983412765925649,0.0,0.4354440152799738,0.7415682453657955,0.6274542059752918,0.0,0.0,1.0,0.0,1.0,0.952548
0.9672889756162238,0.0,0.35270753559797496,0.6438269970546654,0.5664262353496466,0.0,0.0,1.0,1.0,0.0,0.959578
0.9555923433464539,0.0,0.3204755793213596,0.679786695077562,0.5519929952717247,0.0,0.0,1.0,0.0,1.0,0.959578
0.9893092424891519,0.0,0.3619286289204309,0.47625328563048114,0.6012021748853413,0.0,1.0,0.0,1.0,0.0,0.956063
0.9955230864771497,0.0,0.4131167015290358,0.07711950928615642,0.4968756105135412,0.0,1.0,0.0,0.0,1.0,0.952548
0.9860911303145268,0.0,0.37865704927040617,0.6429457569914793,0.0,1.0,0.0,1.0,1.0,0.0,0.957821
0.9547709899464103,0.0,0.332104876118997,0.31764434942040276,0.0,1.0,1.0,0.0,0.0,1.0,0.959578
0.9559052530392601,0.0,0.37055438950780784,0.9525383588842964,0.0,1.0,0.0,1.0,1.0,0.0,0.957821
0.9935009576070897,0.0,0.4404881331323368,0.88799547168558,0.7279215515331436,0.0,0.0,1.0,1.0,0.0,0.929701
0.9769278941034362,0.0,0.4068991552651424,0.9296316502613876,0.7134881107721539,0.0,1.0,0.0,0.0,1.0,0.931459
0.8813234637284053,0.0,0.39352269130415707,0.5956431680801317,0.6691615677425147,0.0,1.0,0.0,0.0,1.0,0.945518
0.9951370342937123,0.0,0.2779134951153586,0.832786143722509,0.0,1.0,0.0,1.0,1.0,0.0,0.963093
0.9312851203466743,0.0,0.37055438950780784,0.9687044945984361,0.65080212209609,0.0,1.0,0.0,1.0,0.0,0.938489
0.9982800790577107,0.0,0.2779134951153586,0.42901948088358505,0.4968756105135412,0.0,0.0,1.0,1.0,0.0,0.959578
0.8301155047403573,0.0,0.2600667605368463,0.907598049810799,0.5428458114345373,0.0,1.0,0.0,0.0,1.0,0.964851
0.9828478508840448,0.0,0.4404881331323368,0.6938429764786634,0.7775683293715924,0.0,1.0,0.0,0.0,1.0,0.627417
0.9305249311866626,0.0,0.332104876118997,0.9361981623814444,0.0,1.0,0.0,1.0,1.0,0.0,0.959578
0.9351241292570678,0.0,0.18527343603544136,0.17648666987391534,0.4621018657970029,0.0,1.0,0.0,1.0,0.0,0.956063
0.9508937970696972,0.0,0.45456991313075495,0.11106457104450575,0.5519929952717247,0.0,0.0,1.0,1.0,0.0,0.950791
0.9981881645424444,0.0,0.3077371365407441,0.6488812189201777,0.6666732175412959,0.0,1.0,0.0,0.0,1.0,0.947276
0.9738236769083971,0.0,0.18527343603544136,0.7575452597853283,0.756284198240843,0.0,1.0,0.0,1.0,0.0,0.926186
0.9756429011768869,0.0,0.4068991552651424,0.5569624417232479,0.7401105270996261,0.0,0.0,1.0,1.0,0.0,0.920914
0.9996420209935598,0.0,0.37865704927040617,0.1702307214321842,0.5597268509505413,0.0,0.0,1.0,0.0,1.0,0.950791
0.9529624338458224,0.0,0.45456991313075495,0.13889991357522496,0.6274542059752918,0.0,1.0,0.0,1.0,0.0,0.950791
0.9117968194447664,0.0,0.450038858504704,0.3114205804582817,0.0,1.0,1.0,0.0,0.0,1.0,0.952548
0.9038163930911145,0.0,0.3077371365407441,0.6451654085951318,0.6012021748853413,0.0,0.0,1.0,1.0,0.0,0.954306
0.9558428026446036,0.0,0.3077371365407441,0.11024884711564283,0.6343853955593337,0.0,0.0,1.0,1.0,0.0,0.950791
0.8274713383715492,0.0,0.18527343603544136,0.047770313965256384,0.7635681995714908,0.0,0.0,1.0,0.0,1.0,0.627417
0.8786395206892053,0.0,0.37055438950780784,0.7368248654128637,0.6042437863446257,0.0,0.0,1.0,1.0,0.0,0.952548
0.9957471319340716,0.0,0.4068991552651424,0.31825764919762606,0.5172175783381477,0.0,0.0,1.0,1.0,0.0,0.954306
0.9573847240091474,0.0,0.44534878798630384,0.6345505014527968,0.0,1.0,1.0,0.0,1.0,0.0,0.956063
0.9886290087963322,0.0,0.18527343603544136,0.40299957518914575,0.5172175783381477,0.0,0.0,1.0,1.0,0.0,0.959578
0.9844915922536779,0.0,0.4354440152799738,0.8240999941539148,0.7360126171626616,0.0,0.0,1.0,1.0,0.0,0.929701
0.9871340824818108,0.0,0.4302020399004533,0.7393165621308598,0.6148454302177193,0.0,0.0,1.0,1.0,0.0,0.954306
0.9980653905078952,0.0,0.2779134951153586,0.5047441813607193,0.4968756105135412,0.0,1.0,0.0,0.0,1.0,0.963093
0.9531588588844442,0.0,0.18527343603544136,0.5406718333167476,0.0,1.0,1.0,0.0,0.0,1.0,0.961336
0.9988589291949699,0.0,0.450038858504704,0.7731067885054305,0.5597268509505413,0.0,0.0,1.0,1.0,0.0,0.961336
0.9829271628927625,0.0,0.39352269130415707,0.16660970493570215,0.6983812199620989,0.0,0.0,1.0,1.0,0.0,0.920914
0.9990103265754092,0.0,0.4247460489524374,0.3732789562301814,0.0,1.0,0.0,1.0,1.0,0.0,0.954306
0.8280096583157496,0.0,0.4131167015290358,0.49571226228369075,0.0,1.0,0.0,1.0,1.0,0.0,0.956063
0.9144865430169008,0.0,0.4354440152799738,0.7623830207556659,0.7672510760751925,0.0,0.0,1.0,0.0,1.0,0.627417
0.9858275097592926,0.0,0.4131167015290358,0.9586747848750836,0.0,1.0,1.0,0.0,1.0,0.0,0.949033
0.984991299213111,0.0,0.4003781979975792,0.07353310792496807,0.0,1.0,1.0,0.0,0.0,1.0,0.949033
0.9999702505626625,0.0,0.18527343603544136,0.7549026066648822,0.4968756105135412,0.0,0.0,1.0,1.0,0.0,0.963093
0.7840368654009122,0.0,0.3619286289204309,0.4120875548596408,0.0,1.0,0.0,1.0,1.0,0.0,0.956063
0.9861286952023779,0.0,0.3204755793213596,0.5915205415556387,0.4968756105135412,0.0,0.0,1.0,0.0,1.0,0.963093
0.9674948027992559,0.0,0.18527343603544136,0.9545476842506386,0.0,1.0,1.0,0.0,0.0,1.0,0.961336
0.909390397392337,0.0,0.4247460489524374,0.13658161686869058,0.7063085279494318,0.0,1.0,0.0,0.0,1.0,0.627417
0.9596544690761868,0.0,0.09263504753360365,0.3255869853476487,0.675962081917565,0.0,0.0,1.0,0.0,1.0,0.950791
0.9695148270115321,0.0,0.332104876118997,0.23847700342171363,0.4968756105135412,0.0,0.0,1.0,0.0,1.0,0.957821
0.985978293104725,0.0,0.3204755793213596,0.34664166083138875,0.5316506093771822,0.0,1.0,0.0,0.0,1.0,0.959578
0.9863535877120106,0.0,0.4131167015290358,0.149233998767675,0.0,1.0,0.0,1.0,0.0,1.0,0.950791
0.9460135860416267,0.0,0.4068991552651424,0.2712553914633199,0.4621018657970029,0.0,0.0,1.0,0.0,1.0,0.956063
0.99682350826998,0.0,0.21509674333769346,0.6163574238365879,0.0,1.0,0.0,1.0,1.0,0.0,0.961336
0.8937156704116199,0.0,0.09263504753360365,0.6628107568183008,0.5428458114345373,0.0,1.0,0.0,1.0,0.0,0.961336
0.9910284514560873,0.0,0.2600667605368463,0.8883408542272105,0.4621018657970029,0.0,1.0,0.0,0.0,1.0,0.966608
0.9856006156587276,0.0,0.23946426016579858,0.5583590747710871,0.7066929856885354,0.0,0.0,1.0,0.0,1.0,0.934974
0.9980653905078952,0.0,0.09263504753360365,0.014512452864888366,0.645903462863681,0.0,0.0,1.0,0.0,1.0,0.942004
0.9970739675813118,0.0,0.4404881331323368,0.1652751574753149,0.7576896546756267,0.0,1.0,0.0,1.0,0.0,0.6274165202108963
0.9913388934388686,0.0,0.45456991313075495,0.7227095445655296,0.0,1.0,1.0,0.0,0.0,1.0,0.949033
0.8736298943407597,0.0,0.3204755793213596,0.6131734605016831,0.6931453235140843,0.0,1.0,0.0,1.0,0.0,0.945518
0.9682096405454689,0.0,0.4190578205014968,0.9175926358937415,0.0,1.0,1.0,0.0,0.0,1.0,0.947276
0.9291707655707426,0.0,0.09263504753360365,0.698639781832344,0.742229408564202,0.0,0.0,1.0,1.0,0.0,0.922671
0.8316473649470263,0.0,0.23946426016579858,0.6248434673290593,0.7574116954383656,0.0,0.0,1.0,0.0,1.0,0.627417
0.9601214704609514,0.0,0.23946426016579858,0.34263916049124765,0.0,1.0,1.0,0.0,1.0,0.0,0.957821
0.9474698153001966,0.0,0.0,0.38497116545260146,0.5428458114345373,0.0,1.0,0.0,0.0,1.0,0.959578
0.9567111975635098,0.0,0.14682475795220173,0.30797459635850055,0.4621018657970029,0.0,1.0,0.0,0.0,1.0,0.959578
0.9271811489368667,0.0,0.3619286289204309,0.8883392148570103,0.7387140132608203,0.0,0.0,1.0,1.0,0.0,0.931459
0.9753285267340048,0.0,0.4247460489524374,0.2639816993702927,0.5723355205267837,0.0,1.0,0.0,0.0,1.0,0.952548
0.9841819806356472,0.0,0.4131167015290358,0.5292734720639822,0.6793764234981645,0.0,1.0,0.0,0.0,1.0,0.945518
0.9802938014380702,0.0,0.45456991313075495,0.12834593763922525,0.0,1.0,1.0,0.0,1.0,0.0,0.949033
0.9884848050939843,0.0,0.3619286289204309,0.6391729621955422,0.707828992484961,0.0,0.0,1.0,1.0,0.0,0.933216
0.8879396072934254,0.0,0.45456991313075495,0.7366828353241069,0.4621018657970029,0.0,0.0,1.0,0.0,1.0,0.957821
0.9844529788165349,0.0,0.45456991313075495,0.5293588105845196,0.0,1.0,1.0,0.0,0.0,1.0,0.954306
0.994259145739851,0.0,0.35270753559797496,0.9709869852339332,0.7261340825060459,0.0,1.0,0.0,0.0,1.0,0.931459
0.9456438894240301,0.0,0.3862964427496404,0.5134413112870212,0.0,1.0,0.0,1.0,1.0,0.0,0.957821
0.9761779932160439,0.0,0.0,0.35824957741467117,0.0,1.0,1.0,0.0,1.0,0.0,0.957821
0.9923621525868738,0.0,0.4068991552651424,0.8978940276019738,0.6432622532743826,0.0,1.0,0.0,0.0,1.0,0.947276
0.9264687572902698,0.0,0.3619286289204309,0.43612294320583245,0.6071114949032003,0.0,0.0,1.0,1.0,0.0,0.952548
0.9759556228739192,0.0,0.3619286289204309,0.39983835232406845,0.5316506093771822,0.0,0.0,1.0,0.0,1.0,0.959578
