x0,x1,x2,x3,x4,x5,x6,x7,accuracy
0.04617824828096321,0.5763278508826174,0.0,0.0,1.0,1.0,0.0,0.0,0.77139
0.0613510808945187,0.0,1.0,0.0,1.0,0.0,1.0,0.0,0.760695
0.9683558817083822,0.8481939775490484,0.0,0.0,1.0,1.0,0.0,0.0,0.762032
0.7706991429874871,0.9586076243340137,0.0,0.0,1.0,1.0,0.0,0.0,0.760695
0.5104078588115311,0.0,1.0,0.0,1.0,0.0,1.0,0.0,0.759358
0.2692091185709685,0.0,1.0,0.0,1.0,0.0,0.0,1.0,0.763369
0.9839286042900904,0.38386489507086613,0.0,0.0,1.0,1.0,0.0,0.0,0.764706
0.87270132857742,0.0,1.0,0.0,1.0,0.0,1.0,0.0,0.762032
0.6014368877690296,0.7522818025131311,0.0,0.0,1.0,1.0,0.0,0.0,0.760695
0.08567553271196468,0.0,1.0,0.0,1.0,0.0,1.0,0.0,0.764706
0.9437662504345388,0.0,1.0,0.8,0.0,0.0,0.0,1.0,0.760695
0.7200100171444389,0.0,1.0,1.0,0.0,0.0,0.0,1.0,0.760695
0.5094215292725562,0.0,1.0,0.0,1.0,0.0,0.0,1.0,0.77139
0.7007917736199116,0.0,1.0,0.0,1.0,0.0,1.0,0.0,0.762032
0.8772891634735678,0.0,1.0,0.0,1.0,0.0,1.0,0.0,0.763369
0.7075377458976727,0.0,1.0,0.0,1.0,0.0,0.0,1.0,0.770053
0.07877512016424366,0.0,1.0,0.8,0.0,0.0,0.0,1.0,0.760695
0.9579741287525754,0.9323680458443804,0.0,0.0,1.0,1.0,0.0,0.0,0.755348
0.07982380967337238,0.0,1.0,1.0,0.0,0.0,0.0,1.0,0.760695
0.4521659934633444,0.0,1.0,1.0,0.0,0.0,0.0,1.0,0.759358
0.09820650189397889,0.0,1.0,0.0,1.0,0.0,1.0,0.0,0.762032
0.5605573716737627,0.2064724576666049,0.0,0.0,1.0,1.0,0.0,0.0,0.764706
0.9934196106543157,0.0,1.0,1.0,0.0,0.0,0.0,1.0,0.759358
0.11614631640879963,0.7049346505136523,0.0,0.0,1.0,1.0,0.0,0.0,0.77139
0.7754475827612759,0.8856018194603297,0.0,0.0,1.0,1.0,0.0,0.0,0.760695
0.8306181765125343,0.0,1.0,0.0,1.0,0.0,1.0,0.0,0.762032
0.32426596537419344,0.7319779797866937,0.0,0.0,1.0,1.0,0.0,0.0,0.770053
0.33002470244165927,0.5858647770776355,0.0,0.0,1.0,1.0,0.0,0.0,0.772727
0.6443552365689345,0.3764731658802923,0.0,0.0,1.0,1.0,0.0,0.0,0.770053
0.6933343553868021,0.0,1.0,0.8,0.0,0.0,0.0,1.0,0.760695
0.23929512314919346,0.9371084303895868,0.0,0.0,1.0,1.0,0.0,0.0,0.768717
0.9295777393403593,0.5149152864364335,0.0,0.0,1.0,1.0,0.0,0.0,0.755348
0.7799406555699087,0.0,1.0,0.0,1.0,0.0,1.0,0.0,0.763369
0.7817267037441419,0.30198180403002933,0.0,0.0,1.0,1.0,0.0,0.0,0.77139
0.990360615338059,0.0,1.0,0.0,1.0,0.0,1.0,0.0,0.760695
0.219967272368236,0.5584474851272602,0.0,0.0,1.0,1.0,0.0,0.0,0.772727
0.008282557810081113,0.0,1.0,0.0,1.0,0.0,0.0,1.0,0.766043
0.30789335766605164,0.40321963652481174,0.0,0.0,1.0,1.0,0.0,0.0,0.764706
0.6934381993088291,0.2795938212007628,0.0,0.0,1.0,1.0,0.0,0.0,0.77139
0.8814094485132299,0.6386476266114428,0.0,0.0,1.0,1.0,0.0,0.0,0.764706
0.3235465636949478,0.3268748267767018,0.0,0.0,1.0,1.0,0.0,0.0,0.764706
0.39783694310502005,0.0,1.0,0.0,1.0,0.0,1.0,0.0,0.758021
0.9143233124385587,0.0,1.0,0.4,0.0,0.0,0.0,1.0,0.762032
0.9176568582417551,0.0,1.0,0.0,1.0,0.0,1.0,0.0,0.762032
0.3813455421213107,0.0,1.0,0.8,0.0,0.0,0.0,1.0,0.760695
0.6446317861426153,0.0,1.0,0.0,1.0,0.0,1.0,0.0,0.759358
0.8694695486104679,0.8635216001759007,0.0,0.0,1.0,1.0,0.0,0.0,0.762032
0.03367136348675668,0.0,1.0,0.0,1.0,0.0,1.0,0.0,0.762032
0.4301478912387565,0.4488644435191464,0.0,0.0,1.0,1.0,0.0,0.0,0.766043
0.35129506489442547,0.0,1.0,0.0,1.0,0.0,1.0,0.0,0.758021
0.8768731476934438,0.0,1.0,0.0,1.0,0.0,1.0,0.0,0.764706
0.493910888449543,0.8406058254913326,0.0,0.0,1.0,1.0,0.0,0.0,0.768717
0.19918465853764644,0.47129185320981926,0.0,0.0,1.0,1.0,0.0,0.0,0.772727
0.6603984479965938,0.8509857071216227,0.0,0.0,1.0,1.0,0.0,0.0,0.762032
0.4795157551774721,0.0,1.0,1.0,0.0,0.0,0.0,1.0,0.759358
0.15927413510756813,0.0,1.0,0.0,1.0,0.0,1.0,0.0,0.760695
0.44117091554937066,0.900445078703837,0.0,0.0,1.0,1.0,0.0,0.0,0.768717
0.037216645165400915,0.0,1.0,0.0,1.0,0.0,1.0,0.0,0.762032
0.038389036489453576,0.0,1.0,0.0,1.0,0.0,0.0,1.0,0.766043
0.9866971830380549,0.0,1.0,0.0,1.0,0.0,1.0,0.0,0.760695
0.7336040238549487,0.0,1.0,0.0,1.0,0.0,1.0,0.0,0.759358
0.7450955099898332,0.0,1.0,0.0,1.0,0.0,1.0,0.0,0.762032
0.6413669757569509,0.0,1.0,0.8,0.0,0.0,0.0,1.0,0.760695
0.11861511401947343,0.8511101879346619,0.0,0.0,1.0,1.0,0.0,0.0,0.768717
0.8659148867286561,0.0,1.0,0.0,1.0,0.0,0.0,1.0,0.77139
0.810176100395485,0.0,1.0,0.0,1.0,0.0,1.0,0.0,0.760695
0.6240744042398583,0.0,1.0,0.0,1.0,0.0,0.0,1.0,0.772727
0.9692081775752868,0.9558471790133736,0.0,0.0,1.0,1.0,0.0,0.0,0.760695
0.1639102550119303,0.0,1.0,0.0,1.0,0.0,1.0,0.0,0.760695
0.3408919004892535,0.0,1.0,0.0,1.0,0.0,1.0,0.0,0.758021
0.8168240316441829,0.0,1.0,0.0,1.0,0.0,0.0,1.0,0.77139
0.035608138773112405,0.24391838373201302,0.0,0.0,1.0,1.0,0.0,0.0,0.766043
0.5934700241529934,0.8356431522256028,0.0,0.0,1.0,1.0,0.0,0.0,0.762032
0.014448827249341434,0.3508182928397873,0.0,0.0,1.0,1.0,0.0,0.0,0.770053
0.5035461634225236,0.0,1.0,0.0,1.0,0.0,1.0,0.0,0.759358
0.08392392390561834,0.0,1.0,0.0,1.0,0.0,1.0,0.0,0.764706
0.0014694552860585312,0.0,1.0,0.4,0.0,0.0,0.0,1.0,0.759358
0.736178374447419,0.0,1.0,0.8,0.0,0.0,0.0,1.0,0.760695
0.7638105135007027,0.0,1.0,0.0,1.0,0.0,1.0,0.0,0.759358
0.5663490692143053,0.0,1.0,0.0,1.0,0.0,1.0,0.0,0.759358
0.33929475823090505,0.0,1.0,0.0,1.0,0.0,1.0,0.0,0.758021
0.32848653127360306,0.7486457371816497,0.0,0.0,1.0,1.0,0.0,0.0,0.768717
0.5311698436127451,0.0,1.0,0.0,1.0,0.0,1.0,0.0,0.760695
0.7419916499099432,0.0,1.0,0.4,0.0,0.0,0.0,1.0,0.762032
0.9126061826534663,0.25111808897931803,0.0,0.0,1.0,1.0,0.0,0.0,0.77139
0.8036050368342388,0.0,1.0,0.0,1.0,0.0,1.0,0.0,0.762032
0.5063088224174606,0.0,1.0,0.0,1.0,0.0,1.0,0.0,0.760695
0.29861030247219694,0.951345203587661,0.0,0.0,1.0,1.0,0.0,0.0,0.770053
0.9341435865390705,0.22296718586373232,0.0,0.0,1.0,1.0,0.0,0.0,0.774064
0.019589462905215287,0.0,1.0,0.0,1.0,0.0,0.0,1.0,0.766043
0.16364317414472704,0.0,1.0,0.0,1.0,0.0,1.0,0.0,0.760695
0.8110072027555503,0.7739687749186762,0.0,0.0,1.0,1.0,0.0,0.0,0.763369
0.27834754330029476,0.0,1.0,1.0,0.0,0.0,0.0,1.0,0.760695
0.11819258669860563,0.0,1.0,0.0,1.0,0.0,1.0,0.0,0.760695
0.6219835510916972,0.0,1.0,0.4,0.0,0.0,0.0,1.0,0.762032
0.2748083072689161,0.8668644947509994,0.0,0.0,1.0,1.0,0.0,0.0,0.770053
0.6546698437777252,0.0,1.0,0.0,1.0,0.0,1.0,0.0,0.762032
0.20248781561298715,0.4616004171425573,0.0,0.0,1.0,1.0,0.0,0.0,0.76738
0.43533560205251604,0.5696321992290986,0.0,0.0,1.0,1.0,0.0,0.0,0.77139
0.8444201966804358,0.0,1.0,0.4,0.0,0.0,0.0,1.0,0.762032
0.3686416229244316,0.3433322154336412,0.0,0.0,1.0,1.0,0.0,0.0,0.764706
0.45010445311293795,0.0,1.0,0.4,0.0,0.0,0.0,1.0,0.766043
0.7339841470269144,0.0,1.0,0.8,0.0,0.0,0.0,1.0,0.760695
0.289511743621634,0.0,1.0,0.0,1.0,0.0,1.0,0.0,0.758021
0.004216170763989561,0.0,1.0,0.4,0.0,0.0,0.0,1.0,0.759358
0.2942234967900816,0.0,1.0,0.0,1.0,0.0,1.0,0.0,0.760695
0.8925823781773979,0.8675936432282328,0.0,0.0,1.0,1.0,0.0,0.0,0.762032
0.11582818245823667,0.0,1.0,0.0,1.0,0.0,1.0,0.0,0.760695
0.2271192026848922,0.0,1.0,0.4,0.0,0.0,0.0,1.0,0.762032
0.6041950863966926,0.0,1.0,1.0,0.0,0.0,0.0,1.0,0.760695
0.9177846432201943,0.0,1.0,0.0,1.0,0.0,1.0,0.0,0.763369
0.5453326729999728,0.16535383476626403,0.0,0.0,1.0,1.0,0.0,0.0,0.763369
0.46207367352975176,0.0,1.0,0.0,1.0,0.0,1.0,0.0,0.759358
0.5245391612253976,0.0,1.0,0.0,1.0,0.0,0.0,1.0,0.768717
0.58373597319872,0.0,1.0,0.0,1.0,0.0,0.0,1.0,0.77139
0.7311159490016091,0.8874149659287542,0.0,0.0,1.0,1.0,0.0,0.0,0.760695
0.5308156029826797,0.0,1.0,0.0,1.0,0.0,1.0,0.0,0.759358
0.3367041998655614,0.0,1.0,0.0,1.0,0.0,1.0,0.0,0.759358
0.599068671983636,0.0,1.0,0.0,1.0,0.0,0.0,1.0,0.774064
0.8533760615473897,0.26859088279222076,0.0,0.0,1.0,1.0,0.0,0.0,0.77139
0.37968440273020265,0.0,1.0,1.0,0.0,0.0,0.0,1.0,0.759358
0.457863890477371,0.0,1.0,0.0,1.0,0.0,0.0,1.0,0.768717
0.10292428439194487,0.0,1.0,0.0,1.0,0.0,0.0,1.0,0.766043
0.09468624508903936,0.0,1.0,0.0,1.0,0.0,1.0,0.0,0.762032
0.9087013102642173,0.0,1.0,0.0,1.0,0.0,0.0,1.0,0.77139
0.4604417058776469,0.8234388936463579,0.0,0.0,1.0,1.0,0.0,0.0,0.76738
0.21098878921253145,0.0,1.0,0.0,1.0,0.0,1.0,0.0,0.758021
0.290123180841613,0.899668585471951,0.0,0.0,1.0,1.0,0.0,0.0,0.768717
0.16334603940900652,0.9810794428154801,0.0,0.0,1.0,1.0,0.0,0.0,0.768717
0.8366973817772457,0.0,1.0,1.0,0.0,0.0,0.0,1.0,0.760695
0.18097272507314877,0.0,1.0,0.4,0.0,0.0,0.0,1.0,0.762032
0.54843786388425,0.6657605545926977,0.0,0.0,1.0,1.0,0.0,0.0,0.770053
0.014278970552761961,0.0,1.0,0.0,1.0,0.0,1.0,0.0,0.762032
0.006640950994147006,0.0,1.0,0.8,0.0,0.0,0.0,1.0,0.760695
0.34718774419838516,0.9678179014801985,0.0,0.0,1.0,1.0,0.0,0.0,0.770053
0.9433348777288671,0.0,1.0,0.0,1.0,0.0,1.0,0.0,0.763369
0.8617217380591756,0.9083310200349578,0.0,0.0,1.0,1.0,0.0,0.0,0.756684
0.3483616085909071,0.0,1.0,0.0,1.0,0.0,1.0,0.0,0.758021
0.8986101700594094,0.42814416681414813,0.0,0.0,1.0,1.0,0.0,0.0,0.772727
0.7759335909297154,0.0,1.0,0.4,0.0,0.0,0.0,1.0,0.762032
0.7062248526748701,0.0,1.0,0.0,1.0,0.0,1.0,0.0,0.762032
0.20573919813914715,0.0,1.0,0.0,1.0,0.0,1.0,0.0,0.759358
0.07367549542297641,0.0,1.0,0.0,1.0,0.0,0.0,1.0,0.764706
0.43564252365697176,0.0,1.0,0.4,0.0,0.0,0.0,1.0,0.766043
0.881855263647613,0.9090826118985406,0.0,0.0,1.0,1.0,0.0,0.0,0.756684
0.30853842926760144,0.0,1.0,0.8,0.0,0.0,0.0,1.0,0.760695
0.6301309205700883,0.0,1.0,0.0,1.0,0.0,1.0,0.0,0.762032
0.3052819236748668,0.0,1.0,0.8,0.0,0.0,0.0,1.0,0.760695
0.10662681548320244,0.0,1.0,0.8,0.0,0.0,0.0,1.0,0.760695
0.4393218735848685,0.0,1.0,0.0,1.0,0.0,1.0,0.0,0.759358
0.34359090308148627,0.0,1.0,1.0,0.0,0.0,0.0,1.0,0.760695
0.09078136655735491,0.21584330126551707,0.0,0.0,1.0,1.0,0.0,0.0,0.768717
0.3010913673775807,0.0,1.0,0.0,1.0,0.0,1.0,0.0,0.758021
0.5729450470986349,0.0,1.0,0.4,0.0,0.0,0.0,1.0,0.762032
0.2954671595334758,0.17679163731779968,0.0,0.0,1.0,1.0,0.0,0.0,0.768717
0.5404926238500126,0.0,1.0,1.0,0.0,0.0,0.0,1.0,0.759358
0.11732362458788122,0.0,1.0,0.0,1.0,0.0,1.0,0.0,0.760695
0.3766644115992743,0.0,1.0,0.0,1.0,0.0,1.0,0.0,0.759358
0.23890921676733523,0.6972012491529257,0.0,0.0,1.0,1.0,0.0,0.0,0.778075
0.7278446583397311,0.0,1.0,1.0,0.0,0.0,0.0,1.0,0.762032
0.7112319780175205,0.0,1.0,0.8,0.0,0.0,0.0,1.0,0.760695
0.6584873411666334,0.0,1.0,0.0,1.0,0.0,1.0,0.0,0.760695
0.6604669076930261,0.0,1.0,0.4,0.0,0.0,0.0,1.0,0.762032
0.8130284549722117,0.9291091022792338,0.0,0.0,1.0,1.0,0.0,0.0,0.755348
0.4924251321785533,0.0,1.0,1.0,0.0,0.0,0.0,1.0,0.759358
0.9856463133512796,0.0,1.0,0.0,1.0,0.0,1.0,0.0,0.760695
0.02812246018265854,0.0,1.0,0.0,1.0,0.0,1.0,0.0,0.762032
0.6699888104334889,0.0,1.0,0.0,1.0,0.0,1.0,0.0,0.759358
0.8025702564480771,0.673328810053987,0.0,0.0,1.0,1.0,0.0,0.0,0.764706
0.5586378800320108,0.1700608833414547,0.0,0.0,1.0,1.0,0.0,0.0,0.763369
0.7019167624116551,0.3769008795615575,0.0,0.0,1.0,1.0,0.0,0.0,0.772727
0.7490056599587059,0.0,1.0,0.0,1.0,0.0,1.0,0.0,0.760695
0.8380253076811354,0.0,1.0,0.0,1.0,0.0,1.0,0.0,0.759358
0.42820429344712846,0.0,1.0,0.8,0.0,0.0,0.0,1.0,0.762032
0.9839357885209576,0.2566281492169235,0.0,0.0,1.0,1.0,0.0,0.0,0.772727
0.01744839657634195,0.7216633135837999,0.0,0.0,1.0,1.0,0.0,0.0,0.770053
0.7345119373945699,0.7809900882205796,0.0,0.0,1.0,1.0,0.0,0.0,0.762032
0.24185170215588336,0.0,1.0,0.0,1.0,0.0,1.0,0.0,0.760695
0.27789833383123785,0.0,1.0,0.0,1.0,0.0,0.0,1.0,0.763369
0.6189998755124192,0.0,1.0,0.0,1.0,0.0,1.0,0.0,0.760695
0.4256673867017612,0.0,1.0,0.4,0.0,0.0,0.0,1.0,0.766043
0.35466709751174913,0.0,1.0,0.0,1.0,0.0,1.0,0.0,0.759358
0.7177885411089613,0.7092894061826429,0.0,0.0,1.0,1.0,0.0,0.0,0.760695
0.9379982904602931,0.9180971694225636,0.0,0.0,1.0,1.0,0.0,0.0,0.756684
0.2374613229595067,0.0,1.0,0.4,0.0,0.0,0.0,1.0,0.762032
0.7458201445306498,0.0,1.0,0.4,0.0,0.0,0.0,1.0,0.762032
0.9418513729997963,0.27794812557804077,0.0,0.0,1.0,1.0,0.0,0.0,0.77139
0.018847111139727618,0.0,1.0,0.4,0.0,0.0,0.0,1.0,0.760695
0.20326946425356418,0.0,1.0,0.0,1.0,0.0,1.0,0.0,0.759358
0.42215446866240713,0.8594766741387171,0.0,0.0,1.0,1.0,0.0,0.0,0.770053
0.5629654324024561,0.0,1.0,0.0,1.0,0.0,1.0,0.0,0.759358
0.06881130490941706,0.0,1.0,0.0,1.0,0.0,1.0,0.0,0.762032
0.4054581345360767,0.0,1.0,0.8,0.0,0.0,0.0,1.0,0.760695
0.0042168683831249,0.0,1.0,0.0,1.0,0.0,1.0,0.0,0.760695
0.6685322751695494,0.7442100544944743,0.0,0.0,1.0,1.0,0.0,0.0,0.758021
0.4711474358875065,0.0,1.0,0.0,1.0,0.0,1.0,0.0,0.759358
0.577262469587301,0.9408861377378803,0.0,0.0,1.0,1.0,0.0,0.0,0.755348
0.3589423389353852,0.30986239856544406,0.0,0.0,1.0,1.0,0.0,0.0,0.764706
0.8652255774845433,0.0,1.0,1.0,0.0,0.0,0.0,1.0,0.759358
0.28282702460157894,0.0,1.0,0.0,1.0,0.0,1.0,0.0,0.758021
0.4113291280014146,0.0,1.0,0.0,1.0,0.0,1.0,0.0,0.758021
0.056085171834449395,0.0,1.0,0.0,1.0,0.0,1.0,0.0,0.760695
0.04026124196094655,0.3499269316661651,0.0,0.0,1.0,1.0,0.0,0.0,0.770053
0.105420547156656,0.5178161519140193,0.0,0.0,1.0,1.0,0.0,0.0,0.776738
0.5352976776650187,0.0,1.0,0.8,0.0,0.0,0.0,1.0,0.762032
0.8766328421985619,0.0,1.0,1.0,0.0,0.0,0.0,1.0,0.760695
0.08988429308384109,0.7136278721996603,0.0,0.0,1.0,1.0,0.0,0.0,0.768717
0.5992903615405114,0.0,1.0,0.0,1.0,0.0,1.0,0.0,0.759358
0.5978716703545923,0.7335104929460267,0.0,0.0,1.0,1.0,0.0,0.0,0.763369
0.8229235878179555,0.8772922184066441,0.0,0.0,1.0,1.0,0.0,0.0,0.760695
2.5216221625872995e-05,0.0,1.0,0.0,1.0,0.0,1.0,0.0,0.760695
0.25603767311853987,0.0,1.0,0.0,1.0,0.0,1.0,0.0,0.758021
0.5239458135674362,0.0,1.0,0.0,1.0,0.0,1.0,0.0,0.759358
0.6299835339637474,0.21657394407890873,0.0,0.0,1.0,1.0,0.0,0.0,0.764706
0.09113498697207383,0.0,1.0,1.0,0.0,0.0,0.0,1.0,0.760695
0.30886508135722973,0.0,1.0,0.0,1.0,0.0,1.0,0.0,0.759358
0.40127731316510923,0.0,1.0,0.8,0.0,0.0,0.0,1.0,0.760695
0.82860412014862,0.0,1.0,1.0,0.0,0.0,0.0,1.0,0.762032
0.6971924551069814,0.0,1.0,0.0,1.0,0.0,0.0,1.0,0.772727
0.4714049248279167,0.0,1.0,0.4,0.0,0.0,0.0,1.0,0.763369
0.5338713723463858,0.6324839933473803,0.0,0.0,1.0,1.0,0.0,0.0,0.775401
0.6735285636017826,0.3844390967509498,0.0,0.0,1.0,1.0,0.0,0.0,0.770053
0.7621734688133863,0.0,1.0,0.0,1.0,0.0,0.0,1.0,0.772727
0.2664403735503487,0.0,1.0,0.0,1.0,0.0,1.0,0.0,0.758021
0.14257087304266272,0.0,1.0,0.0,1.0,0.0,1.0,0.0,0.762032
0.7519443406603676,0.0,1.0,0.8,0.0,0.0,0.0,1.0,0.760695
0.5525726500750288,0.0,1.0,0.0,1.0,0.0,1.0,0.0,0.759358
0.181268792862009,0.5881749275514794,0.0,0.0,1.0,1.0,0.0,0.0,0.770053
0.022098865159706764,0.2955413955100378,0.0,0.0,1.0,1.0,0.0,0.0,0.76738
0.17942343501665897,0.0,1.0,0.8,0.0,0.0,0.0,1.0,0.760695
0.8567155859292392,0.0,1.0,0.0,1.0,0.0,1.0,0.0,0.759358
0.40946584515175727,0.5729674840566906,0.0,0.0,1.0,1.0,0.0,0.0,0.772727
0.8429961147412178,0.0,1.0,0.0,1.0,0.0,1.0,0.0,0.760695
0.7237977921197051,0.0,1.0,0.8,0.0,0.0,0.0,1.0,0.760695
0.790427845743279,0.0,1.0,0.0,1.0,0.0,1.0,0.0,0.759358
0.5969350442350908,0.0,1.0,0.4,0.0,0.0,0.0,1.0,0.762032
0.7036481828635648,0.0,1.0,0.0,1.0,0.0,0.0,1.0,0.772727
0.7775582684828863,0.0,1.0,0.0,1.0,0.0,1.0,0.0,0.760695
0.7549266292372843,0.9553238277997861,0.0,0.0,1.0,1.0,0.0,0.0,0.760695
0.6736549124984101,0.20635720115487852,0.0,0.0,1.0,1.0,0.0,0.0,0.770053
0.05040074309246742,0.3328879347717028,0.0,0.0,1.0,1.0,0.0,0.0,0.768717
0.7592058615710036,0.7173343050320894,0.0,0.0,1.0,1.0,0.0,0.0,0.760695
0.010964137887716684,0.0,1.0,0.0,1.0,0.0,1.0,0.0,0.762032
0.9434050296652629,0.26282569219739055,0.0,0.0,1.0,1.0,0.0,0.0,0.775401
0.34035432007384137,0.9799594867651772,0.0,0.0,1.0,1.0,0.0,0.0,0.768717
0.2481579047516514,0.0,1.0,0.0,1.0,0.0,0.0,1.0,0.763369
0.8895043722383162,0.6394203619378027,0.0,0.0,1.0,1.0,0.0,0.0,0.766043
0.8922925924815508,0.0,1.0,0.0,1.0,0.0,1.0,0.0,0.762032
0.5245275995693116,0.3689924802437949,0.0,0.0,1.0,1.0,0.0,0.0,0.766043
0.517903360170876,0.6926805647511147,0.0,0.0,1.0,1.0,0.0,0.0,0.772727
0.46033520827330027,0.0,1.0,0.8,0.0,0.0,0.0,1.0,0.762032
0.15191932616805118,0.0,1.0,0.4,0.0,0.0,0.0,1.0,0.762032
0.2817965476076577,0.27524926481719975,0.0,0.0,1.0,1.0,0.0,0.0,0.763369
0.5861746646073969,0.0,1.0,0.0,1.0,0.0,0.0,1.0,0.774064
0.42552018124807617,0.0,1.0,0.0,1.0,0.0,1.0,0.0,0.758021
0.6327811270653988,0.0,1.0,1.0,0.0,0.0,0.0,1.0,0.759358
0.19717540383929985,0.0,1.0,0.4,0.0,0.0,0.0,1.0,0.762032
0.002939015130550314,0.1680333905542288,0.0,0.0,1.0,1.0,0.0,0.0,0.76738
0.10838666616720387,0.0,1.0,0.0,1.0,0.0,1.0,0.0,0.760695
0.7763486435069255,0.0,1.0,0.4,0.0,0.0,0.0,1.0,0.762032
0.06992132403782174,0.0,1.0,0.8,0.0,0.0,0.0,1.0,0.760695
0.3801743339325708,0.0,1.0,0.4,0.0,0.0,0.0,1.0,0.764706
0.48923283265433126,0.0,1.0,0.0,1.0,0.0,1.0,0.0,0.759358
0.15732792193630324,0.6228112097874539,0.0,0.0,1.0,1.0,0.0,0.0,0.778075
0.6154708885590965,0.8592815339149116,0.0,0.0,1.0,1.0,0.0,0.0,0.762032
0.7702777009173182,0.0,1.0,0.0,1.0,0.0,1.0,0.0,0.762032
0.9767331043620168,0.0,1.0,0.0,1.0,0.0,1.0,0.0,0.759358
0.4469580602740889,0.0,1.0,0.0,1.0,0.0,1.0,0.0,0.759358
0.41819476538092143,0.0,1.0,0.4,0.0,0.0,0.0,1.0,0.766043
0.9075949884337275,0.0,1.0,1.0,0.0,0.0,0.0,1.0,0.759358
0.5922981414669954,0.35656227927805384,0.0,0.0,1.0,1.0,0.0,0.0,0.76738
0.7227063175336397,0.0,1.0,0.0,1.0,0.0,0.0,1.0,0.77139
0.3277288809728791,0.0,1.0,1.0,0.0,0.0,0.0,1.0,0.760695
0.5482362599067788,0.0,1.0,0.0,1.0,0.0,1.0,0.0,0.759358
0.7643066493562312,0.0,1.0,0.0,1.0,0.0,1.0,0.0,0.760695
0.5220979577802121,0.0,1.0,0.0,1.0,0.0,1.0,0.0,0.759358
0.3777699644050845,0.0,1.0,0.0,1.0,0.0,1.0,0.0,0.758021
0.13453006035183782,0.2180203641570148,0.0,0.0,1.0,1.0,0.0,0.0,0.770053
0.004088283733824217,0.0,1.0,0.0,1.0,0.0,1.0,0.0,0.760695
0.32250678035186475,0.0,1.0,0.0,1.0,0.0,1.0,0.0,0.758021
0.2387947650998423,0.4570818012942545,0.0,0.0,1.0,1.0,0.0,0.0,0.768717
0.33714740436670315,0.0,1.0,0.0,1.0,0.0,1.0,0.0,0.758021
0.2753241557420057,0.0,1.0,0.0,1.0,0.0,1.0,0.0,0.758021
0.8470486959836523,0.7167907432979927,0.0,0.0,1.0,1.0,0.0,0.0,0.762032
0.5928170278278642,0.0,1.0,0.0,1.0,0.0,1.0,0.0,0.759358
0.9311626115511529,0.7799264204297489,0.0,0.0,1.0,1.0,0.0,0.0,0.762032
0.35555814522094986,0.6444414356015493,0.0,0.0,1.0,1.0,0.0,0.0,0.778075
0.40763892448287303,0.8749372739477091,0.0,0.0,1.0,1.0,0.0,0.0,0.770053
0.8691162428443969,0.0,1.0,0.0,1.0,0.0,1.0,0.0,0.762032
0.8334892645896425,0.0,1.0,0.0,1.0,0.0,1.0,0.0,0.759358
0.37891094421297383,0.8910177236834481,0.0,0.0,1.0,1.0,0.0,0.0,0.768717
0.4348702425421919,0.0,1.0,0.0,1.0,0.0,1.0,0.0,0.759358
0.1309560671750575,0.0,1.0,0.0,1.0,0.0,1.0,0.0,0.762032
0.6975698283101207,0.0,1.0,0.8,0.0,0.0,0.0,1.0,0.760695
0.09412162065239582,0.0,1.0,1.0,0.0,0.0,0.0,1.0,0.760695
0.316182337267057,0.5593875420594508,0.0,0.0,1.0,1.0,0.0,0.0,0.774064
0.07853215306419029,0.0,1.0,0.0,1.0,0.0,1.0,0.0,0.762032
0.7825508023769701,0.6374697911517251,0.0,0.0,1.0,1.0,0.0,0.0,0.760695
0.21540337567100462,0.6478724172189081,0.0,0.0,1.0,1.0,0.0,0.0,0.778075
0.8325082981977862,0.31929971920998496,0.0,0.0,1.0,1.0,0.0,0.0,0.770053
0.23598713761098386,0.0,1.0,0.0,1.0,0.0,0.0,1.0,0.763369
0.20471807294306638,0.9160125664396769,0.0,0.0,1.0,1.0,0.0,0.0,0.768717
0.6116884536851587,0.0,1.0,0.0,1.0,0.0,1.0,0.0,0.759358
0.6769431203828844,0.0,1.0,0.4,0.0,0.0,0.0,1.0,0.762032
0.8618462463717661,0.0,1.0,0.0,1.0,0.0,1.0,0.0,0.760695
0.18005287356123725,0.2797435699310005,0.0,0.0,1.0,1.0,0.0,0.0,0.764706
0.6726095098630064,0.0,1.0,0.4,0.0,0.0,0.0,1.0,0.762032
0.6109515792022916,0.4007073849367988,0.0,0.0,1.0,1.0,0.0,0.0,0.768717
0.9357671880561019,0.0,1.0,0.4,0.0,0.0,0.0,1.0,0.762032
0.5906564724822128,0.0,1.0,0.0,1.0,0.0,1.0,0.0,0.759358
0.5929950391279841,0.0,1.0,0.8,0.0,0.0,0.0,1.0,0.760695
0.21296599212160325,0.0,1.0,0.0,1.0,0.0,0.0,1.0,0.763369
0.3178001022050416,0.0,1.0,0.0,1.0,0.0,1.0,0.0,0.758021
0.8164817874445554,0.0,1.0,0.0,1.0,0.0,1.0,0.0,0.759358
0.30946756938010456,0.0,1.0,0.0,1.0,0.0,1.0,0.0,0.758021
0.6226569968367521,0.0,1.0,0.0,1.0,0.0,1.0,0.0,0.759358
0.44920597861994127,0.9366366883098969,0.0,0.0,1.0,1.0,0.0,0.0,0.768717
0.02890741854534458,0.3327402548267855,0.0,0.0,1.0,1.0,0.0,0.0,0.76738
0.6533196241411996,0.0,1.0,0.0,1.0,0.0,1.0,0.0,0.759358
0.3758799913566692,0.0,1.0,0.0,1.0,0.0,0.0,1.0,0.766043
0.6467529798713634,0.0,1.0,0.8,0.0,0.0,0.0,1.0,0.760695
0.8250275315785125,0.0,1.0,0.0,1.0,0.0,0.0,1.0,0.77139
0.7797057000827764,0.6224435507136339,0.0,0.0,1.0,1.0,0.0,0.0,0.760695
0.8931879409605544,0.6006496780596841,0.0,0.0,1.0,1.0,0.0,0.0,0.762032
0.996729532586203,0.0,1.0,1.0,0.0,0.0,0.0,1.0,0.760695
0.23738827906648674,0.16833104623172493,0.0,0.0,1.0,1.0,0.0,0.0,0.77139
0.5471849873603652,0.0,1.0,0.8,0.0,0.0,0.0,1.0,0.760695
0.33929092360226965,0.0,1.0,0.0,1.0,0.0,1.0,0.0,0.758021
0.29689284150197465,0.0,1.0,0.0,1.0,0.0,1.0,0.0,0.762032
0.25725586079044604,0.6747372780425975,0.0,0.0,1.0,1.0,0.0,0.0,0.775401
0.06942261962960836,0.0,1.0,0.8,0.0,0.0,0.0,1.0,0.760695
0.09535005374388911,0.0,1.0,0.0,1.0,0.0,0.0,1.0,0.766043
0.7349188606063551,0.0,1.0,0.0,1.0,0.0,1.0,0.0,0.760695
0.017725188181184036,0.9016986338997891,0.0,0.0,1.0,1.0,0.0,0.0,0.768717
0.7489859386130124,0.0,1.0,1.0,0.0,0.0,0.0,1.0,0.760695
0.9800664868602876,0.0,1.0,0.0,1.0,0.0,0.0,1.0,0.76738
0.4306753055133127,0.8312661622102239,0.0,0.0,1.0,1.0,0.0,0.0,0.76738
0.921511518318474,0.0,1.0,0.0,1.0,0.0,1.0,0.0,0.763369
0.11318425715271765,0.0,1.0,0.0,1.0,0.0,1.0,0.0,0.760695
0.459264657003793,0.2246811367693504,0.0,0.0,1.0,1.0,0.0,0.0,0.763369
0.15547294899180705,0.32603108841191947,0.0,0.0,1.0,1.0,0.0,0.0,0.764706
0.4409858124270855,0.0,1.0,0.0,1.0,0.0,1.0,0.0,0.759358
0.831192011025983,0.0,1.0,0.4,0.0,0.0,0.0,1.0,0.762032
0.9448611762220389,0.0,1.0,0.0,1.0,0.0,1.0,0.0,0.762032
0.5635280877921215,0.0,1.0,0.4,0.0,0.0,0.0,1.0,0.762032
0.6130396457033663,0.45331253195336163,0.0,0.0,1.0,1.0,0.0,0.0,0.782086
0.5423999022179172,0.0,1.0,0.0,1.0,0.0,0.0,1.0,0.770053
0.014158099205024425,0.0,1.0,1.0,0.0,0.0,0.0,1.0,0.760695
0.3234956608953175,0.0,1.0,0.4,0.0,0.0,0.0,1.0,0.764706
0.5096940172607263,0.0,1.0,0.0,1.0,0.0,1.0,0.0,0.759358
0.25619059997661636,0.0,1.0,0.0,1.0,0.0,0.0,1.0,0.763369
0.15727399064904274,0.0,1.0,0.4,0.0,0.0,0.0,1.0,0.762032
0.01591501759030379,0.0,1.0,0.0,1.0,0.0,1.0,0.0,0.763369
0.5558213857712665,0.35614853858179835,0.0,0.0,1.0,1.0,0.0,0.0,0.76738
0.9195393953430135,0.8869890417989995,0.0,0.0,1.0,1.0,0.0,0.0,0.760695
0.5064808936641164,0.687210468415975,0.0,0.0,1.0,1.0,0.0,0.0,0.770053
0.7814777957770316,0.0,1.0,0.0,1.0,0.0,0.0,1.0,0.77139
0.00453184327102981,0.0,1.0,0.0,1.0,0.0,0.0,1.0,0.766043
0.46465414317928594,0.0,1.0,0.0,1.0,0.0,1.0,0.0,0.759358
0.04087510465569851,0.0,1.0,0.0,1.0,0.0,1.0,0.0,0.763369
0.3978432026932628,0.9563752013318673,0.0,0.0,1.0,1.0,0.0,0.0,0.770053
0.710185751700503,0.0,1.0,0.4,0.0,0.0,0.0,1.0,0.762032
0.3232079183828915,0.0,1.0,0.8,0.0,0.0,0.0,1.0,0.760695
0.7394626327711941,0.8196101083673072,0.0,0.0,1.0,1.0,0.0,0.0,0.762032
0.9141549471992468,0.0,1.0,0.0,1.0,0.0,1.0,0.0,0.762032
0.44579280068153154,0.0,1.0,0.4,0.0,0.0,0.0,1.0,0.766043
0.9654897476800608,0.0,1.0,0.4,0.0,0.0,0.0,1.0,0.762032
0.6030247329088045,0.0,1.0,0.0,1.0,0.0,1.0,0.0,0.759358
0.01879921625701551,0.8119772283307714,0.0,0.0,1.0,1.0,0.0,0.0,0.77139
0.1473241853729276,0.964600139392608,0.0,0.0,1.0,1.0,0.0,0.0,0.770053
0.5710399726868388,0.0,1.0,0.0,1.0,0.0,1.0,0.0,0.759358
0.28270983728694515,0.0,1.0,0.0,1.0,0.0,1.0,0.0,0.758021
0.6504547497265449,0.2675565487424783,0.0,0.0,1.0,1.0,0.0,0.0,0.770053
0.675420823132374,0.0,1.0,0.4,0.0,0.0,0.0,1.0,0.762032
0.03063095637392759,0.0,1.0,0.0,1.0,0.0,1.0,0.0,0.762032
0.8859648380108799,0.0,1.0,0.0,1.0,0.0,1.0,0.0,0.763369
0.4397046085450433,0.9737405860800972,0.0,0.0,1.0,1.0,0.0,0.0,0.764706
0.6414906038740387,0.0,1.0,0.8,0.0,0.0,0.0,1.0,0.760695
0.7443100567279486,0.0,1.0,0.4,0.0,0.0,0.0,1.0,0.762032
0.9657300241897734,0.0,1.0,0.8,0.0,0.0,0.0,1.0,0.760695
0.14286761268080325,0.0,1.0,0.0,1.0,0.0,1.0,0.0,0.762032
0.5232456396272386,0.0,1.0,0.0,1.0,0.0,0.0,1.0,0.768717
0.6238111091265974,0.7398565314569331,0.0,0.0,1.0,1.0,0.0,0.0,0.763369
0.7965942245467319,0.4144123281281286,0.0,0.0,1.0,1.0,0.0,0.0,0.776738
0.06606031724517321,0.0,1.0,0.0,1.0,0.0,1.0,0.0,0.760695
0.7557069749522809,0.6490269561284941,0.0,0.0,1.0,1.0,0.0,0.0,0.763369
0.9260608315018659,0.0,1.0,0.0,1.0,0.0,1.0,0.0,0.754011
0.12048615713689706,0.8343116944187622,0.0,0.0,1.0,1.0,0.0,0.0,0.76738
0.7996076564679426,0.0,1.0,0.0,1.0,0.0,1.0,0.0,0.760695
0.8653987975771128,0.0,1.0,0.0,1.0,0.0,1.0,0.0,0.760695
0.46827278840415226,0.0,1.0,0.0,1.0,0.0,1.0,0.0,0.759358
0.37407212063000506,0.4092126454947223,0.0,0.0,1.0,1.0,0.0,0.0,0.764706
0.9545073890008056,0.0,1.0,0.0,1.0,0.0,1.0,0.0,0.762032
0.12420653268635229,0.0,1.0,0.8,0.0,0.0,0.0,1.0,0.760695
0.18879253770069,0.0,1.0,0.0,1.0,0.0,1.0,0.0,0.758021
0.9930089973505368,0.0,1.0,0.0,1.0,0.0,1.0,0.0,0.762032
0.32733135751671655,0.0,1.0,0.4,0.0,0.0,0.0,1.0,0.763369
0.7434536092930337,0.7892222987787266,0.0,0.0,1.0,1.0,0.0,0.0,0.762032
0.32814593283584886,0.0,1.0,0.0,1.0,0.0,1.0,0.0,0.758021
0.35069451793914597,0.0,1.0,0.0,1.0,0.0,1.0,0.0,0.758021
0.37127289076116254,0.41232783970911985,0.0,0.0,1.0,1.0,0.0,0.0,0.763369
0.8246039034124218,0.0,1.0,0.0,1.0,0.0,0.0,1.0,0.77139
0.5472718965568424,0.816278456309322,0.0,0.0,1.0,1.0,0.0,0.0,0.762032
0.6960205757621372,0.0,1.0,0.0,1.0,0.0,1.0,0.0,0.759358
0.017085736583819733,0.0,1.0,0.0,1.0,0.0,1.0,0.0,0.763369
0.6180058659238893,0.0,1.0,0.0,1.0,0.0,1.0,0.0,0.762032
0.2191112236358463,0.0,1.0,0.0,1.0,0.0,1.0,0.0,0.758021
0.5480662932525717,0.3440463066421846,0.0,0.0,1.0,1.0,0.0,0.0,0.768717
0.45819879060815005,0.7090082806542594,0.0,0.0,1.0,1.0,0.0,0.0,0.775401
0.11295662286321624,0.8608912629627777,0.0,0.0,1.0,1.0,0.0,0.0,0.770053
0.14248567925916997,0.31721675188043996,0.0,0.0,1.0,1.0,0.0,0.0,0.766043
0.43458209679577775,0.5512417578127912,0.0,0.0,1.0,1.0,0.0,0.0,0.776738
0.43575383655184224,0.4914674028748274,0.0,0.0,1.0,1.0,0.0,0.0,0.780749
0.8514589887555757,0.0,1.0,0.8,0.0,0.0,0.0,1.0,0.760695
0.7324728703497114,0.0,1.0,0.0,1.0,0.0,0.0,1.0,0.77139
0.33170512801896385,0.7712432512257958,0.0,0.0,1.0,1.0,0.0,0.0,0.768717
0.8291959354893514,0.0,1.0,1.0,0.0,0.0,0.0,1.0,0.760695
0.06771404058336075,0.3176776710980727,0.0,0.0,1.0,1.0,0.0,0.0,0.768717
0.8941794104806946,0.0,1.0,0.4,0.0,0.0,0.0,1.0,0.762032
0.48602940695857444,0.0,1.0,1.0,0.0,0.0,0.0,1.0,0.758021
0.9517057187547148,0.0,1.0,0.8,0.0,0.0,0.0,1.0,0.762032
0.4430312104346764,0.4081120711809679,0.0,0.0,1.0,1.0,0.0,0.0,0.764706
0.8701829333300486,0.19337021348445751,0.0,0.0,1.0,1.0,0.0,0.0,0.772727
0.7483975769731014,0.8353667367750185,0.0,0.0,1.0,1.0,0.0,0.0,0.762032
0.7710780202462276,0.16791247572405904,0.0,0.0,1.0,1.0,0.0,0.0,0.768717
0.8513978422880575,0.8460264663738525,0.0,0.0,1.0,1.0,0.0,0.0,0.762032
0.39511963713562,0.0,1.0,1.0,0.0,0.0,0.0,1.0,0.759358
0.8432808540771299,0.0,1.0,0.0,1.0,0.0,1.0,0.0,0.762032
0.868379756474912,0.18527640251278304,0.0,0.0,1.0,1.0,0.0,0.0,0.768717
0.1828119866695714,0.0,1.0,0.0,1.0,0.0,1.0,0.0,0.758021
0.27027197321404123,0.3393085719446555,0.0,0.0,1.0,1.0,0.0,0.0,0.764706
0.5107730657632065,0.0,1.0,1.0,0.0,0.0,0.0,1.0,0.759358
0.07950379710187913,0.0,1.0,0.0,1.0,0.0,1.0,0.0,0.762032
0.25053617094780134,0.0,1.0,0.0,1.0,0.0,1.0,0.0,0.758021
0.1771363499317199,0.0,1.0,0.0,1.0,0.0,1.0,0.0,0.758021
0.5573950004757724,0.0,1.0,0.0,1.0,0.0,0.0,1.0,0.770053
0.0919387640550943,0.0,1.0,1.0,0.0,0.0,0.0,1.0,0.760695
0.22901114687944124,0.0,1.0,0.0,1.0,0.0,1.0,0.0,0.758021
0.34056780910124984,0.0,1.0,1.0,0.0,0.0,0.0,1.0,0.760695
0.7968499470520732,0.0,1.0,0.0,1.0,0.0,0.0,1.0,0.77139
0.6612325490422837,0.5099391253443927,0.0,0.0,1.0,1.0,0.0,0.0,0.775401
0.3392367198990139,0.0,1.0,0.0,1.0,0.0,1.0,0.0,0.758021
0.4983243713326541,0.8754341309787198,0.0,0.0,1.0,1.0,0.0,0.0,0.768717
0.22383403066517804,0.0,1.0,0.0,1.0,0.0,1.0,0.0,0.758021
0.1043504381433386,0.0,1.0,0.0,1.0,0.0,1.0,0.0,0.758021
0.5894728563306144,0.0,1.0,0.0,1.0,0.0,1.0,0.0,0.759358
0.9148291584928974,0.0,1.0,0.0,1.0,0.0,1.0,0.0,0.763369
0.5033177863796892,0.7825848177717173,0.0,0.0,1.0,1.0,0.0,0.0,0.766043
0.3478763698529606,0.0,1.0,0.0,1.0,0.0,1.0,0.0,0.758021
0.31147717329564717,0.0,1.0,0.0,1.0,0.0,1.0,0.0,0.758021
0.1952656401652111,0.0,1.0,0.0,1.0,0.0,1.0,0.0,0.759358
0.01774173233536386,0.0,1.0,0.0,1.0,0.0,1.0,0.0,0.763369
0.6144931902325449,0.0,1.0,0.0,1.0,0.0,1.0,0.0,0.759358
0.20538909662405452,0.742011234000825,0.0,0.0,1.0,1.0,0.0,0.0,0.76738
0.9684910054592146,0.0,1.0,0.0,1.0,0.0,1.0,0.0,0.766043
0.19059874139380195,0.0,1.0,0.0,1.0,0.0,1.0,0.0,0.758021
0.8529758390053681,0.0,1.0,0.0,1.0,0.0,0.0,1.0,0.77139
0.13013901722126356,0.0,1.0,0.0,1.0,0.0,1.0,0.0,0.762032
0.7093034605527849,0.7125756117767579,0.0,0.0,1.0,1.0,0.0,0.0,0.760695
0.62458785049744,0.0,1.0,0.0,1.0,0.0,1.0,0.0,0.760695
0.9831718041066438,0.0,1.0,0.0,1.0,0.0,1.0,0.0,0.763369
0.13336681758350816,0.0,1.0,0.0,1.0,0.0,1.0,0.0,0.760695
0.821550028928173,0.0,1.0,0.4,0.0,0.0,0.0,1.0,0.762032
0.748665529529635,0.0,1.0,1.0,0.0,0.0,0.0,1.0,0.762032
0.9022306962412329,0.2182831553617011,0.0,0.0,1.0,1.0,0.0,0.0,0.77139
0.907378753896369,0.0,1.0,0.0,1.0,0.0,1.0,0.0,0.762032
0.49027649028743464,0.0,1.0,0.8,0.0,0.0,0.0,1.0,0.762032
0.033659136613587215,0.0,1.0,1.0,0.0,0.0,0.0,1.0,0.760695
0.895648503311737,0.0,1.0,0.0,1.0,0.0,1.0,0.0,0.763369
0.7307413051941086,0.0,1.0,0.0,1.0,0.0,0.0,1.0,0.772727
0.029768119462236772,0.0,1.0,0.4,0.0,0.0,0.0,1.0,0.762032
0.46125969589948584,0.0,1.0,0.0,1.0,0.0,1.0,0.0,0.759358
0.9749700523012844,0.0,1.0,0.0,1.0,0.0,1.0,0.0,0.762032
0.45290117701398724,0.0,1.0,0.0,1.0,0.0,1.0,0.0,0.759358
0.9177234986008794,0.0,1.0,0.0,1.0,0.0,1.0,0.0,0.76738
0.07527365166735259,0.0,1.0,0.0,1.0,0.0,1.0,0.0,0.762032
0.34880466134154037,0.0,1.0,1.0,0.0,0.0,0.0,1.0,0.760695
0.9472995730060703,0.4071566217166269,0.0,0.0,1.0,1.0,0.0,0.0,0.763369
0.686797104311217,0.0,1.0,0.0,1.0,0.0,0.0,1.0,0.772727
0.3063904137501335,0.0,1.0,0.0,1.0,0.0,1.0,0.0,0.760695
0.7549985644383551,0.0,1.0,0.0,1.0,0.0,1.0,0.0,0.763369
0.7787893375878769,0.7520440889310207,0.0,0.0,1.0,1.0,0.0,0.0,0.762032
0.3254194914077063,0.0,1.0,0.0,1.0,0.0,1.0,0.0,0.758021
0.3043591562176846,0.0,1.0,0.4,0.0,0.0,0.0,1.0,0.764706
0.8033380867046155,0.0,1.0,0.0,1.0,0.0,1.0,0.0,0.759358
0.5472392932686628,0.0,1.0,0.0,1.0,0.0,1.0,0.0,0.759358
0.08600735749391271,0.0,1.0,1.0,0.0,0.0,0.0,1.0,0.760695
0.31547330236029514,0.0,1.0,0.0,1.0,0.0,1.0,0.0,0.758021
0.5238392893515671,0.0,1.0,0.0,1.0,0.0,1.0,0.0,0.759358
0.9220758333581226,0.4703299991683594,0.0,0.0,1.0,1.0,0.0,0.0,0.766043
0.9539514007540165,0.0,1.0,0.0,1.0,0.0,0.0,1.0,0.76738
0.8176942174091152,0.0,1.0,0.0,1.0,0.0,1.0,0.0,0.762032
0.6860301597133994,0.0,1.0,0.0,1.0,0.0,1.0,0.0,0.759358
0.9290371963268017,0.0,1.0,0.0,1.0,0.0,1.0,0.0,0.764706
0.5794078406674801,0.4350644663810996,0.0,0.0,1.0,1.0,0.0,0.0,0.778075
0.5931535382356081,0.7540410131848958,0.0,0.0,1.0,1.0,0.0,0.0,0.762032
0.6688718451847235,0.0,1.0,0.0,1.0,0.0,1.0,0.0,0.759358
0.9443380623088249,0.0,1.0,0.4,0.0,0.0,0.0,1.0,0.762032
0.5560532140988074,0.0,1.0,0.0,1.0,0.0,1.0,0.0,0.759358
0.8784838181191404,0.0,1.0,0.4,0.0,0.0,0.0,1.0,0.762032
0.6170592658971457,0.0,1.0,0.0,1.0,0.0,1.0,0.0,0.759358
0.29230588480070596,0.0,1.0,1.0,0.0,0.0,0.0,1.0,0.760695
0.033973218328368054,0.0,1.0,0.0,1.0,0.0,1.0,0.0,0.762032
0.13283372675883545,0.0,1.0,0.0,1.0,0.0,1.0,0.0,0.760695
0.8406553838977426,0.0,1.0,0.4,0.0,0.0,0.0,1.0,0.762032
0.6772925632074138,0.4324748795713026,0.0,0.0,1.0,1.0,0.0,0.0,0.779412
0.3033499184733204,0.0,1.0,1.0,0.0,0.0,0.0,1.0,0.760695
0.7402336377190043,0.4348730481468428,0.0,0.0,1.0,1.0,0.0,0.0,0.786096
0.4386064284046307,0.0,1.0,0.0,1.0,0.0,1.0,0.0,0.759358
0.05587559030511877,0.0,1.0,0.0,1.0,0.0,1.0,0.0,0.760695
0.5684201051529023,0.38909338034738244,0.0,0.0,1.0,1.0,0.0,0.0,0.768717
0.9413097342398736,0.0,1.0,0.0,1.0,0.0,1.0,0.0,0.764706
0.1612596730675195,0.0,1.0,0.0,1.0,0.0,1.0,0.0,0.759358
0.8791148779510597,0.20739431430229033,0.0,0.0,1.0,1.0,0.0,0.0,0.772727
0.7602261728716423,0.0,1.0,0.0,1.0,0.0,1.0,0.0,0.763369
0.5092072041675586,0.0,1.0,0.8,0.0,0.0,0.0,1.0,0.762032
0.9849675248761564,0.6082221657522718,0.0,0.0,1.0,1.0,0.0,0.0,0.762032
0.18421231316572828,0.0,1.0,0.0,1.0,0.0,1.0,0.0,0.758021
0.7223825213661064,0.14774611030543136,0.0,0.0,1.0,1.0,0.0,0.0,0.763369
0.4225241635005883,0.15032728002862417,0.0,0.0,1.0,1.0,0.0,0.0,0.764706
0.4320192495181686,0.0,1.0,0.0,1.0,0.0,1.0,0.0,0.763369
0.5550544993930958,0.0,1.0,0.0,1.0,0.0,0.0,1.0,0.770053
0.6747485825515829,0.0,1.0,0.8,0.0,0.0,0.0,1.0,0.760695
0.13343421027813457,0.0,1.0,0.0,1.0,0.0,1.0,0.0,0.760695
0.24052372698780872,0.0,1.0,0.0,1.0,0.0,1.0,0.0,0.759358
0.5397363039916043,0.0,1.0,1.0,0.0,0.0,0.0,1.0,0.759358
0.23028690316927644,0.38130444700197896,0.0,0.0,1.0,1.0,0.0,0.0,0.768717
0.6002913985086623,0.769256267479571,0.0,0.0,1.0,1.0,0.0,0.0,0.760695
0.3225855563551304,0.0,1.0,0.0,1.0,0.0,1.0,0.0,0.758021
0.3898522555990568,0.5084193043276171,0.0,0.0,1.0,1.0,0.0,0.0,0.776738
0.5368901843363433,0.8281276649834589,0.0,0.0,1.0,1.0,0.0,0.0,0.760695
0.69235399018644,0.0,1.0,0.0,1.0,0.0,1.0,0.0,0.759358
0.12434003710661656,0.0,1.0,0.4,0.0,0.0,0.0,1.0,0.762032
0.9718236021625686,0.0,1.0,1.0,0.0,0.0,0.0,1.0,0.759358
0.28143108311905246,0.0,1.0,0.0,1.0,0.0,1.0,0.0,0.758021
0.15533393961911235,0.0,1.0,0.8,0.0,0.0,0.0,1.0,0.760695
0.881590662983419,0.0,1.0,0.0,1.0,0.0,0.0,1.0,0.77139
0.3186841300785311,0.0,1.0,0.4,0.0,0.0,0.0,1.0,0.764706
0.6873463115024558,0.7769121317406872,0.0,0.0,1.0,1.0,0.0,0.0,0.760695
0.0037760492729777425,0.0,1.0,0.0,1.0,0.0,0.0,1.0,0.766043
0.5179874419488449,0.0,1.0,0.8,0.0,0.0,0.0,1.0,0.762032
0.9884386400009467,0.0,1.0,0.0,1.0,0.0,1.0,0.0,0.760695
0.5232425158666857,0.20092111926743375,0.0,0.0,1.0,1.0,0.0,0.0,0.763369
0.77320833818601,0.0,1.0,0.0,1.0,0.0,1.0,0.0,0.762032
0.8525686896973856,0.6849165127529973,0.0,0.0,1.0,1.0,0.0,0.0,0.762032
0.39364982197283566,0.45533497568564085,0.0,0.0,1.0,1.0,0.0,0.0,0.76738
0.8080735239425382,0.0,1.0,0.0,1.0,0.0,1.0,0.0,0.760695
0.4191048892600634,0.0,1.0,0.0,1.0,0.0,1.0,0.0,0.758021
0.49609782339712255,0.0,1.0,0.8,0.0,0.0,0.0,1.0,0.762032
0.9580877019191161,0.0,1.0,0.0,1.0,0.0,1.0,0.0,0.768717
0.9319790307339494,0.0,1.0,0.0,1.0,0.0,1.0,0.0,0.766043
0.5898387231019758,0.0,1.0,1.0,0.0,0.0,0.0,1.0,0.760695
0.43468914394820213,0.0,1.0,1.0,0.0,0.0,0.0,1.0,0.759358
0.9132414233843763,0.18353859849278337,0.0,0.0,1.0,1.0,0.0,0.0,0.774064
0.5224158127180589,0.0,1.0,0.4,0.0,0.0,0.0,1.0,0.762032
0.9852892634775767,0.0,1.0,0.0,1.0,0.0,1.0,0.0,0.764706
0.7366793226440551,0.3738013536345098,0.0,0.0,1.0,1.0,0.0,0.0,0.776738
0.6476443939873247,0.0,1.0,0.0,1.0,0.0,1.0,0.0,0.762032
0.8849210870361828,0.5528996734830827,0.0,0.0,1.0,1.0,0.0,0.0,0.760695
0.0014102201960676114,0.6652761252847486,0.0,0.0,1.0,1.0,0.0,0.0,0.776738
0.4539094298768403,0.0,1.0,0.8,0.0,0.0,0.0,1.0,0.762032
0.21703887943843453,0.0,1.0,0.0,1.0,0.0,1.0,0.0,0.758021
0.850656165125998,0.0,1.0,1.0,0.0,0.0,0.0,1.0,0.760695
0.19724623257884247,0.549778009581824,0.0,0.0,1.0,1.0,0.0,0.0,0.775401
0.6424249997990236,0.0,1.0,0.8,0.0,0.0,0.0,1.0,0.760695
0.24266877432886164,0.0,1.0,1.0,0.0,0.0,0.0,1.0,0.760695
0.4524708210018568,0.0,1.0,0.0,1.0,0.0,0.0,1.0,0.768717
0.650437816255527,0.3890922293273915,0.0,0.0,1.0,1.0,0.0,0.0,0.76738
0.023516565922947076,0.0,1.0,0.0,1.0,0.0,1.0,0.0,0.763369
0.3825913160423468,0.0,1.0,0.4,0.0,0.0,0.0,1.0,0.764706
0.0421961178162524,0.0,1.0,1.0,0.0,0.0,0.0,1.0,0.760695
0.0963985644128039,0.0,1.0,0.0,1.0,0.0,1.0,0.0,0.762032
0.5023101375063642,0.0,1.0,0.4,0.0,0.0,0.0,1.0,0.762032
0.7180655288713275,0.0,1.0,0.0,1.0,0.0,1.0,0.0,0.760695
0.5740755812579617,0.0,1.0,1.0,0.0,0.0,0.0,1.0,0.759358
0.6923743597928821,0.0,1.0,0.0,1.0,0.0,1.0,0.0,0.762032
0.25196045960051355,0.0,1.0,0.0,1.0,0.0,1.0,0.0,0.758021
0.950935576715387,0.18531246334737897,0.0,0.0,1.0,1.0,0.0,0.0,0.772727
0.6668406443705451,0.0,1.0,0.0,1.0,0.0,0.0,1.0,0.772727
0.1914786498419517,0.6999247179704605,0.0,0.0,1.0,1.0,0.0,0.0,0.774064
0.29522935544529477,0.0,1.0,0.8,0.0,0.0,0.0,1.0,0.760695
0.8103883715455369,0.5106507279626256,0.0,0.0,1.0,1.0,0.0,0.0,0.76738
0.16400347713267105,0.0,1.0,0.4,0.0,0.0,0.0,1.0,0.762032
0.08515430118102857,0.0,1.0,0.0,1.0,0.0,1.0,0.0,0.764706
0.05685454006133501,0.31509251704428876,0.0,0.0,1.0,1.0,0.0,0.0,0.770053
0.5955229586238138,0.5363593857018337,0.0,0.0,1.0,1.0,0.0,0.0,0.775401
0.7160261374150644,0.907379415187677,0.0,0.0,1.0,1.0,0.0,0.0,0.756684
0.7916344740499299,0.9999721151458676,0.0,0.0,1.0,1.0,0.0,0.0,0.752674
0.2162822107117198,0.0,1.0,0.8,0.0,0.0,0.0,1.0,0.760695
0.7984564326597874,0.0,1.0,1.0,0.0,0.0,0.0,1.0,0.762032
0.1634714047395364,0.0,1.0,0.0,1.0,0.0,0.0,1.0,0.764706
0.372103377971392,0.31437876014963106,0.0,0.0,1.0,1.0,0.0,0.0,0.764706
0.7980651645234346,0.0,1.0,0.0,1.0,0.0,1.0,0.0,0.760695
0.04196543196351208,0.0,1.0,0.8,0.0,0.0,0.0,1.0,0.760695
0.6435582348489056,0.0,1.0,0.0,1.0,0.0,1.0,0.0,0.759358
0.3828471725006738,0.0,1.0,0.0,1.0,0.0,0.0,1.0,0.76738
0.7034082931883278,0.0,1.0,0.0,1.0,0.0,1.0,0.0,0.763369
0.11159624806127202,0.0,1.0,0.0,1.0,0.0,1.0,0.0,0.760695
0.5202843015005999,0.0,1.0,0.0,1.0,0.0,1.0,0.0,0.760695
0.16420341732451224,0.0,1.0,1.0,0.0,0.0,0.0,1.0,0.760695
0.9305935365503457,0.7258269014232439,0.0,0.0,1.0,1.0,0.0,0.0,0.764706
0.12668373495659085,0.0,1.0,0.8,0.0,0.0,0.0,1.0,0.760695
0.9279874912176539,0.0,1.0,0.0,1.0,0.0,1.0,0.0,0.763369
0.9253569218908743,0.0,1.0,0.8,0.0,0.0,0.0,1.0,0.760695
0.045621653643301126,0.5943579502211643,0.0,0.0,1.0,1.0,0.0,0.0,0.772727
0.11791540371070382,0.7597198269498593,0.0,0.0,1.0,1.0,0.0,0.0,0.770053
0.5684792948443014,0.0,1.0,1.0,0.0,0.0,0.0,1.0,0.760695
0.2680301202150437,0.0,1.0,0.4,0.0,0.0,0.0,1.0,0.764706
0.18950830431015142,0.8517687254415693,0.0,0.0,1.0,1.0,0.0,0.0,0.768717
0.07206914747878615,0.0,1.0,0.0,1.0,0.0,1.0,0.0,0.762032
0.5006602664977391,0.8399126987967144,0.0,0.0,1.0,1.0,0.0,0.0,0.76738
0.5419026574473405,0.0,1.0,0.0,1.0,0.0,1.0,0.0,0.760695
0.2628383619080739,0.0,1.0,0.4,0.0,0.0,0.0,1.0,0.764706
0.059336348477808186,0.6417326791209041,0.0,0.0,1.0,1.0,0.0,0.0,0.778075
0.20822401207519553,0.8225305122508118,0.0,0.0,1.0,1.0,0.0,0.0,0.766043
0.3855924748232783,0.0,1.0,0.4,0.0,0.0,0.0,1.0,0.764706
0.29188607635657,0.15900903478199063,0.0,0.0,1.0,1.0,0.0,0.0,0.768717
0.19780872536583619,0.21084853474254575,0.0,0.0,1.0,1.0,0.0,0.0,0.768717
0.27955932724579546,0.0,1.0,0.0,1.0,0.0,0.0,1.0,0.762032
0.30325899593774625,0.0,1.0,0.0,1.0,0.0,1.0,0.0,0.758021
0.7229034345894926,0.0,1.0,0.0,1.0,0.0,1.0,0.0,0.762032
0.1786273116893058,0.0,1.0,0.0,1.0,0.0,1.0,0.0,0.758021
0.4928680092491812,0.2665895844680587,0.0,0.0,1.0,1.0,0.0,0.0,0.76738
0.826425899432851,0.0,1.0,0.0,1.0,0.0,1.0,0.0,0.759358
0.7934651533617475,0.0,1.0,0.0,1.0,0.0,1.0,0.0,0.760695
0.9400079465304432,0.5101869254004158,0.0,0.0,1.0,1.0,0.0,0.0,0.760695
0.029247273601825746,0.8990454041915663,0.0,0.0,1.0,1.0,0.0,0.0,0.768717
0.8062258398356211,0.3928542503916114,0.0,0.0,1.0,1.0,0.0,0.0,0.784759
0.12272268324064024,0.3338700950142707,0.0,0.0,1.0,1.0,0.0,0.0,0.764706
0.3403865371775326,0.0,1.0,0.0,1.0,0.0,1.0,0.0,0.758021
0.30102948629768905,0.0,1.0,0.0,1.0,0.0,1.0,0.0,0.760695
0.46134637939460066,0.4306485523057541,0.0,0.0,1.0,1.0,0.0,0.0,0.766043
0.1469449323345069,0.21481005530636957,0.0,0.0,1.0,1.0,0.0,0.0,0.77139
0.2381092347395875,0.0,1.0,0.4,0.0,0.0,0.0,1.0,0.762032
0.35761991157810247,0.0,1.0,1.0,0.0,0.0,0.0,1.0,0.760695
0.8630073974547249,0.0,1.0,0.8,0.0,0.0,0.0,1.0,0.760695
0.7226269848716288,0.0,1.0,0.0,1.0,0.0,0.0,1.0,0.77139
0.527150975349979,0.0,1.0,0.8,0.0,0.0,0.0,1.0,0.762032
0.17712062159397235,0.9578957838694208,0.0,0.0,1.0,1.0,0.0,0.0,0.770053
0.7509226338334025,0.0,1.0,0.0,1.0,0.0,1.0,0.0,0.762032
0.4310341038023437,0.0,1.0,0.0,1.0,0.0,0.0,1.0,0.768717
0.603926074583835,0.0,1.0,1.0,0.0,0.0,0.0,1.0,0.759358
0.36103784975689623,0.5035097050207635,0.0,0.0,1.0,1.0,0.0,0.0,0.774064
0.5559651866936242,0.0,1.0,0.8,0.0,0.0,0.0,1.0,0.760695
0.5104033466169764,0.0,1.0,0.0,1.0,0.0,1.0,0.0,0.759358
0.22503248126213557,0.6394102834009202,0.0,0.0,1.0,1.0,0.0,0.0,0.778075
0.06617995131021719,0.8836501764511102,0.0,0.0,1.0,1.0,0.0,0.0,0.768717
0.9957869438456259,0.0,1.0,0.0,1.0,0.0,1.0,0.0,0.762032
0.9665292598226812,0.0,1.0,0.0,1.0,0.0,1.0,0.0,0.762032
0.301785079401456,0.0,1.0,0.0,1.0,0.0,1.0,0.0,0.759358
0.9362179754540294,0.706912801403828,0.0,0.0,1.0,1.0,0.0,0.0,0.763369
0.8451322038936893,0.5846111972773631,0.0,0.0,1.0,1.0,0.0,0.0,0.758021
0.4163283399329556,0.0,1.0,0.0,1.0,0.0,1.0,0.0,0.758021
0.4532895403421401,0.0,1.0,1.0,0.0,0.0,0.0,1.0,0.759358
0.9452603149750881,0.0,1.0,0.0,1.0,0.0,1.0,0.0,0.764706
0.5721917576175065,0.0,1.0,1.0,0.0,0.0,0.0,1.0,0.760695
0.3558411739069515,0.8564358799410234,0.0,0.0,1.0,1.0,0.0,0.0,0.770053
0.2813948802536137,0.2754629272832371,0.0,0.0,1.0,1.0,0.0,0.0,0.763369
0.5174676778050614,0.0,1.0,0.0,1.0,0.0,0.0,1.0,0.770053
0.6340144150560533,0.0,1.0,0.0,1.0,0.0,1.0,0.0,0.759358
0.7528134939029903,0.0,1.0,1.0,0.0,0.0,0.0,1.0,0.762032
0.9769921763198932,0.8462442045971231,0.0,0.0,1.0,1.0,0.0,0.0,0.762032
0.26991088941818986,0.0,1.0,1.0,0.0,0.0,0.0,1.0,0.760695
0.31675928069802733,0.9657873724980678,0.0,0.0,1.0,1.0,0.0,0.0,0.770053
0.475755927096216,0.552118345650582,0.0,0.0,1.0,1.0,0.0,0.0,0.779412
0.9182737235003469,0.0,1.0,0.0,1.0,0.0,1.0,0.0,0.756684
0.08431310682756696,0.0,1.0,0.8,0.0,0.0,0.0,1.0,0.760695
0.6691164235714986,0.0,1.0,0.0,1.0,0.0,0.0,1.0,0.772727
0.9785560955969621,0.0,1.0,0.0,1.0,0.0,1.0,0.0,0.760695
0.4457495611822085,0.0,1.0,0.0,1.0,0.0,1.0,0.0,0.759358
0.21139365620705225,0.0,1.0,0.8,0.0,0.0,0.0,1.0,0.760695
0.6907156312033689,0.0,1.0,0.8,0.0,0.0,0.0,1.0,0.760695
0.8339246144511855,0.22729419836884976,0.0,0.0,1.0,1.0,0.0,0.0,0.772727
0.24723038486832383,0.0,1.0,0.4,0.0,0.0,0.0,1.0,0.762032
0.5827745089938602,0.0,1.0,1.0,0.0,0.0,0.0,1.0,0.760695
0.6938836839116735,0.0,1.0,0.4,0.0,0.0,0.0,1.0,0.762032
0.3403346935953358,0.0,1.0,1.0,0.0,0.0,0.0,1.0,0.760695
0.8842734954114265,0.3048851390112554,0.0,0.0,1.0,1.0,0.0,0.0,0.76738
0.747984471925924,0.0,1.0,0.0,1.0,0.0,0.0,1.0,0.77139
0.9733246233541671,0.0,1.0,0.0,1.0,0.0,1.0,0.0,0.758021
0.399600653253949,0.0,1.0,0.8,0.0,0.0,0.0,1.0,0.760695
0.7006740039498536,0.0,1.0,0.0,1.0,0.0,1.0,0.0,0.760695
0.05014922611895954,0.0,1.0,0.0,1.0,0.0,0.0,1.0,0.766043
0.40699293618701526,0.0,1.0,0.8,0.0,0.0,0.0,1.0,0.760695
0.7019753370373797,0.0,1.0,0.0,1.0,0.0,0.0,1.0,0.772727
0.38446699262617146,0.8232821559446133,0.0,0.0,1.0,1.0,0.0,0.0,0.76738
0.9857232026063923,0.7484184398212675,0.0,0.0,1.0,1.0,0.0,0.0,0.763369
0.06581487272662168,0.0,1.0,0.0,1.0,0.0,1.0,0.0,0.760695
0.17859161503740614,0.3254160452665532,0.0,0.0,1.0,1.0,0.0,0.0,0.764706
0.35646271815922004,0.0,1.0,0.0,1.0,0.0,1.0,0.0,0.758021
0.1449652149719779,0.0,1.0,0.0,1.0,0.0,0.0,1.0,0.766043
0.7017165967236352,0.0,1.0,0.0,1.0,0.0,1.0,0.0,0.759358
0.8717709702735287,0.8844885870673351,0.0,0.0,1.0,1.0,0.0,0.0,0.760695
0.007008586124032069,0.48041388547380215,0.0,0.0,1.0,1.0,0.0,0.0,0.779412
0.026904647273521057,0.7564993764491285,0.0,0.0,1.0,1.0,0.0,0.0,0.768717
0.5603627109534776,0.0,1.0,0.0,1.0,0.0,1.0,0.0,0.759358
0.7068287609232717,0.6940117337226364,0.0,0.0,1.0,1.0,0.0,0.0,0.760695
0.6386245213030984,0.0,1.0,0.0,1.0,0.0,1.0,0.0,0.759358
0.15695598506254582,0.0,1.0,0.4,0.0,0.0,0.0,1.0,0.762032
0.30640179856478955,0.0,1.0,0.0,1.0,0.0,1.0,0.0,0.760695
0.39097734993008104,0.0,1.0,0.4,0.0,0.0,0.0,1.0,0.764706
0.04728436743731173,0.0,1.0,0.4,0.0,0.0,0.0,1.0,0.762032
0.9365103036720199,0.0,1.0,0.0,1.0,0.0,1.0,0.0,0.763369
0.12074130354660512,0.0,1.0,0.0,1.0,0.0,1.0,0.0,0.760695
0.028386857020750198,0.0,1.0,0.0,1.0,0.0,0.0,1.0,0.764706
0.07707737437062799,0.0,1.0,0.0,1.0,0.0,1.0,0.0,0.762032
0.20621540360225576,0.0,1.0,0.0,1.0,0.0,1.0,0.0,0.759358
0.13782479169552495,0.0,1.0,0.0,1.0,0.0,1.0,0.0,0.760695
0.2215292129699443,0.0,1.0,0.4,0.0,0.0,0.0,1.0,0.762032
0.5861044112947019,0.0,1.0,0.0,1.0,0.0,1.0,0.0,0.759358
0.061607633714446594,0.3176124300200648,0.0,0.0,1.0,1.0,0.0,0.0,0.768717
0.8648731259410081,0.0,1.0,0.8,0.0,0.0,0.0,1.0,0.760695
0.9992173633909428,0.0,1.0,0.0,1.0,0.0,1.0,0.0,0.764706
0.46588170386771477,0.0,1.0,0.0,1.0,0.0,1.0,0.0,0.759358
0.4389382529289132,0.8182281236862435,0.0,0.0,1.0,1.0,0.0,0.0,0.766043
0.3198379395028993,0.0,1.0,0.0,1.0,0.0,0.0,1.0,0.763369
0.053269974456419254,0.5048842336083756,0.0,0.0,1.0,1.0,0.0,0.0,0.776738
0.06130977417247747,0.7039058841048297,0.0,0.0,1.0,1.0,0.0,0.0,0.77139
0.7028370728250413,0.38479344533315335,0.0,0.0,1.0,1.0,0.0,0.0,0.778075
0.7252316285691958,0.0,1.0,0.0,1.0,0.0,1.0,0.0,0.760695
0.36602677553694646,0.0,1.0,1.0,0.0,0.0,0.0,1.0,0.760695
0.48435129710696145,0.0,1.0,0.8,0.0,0.0,0.0,1.0,0.762032
0.609133151267549,0.8838966120733096,0.0,0.0,1.0,1.0,0.0,0.0,0.760695
0.5082167208939329,0.0,1.0,0.8,0.0,0.0,0.0,1.0,0.762032
0.2849183868153844,0.15580836753580737,0.0,0.0,1.0,1.0,0.0,0.0,0.764706
0.031326272628176124,0.0,1.0,0.0,1.0,0.0,0.0,1.0,0.764706
0.8464984746436285,0.2086042978146097,0.0,0.0,1.0,1.0,0.0,0.0,0.774064
0.9280969724652469,0.0,1.0,0.0,1.0,0.0,1.0,0.0,0.764706
0.8093858012592514,0.24363191276563184,0.0,0.0,1.0,1.0,0.0,0.0,0.772727
0.14745296213601736,0.0,1.0,1.0,0.0,0.0,0.0,1.0,0.760695
0.5904274673279161,0.0,1.0,0.8,0.0,0.0,0.0,1.0,0.760695
0.1287966475749968,0.0,1.0,0.0,1.0,0.0,1.0,0.0,0.762032
0.20866125747000283,0.0,1.0,1.0,0.0,0.0,0.0,1.0,0.760695
0.12235669752262003,0.0,1.0,0.0,1.0,0.0,1.0,0.0,0.762032
0.9936477315013218,0.0,1.0,0.0,1.0,0.0,1.0,0.0,0.763369
0.25279454044322913,0.0,1.0,0.0,1.0,0.0,1.0,0.0,0.758021
0.6957216612124286,0.0,1.0,0.0,1.0,0.0,1.0,0.0,0.763369
0.5962799469223311,0.0,1.0,0.0,1.0,0.0,1.0,0.0,0.759358
0.255685691504597,0.5568444107367347,0.0,0.0,1.0,1.0,0.0,0.0,0.772727
0.900806892911417,0.0,1.0,0.0,1.0,0.0,1.0,0.0,0.763369
0.24924666171062826,0.7620183160679438,0.0,0.0,1.0,1.0,0.0,0.0,0.770053
0.6367173157455908,0.33895985458518313,0.0,0.0,1.0,1.0,0.0,0.0,0.768717
0.33866931033438963,0.36884415892653655,0.0,0.0,1.0,1.0,0.0,0.0,0.76738
0.703869163015159,0.0,1.0,0.0,1.0,0.0,1.0,0.0,0.759358
0.6452899061471283,0.0,1.0,0.0,1.0,0.0,1.0,0.0,0.759358
0.1497706469761251,0.0,1.0,0.8,0.0,0.0,0.0,1.0,0.760695
0.16039138634143268,0.0,1.0,0.4,0.0,0.0,0.0,1.0,0.762032
0.6871236481221769,0.3797896242078087,0.0,0.0,1.0,1.0,0.0,0.0,0.772727
0.9295867417274566,0.0,1.0,0.0,1.0,0.0,1.0,0.0,0.763369
0.1208981589847836,0.0,1.0,0.0,1.0,0.0,1.0,0.0,0.760695
0.01899483761782292,0.0,1.0,0.0,1.0,0.0,1.0,0.0,0.763369
0.9527147409699659,0.0,1.0,0.0,1.0,0.0,1.0,0.0,0.762032
0.8453105131008886,0.8932885127023036,0.0,0.0,1.0,1.0,0.0,0.0,0.756684
0.5171209623599389,0.0,1.0,0.0,1.0,0.0,1.0,0.0,0.763369
0.3004229211218773,0.0,1.0,0.8,0.0,0.0,0.0,1.0,0.760695
0.07327799516329564,0.0,1.0,0.0,1.0,0.0,1.0,0.0,0.762032
0.011534852716847078,0.0,1.0,0.0,1.0,0.0,1.0,0.0,0.762032
0.25909364628394455,0.0,1.0,0.0,1.0,0.0,1.0,0.0,0.758021
0.8087786065892837,0.5759785829454316,0.0,0.0,1.0,1.0,0.0,0.0,0.755348
0.05816382676862307,0.0,1.0,0.0,1.0,0.0,0.0,1.0,0.766043
0.44275615095677684,0.0,1.0,0.8,0.0,0.0,0.0,1.0,0.762032
0.012165702944299875,0.9220005566905944,0.0,0.0,1.0,1.0,0.0,0.0,0.770053
0.29082067126086286,0.0,1.0,0.0,1.0,0.0,0.0,1.0,0.762032
0.39607780678475,0.8743077362416483,0.0,0.0,1.0,1.0,0.0,0.0,0.770053
0.1188541974241772,0.0,1.0,1.0,0.0,0.0,0.0,1.0,0.760695
0.5754073415746002,0.0,1.0,0.0,1.0,0.0,0.0,1.0,0.77139
0.6232865070706892,0.0,1.0,0.4,0.0,0.0,0.0,1.0,0.762032
0.3909770075011838,0.0,1.0,0.0,1.0,0.0,1.0,0.0,0.758021
0.6602523366184713,0.0,1.0,1.0,0.0,0.0,0.0,1.0,0.760695
0.061557948400527196,0.0,1.0,0.0,1.0,0.0,0.0,1.0,0.766043
0.2675833312490627,0.17870702156947288,0.0,0.0,1.0,1.0,0.0,0.0,0.766043
0.9731188245358678,0.0,1.0,0.8,0.0,0.0,0.0,1.0,0.762032
0.5827119176473025,0.4688720195542927,0.0,0.0,1.0,1.0,0.0,0.0,0.780749
0.2253571560587439,0.0,1.0,0.0,1.0,0.0,1.0,0.0,0.758021
0.9081675716690061,0.0,1.0,0.4,0.0,0.0,0.0,1.0,0.762032
0.734326430675785,0.0,1.0,0.4,0.0,0.0,0.0,1.0,0.762032
0.9795230842939171,0.6989702949789225,0.0,0.0,1.0,1.0,0.0,0.0,0.763369
0.6058814322476158,0.0,1.0,1.0,0.0,0.0,0.0,1.0,0.759358
0.15806732690478711,0.8220966017405942,0.0,0.0,1.0,1.0,0.0,0.0,0.766043
0.10944651223227587,0.6817848619750254,0.0,0.0,1.0,1.0,0.0,0.0,0.780749
0.5953499536502364,0.0,1.0,0.0,1.0,0.0,0.0,1.0,0.774064
0.5289379536513841,0.0,1.0,0.4,0.0,0.0,0.0,1.0,0.762032
0.31972070813071796,0.2557263701448096,0.0,0.0,1.0,1.0,0.0,0.0,0.763369
0.5423716744402359,0.0,1.0,0.0,1.0,0.0,1.0,0.0,0.759358
0.09012886650991048,0.9517569352059752,0.0,0.0,1.0,1.0,0.0,0.0,0.770053
0.07287465039782828,0.6992086887028449,0.0,0.0,1.0,1.0,0.0,0.0,0.774064
0.5955680324936856,0.0,1.0,0.8,0.0,0.0,0.0,1.0,0.760695
0.08722646159381459,0.5616399291366055,0.0,0.0,1.0,1.0,0.0,0.0,0.770053
0.3338075439535791,0.0,1.0,0.4,0.0,0.0,0.0,1.0,0.763369
0.09100322210159152,0.0,1.0,0.8,0.0,0.0,0.0,1.0,0.760695
0.12955326618301827,0.8720560050098438,0.0,0.0,1.0,1.0,0.0,0.0,0.770053
0.6051292787781984,0.7712854747696163,0.0,0.0,1.0,1.0,0.0,0.0,0.760695
0.5336535849094622,0.0,1.0,0.0,1.0,0.0,1.0,0.0,0.759358
0.8330452546903785,0.0,1.0,0.0,1.0,0.0,1.0,0.0,0.760695
0.1323735743419767,0.0,1.0,0.0,1.0,0.0,1.0,0.0,0.760695
0.3550940662263839,0.0,1.0,1.0,0.0,0.0,0.0,1.0,0.760695
0.48633721086823023,0.0,1.0,0.0,1.0,0.0,1.0,0.0,0.759358
0.20110656088696122,0.0,1.0,0.0,1.0,0.0,0.0,1.0,0.762032
0.7780627857880036,0.0,1.0,0.0,1.0,0.0,1.0,0.0,0.759358
0.14039141296547647,0.0,1.0,0.0,1.0,0.0,1.0,0.0,0.762032
0.6359402426424893,0.0,1.0,0.0,1.0,0.0,1.0,0.0,0.759358
0.3377397669231679,0.16628801748631888,0.0,0.0,1.0,1.0,0.0,0.0,0.76738
0.7386103848191199,0.0,1.0,0.0,1.0,0.0,0.0,1.0,0.77139
0.6024415975454042,0.0,1.0,0.0,1.0,0.0,1.0,0.0,0.759358
0.6879491474251952,0.0,1.0,0.0,1.0,0.0,1.0,0.0,0.759358
0.9067149795599707,0.371105241779689,0.0,0.0,1.0,1.0,0.0,0.0,0.770053
0.07483100699654192,0.0,1.0,0.0,1.0,0.0,0.0,1.0,0.764706
0.17362023090162954,0.9268101731059634,0.0,0.0,1.0,1.0,0.0,0.0,0.768717
0.5216881370120525,0.0,1.0,0.0,1.0,0.0,0.0,1.0,0.768717
0.057049705978227144,0.0,1.0,0.8,0.0,0.0,0.0,1.0,0.760695
0.4248118588170831,0.23467219659669117,0.0,0.0,1.0,1.0,0.0,0.0,0.764706
0.014533617414766336,0.0,1.0,1.0,0.0,0.0,0.0,1.0,0.760695
0.28830623948357764,0.0,1.0,0.0,1.0,0.0,1.0,0.0,0.759358
0.2429833154750801,0.29778343083536213,0.0,0.0,1.0,1.0,0.0,0.0,0.764706
0.3429046689824079,0.3245047489688313,0.0,0.0,1.0,1.0,0.0,0.0,0.764706
0.2898999480046899,0.0,1.0,1.0,0.0,0.0,0.0,1.0,0.760695
0.11634756465779462,0.7372066116425213,0.0,0.0,1.0,1.0,0.0,0.0,0.770053
0.7721159237773242,0.0,1.0,1.0,0.0,0.0,0.0,1.0,0.762032
0.21670407730699126,0.6607689667461362,0.0,0.0,1.0,1.0,0.0,0.0,0.782086
0.5985245098038853,0.0,1.0,0.0,1.0,0.0,1.0,0.0,0.759358
0.6743666280569622,0.9934281481396479,0.0,0.0,1.0,1.0,0.0,0.0,0.752674
0.5420098674468349,0.6869099609841157,0.0,0.0,1.0,1.0,0.0,0.0,0.766043
0.44177367231305703,0.0,1.0,1.0,0.0,0.0,0.0,1.0,0.759358
0.8954510112329553,0.0,1.0,0.8,0.0,0.0,0.0,1.0,0.762032
0.7038441253882848,0.42004569615209875,0.0,0.0,1.0,1.0,0.0,0.0,0.778075
0.5836061870505328,0.9439967943213003,0.0,0.0,1.0,1.0,0.0,0.0,0.755348
0.7736805762815755,0.0,1.0,0.8,0.0,0.0,0.0,1.0,0.760695
0.37733133135642327,0.0,1.0,0.0,1.0,0.0,1.0,0.0,0.758021
0.13862600182500406,0.0,1.0,0.0,1.0,0.0,1.0,0.0,0.762032
0.8674629823231151,0.0,1.0,0.0,1.0,0.0,1.0,0.0,0.762032
0.8139230314906467,0.0,1.0,0.8,0.0,0.0,0.0,1.0,0.760695
0.553223452830123,0.0,1.0,0.8,0.0,0.0,0.0,1.0,0.760695
0.8367416588231732,0.0,1.0,0.8,0.0,0.0,0.0,1.0,0.760695
0.5122672150406047,0.0,1.0,0.0,1.0,0.0,1.0,0.0,0.759358
0.11101923076114001,0.29248569053726126,0.0,0.0,1.0,1.0,0.0,0.0,0.766043
0.34794940195144486,0.7184222108767394,0.0,0.0,1.0,1.0,0.0,0.0,0.772727
0.9055152920708859,0.0,1.0,0.0,1.0,0.0,1.0,0.0,0.763369
0.6060055857021117,0.16644343595345398,0.0,0.0,1.0,1.0,0.0,0.0,0.764706
0.42075993690566776,0.0,1.0,1.0,0.0,0.0,0.0,1.0,0.759358
0.8876517949175009,0.33025805446422174,0.0,0.0,1.0,1.0,0.0,0.0,0.775401
0.67159517872585,0.0,1.0,0.0,1.0,0.0,1.0,0.0,0.762032
0.4726372273076423,0.0,1.0,0.0,1.0,0.0,1.0,0.0,0.759358
0.65609137928477,0.16635771583866707,0.0,0.0,1.0,1.0,0.0,0.0,0.764706
0.30696645401015893,0.4964429541736147,0.0,0.0,1.0,1.0,0.0,0.0,0.772727
0.04327811771644457,0.44708388881059613,0.0,0.0,1.0,1.0,0.0,0.0,0.77139
0.5397710597454748,0.0,1.0,0.0,1.0,0.0,1.0,0.0,0.759358
0.738069077558123,0.0,1.0,0.0,1.0,0.0,0.0,1.0,0.77139
0.3894636203605607,0.0,1.0,0.0,1.0,0.0,0.0,1.0,0.76738
0.9003338700878979,0.0,1.0,0.0,1.0,0.0,0.0,1.0,0.77139
0.9345440582972174,0.0,1.0,0.8,0.0,0.0,0.0,1.0,0.759358
0.29559017683530464,0.0,1.0,0.0,1.0,0.0,0.0,1.0,0.762032
0.5969616638438736,0.7049187715379311,0.0,0.0,1.0,1.0,0.0,0.0,0.762032
0.3982962461631584,0.24139398924275643,0.0,0.0,1.0,1.0,0.0,0.0,0.764706
0.700098905673276,0.0,1.0,0.0,1.0,0.0,1.0,0.0,0.762032
0.05111167747672435,0.0,1.0,0.0,1.0,0.0,0.0,1.0,0.766043
0.884981620824899,0.7175866209271531,0.0,0.0,1.0,1.0,0.0,0.0,0.762032
0.3063112104443611,0.8693538621077177,0.0,0.0,1.0,1.0,0.0,0.0,0.770053
0.7904104351671282,0.0,1.0,0.0,1.0,0.0,0.0,1.0,0.77139
0.8342500413836337,0.4905663418555546,0.0,0.0,1.0,1.0,0.0,0.0,0.76738
0.5738549317106258,0.0,1.0,0.0,1.0,0.0,1.0,0.0,0.759358
0.07233049447987243,0.20253677499562447,0.0,0.0,1.0,1.0,0.0,0.0,0.770053
0.43536213645044636,0.4374865221656709,0.0,0.0,1.0,1.0,0.0,0.0,0.766043
0.6287833921244174,0.0,1.0,0.0,1.0,0.0,0.0,1.0,0.772727
0.25626484856843124,0.0,1.0,0.0,1.0,0.0,0.0,1.0,0.763369
0.6288702554654806,0.19782573404615073,0.0,0.0,1.0,1.0,0.0,0.0,0.764706
0.6059005372518279,0.0,1.0,1.0,0.0,0.0,0.0,1.0,0.759358
0.48232445148193814,0.0,1.0,0.0,1.0,0.0,1.0,0.0,0.759358
0.9454841966367257,0.0,1.0,0.8,0.0,0.0,0.0,1.0,0.760695
0.8414180288607223,0.4992542031317463,0.0,0.0,1.0,1.0,0.0,0.0,0.766043
0.02236166139849927,0.0,1.0,0.4,0.0,0.0,0.0,1.0,0.762032
0.4896887362494191,0.6496123743224743,0.0,0.0,1.0,1.0,0.0,0.0,0.772727
0.5128906259990031,0.0,1.0,0.0,1.0,0.0,0.0,1.0,0.77139
0.8739294858959068,0.0,1.0,0.0,1.0,0.0,1.0,0.0,0.762032
0.3458308748977787,0.3445339950892579,0.0,0.0,1.0,1.0,0.0,0.0,0.764706
0.5435829786535155,0.0,1.0,0.8,0.0,0.0,0.0,1.0,0.760695
0.2886305178765566,0.0,1.0,0.8,0.0,0.0,0.0,1.0,0.760695
0.9532885508616685,0.0,1.0,0.4,0.0,0.0,0.0,1.0,0.762032
0.16298220228352311,0.1562826235367845,0.0,0.0,1.0,1.0,0.0,0.0,0.766043
0.7714009739295927,0.0,1.0,0.0,1.0,0.0,1.0,0.0,0.762032
0.25217486104683146,0.0,1.0,0.0,1.0,0.0,1.0,0.0,0.758021
0.059856821678330605,0.0,1.0,0.0,1.0,0.0,1.0,0.0,0.760695
0.25940146689948157,0.0,1.0,0.0,1.0,0.0,1.0,0.0,0.758021
0.08833368288722526,0.4184282887383464,0.0,0.0,1.0,1.0,0.0,0.0,0.766043
0.6684342182067485,0.0,1.0,0.0,1.0,0.0,1.0,0.0,0.760695
0.17135470619521126,0.0,1.0,0.0,1.0,0.0,1.0,0.0,0.758021
0.21045783873576723,0.0,1.0,0.0,1.0,0.0,1.0,0.0,0.758021
0.012802312122945804,0.0,1.0,0.0,1.0,0.0,1.0,0.0,0.762032
0.7260381077246738,0.0,1.0,0.0,1.0,0.0,1.0,0.0,0.760695
0.2448436910281675,0.0,1.0,0.0,1.0,0.0,1.0,0.0,0.758021
0.0970244431848464,0.1640918857770527,0.0,0.0,1.0,1.0,0.0,0.0,0.76738
0.6605112614600008,0.0,1.0,0.0,1.0,0.0,1.0,0.0,0.760695
0.2833932964480624,0.0,1.0,0.4,0.0,0.0,0.0,1.0,0.764706
0.5265714444263547,0.0,1.0,0.0,1.0,0.0,1.0,0.0,0.759358
0.3511819555915791,0.0,1.0,0.4,0.0,0.0,0.0,1.0,0.764706
0.47550129162328836,0.8668017050350552,0.0,0.0,1.0,1.0,0.0,0.0,0.770053
0.4809889233155086,0.4612798394066421,0.0,0.0,1.0,1.0,0.0,0.0,0.77139
0.594847907670218,0.0,1.0,0.8,0.0,0.0,0.0,1.0,0.760695
0.4260187232371474,0.0,1.0,1.0,0.0,0.0,0.0,1.0,0.759358
0.2079850413452148,0.0,1.0,0.0,1.0,0.0,1.0,0.0,0.759358
0.5609187483034745,0.0,1.0,0.0,1.0,0.0,1.0,0.0,0.759358
0.9050598873509781,0.9315125894129719,0.0,0.0,1.0,1.0,0.0,0.0,0.755348
0.07542517714851897,0.7936935727616058,0.0,0.0,1.0,1.0,0.0,0.0,0.76738
0.20120319750976395,0.0,1.0,0.0,1.0,0.0,0.0,1.0,0.762032
0.4891004041009209,0.4121305687214586,0.0,0.0,1.0,1.0,0.0,0.0,0.76738
0.39825951664365294,0.4848888997666026,0.0,0.0,1.0,1.0,0.0,0.0,0.774064
0.7561558049285722,0.0,1.0,0.0,1.0,0.0,1.0,0.0,0.762032
0.9522575475589329,0.0,1.0,0.0,1.0,0.0,1.0,0.0,0.763369
0.384878872224284,0.5576570897842458,0.0,0.0,1.0,1.0,0.0,0.0,0.772727
0.879942811287145,0.0,1.0,0.0,1.0,0.0,1.0,0.0,0.762032
0.3469285769848253,0.44439821399852164,0.0,0.0,1.0,1.0,0.0,0.0,0.766043
0.8966327086593426,0.0,1.0,0.0,1.0,0.0,0.0,1.0,0.77139
0.004785045460659606,0.0,1.0,0.0,1.0,0.0,1.0,0.0,0.760695
0.8191535812439121,0.0,1.0,0.0,1.0,0.0,1.0,0.0,0.759358
0.012278008959559491,0.0,1.0,0.0,1.0,0.0,1.0,0.0,0.762032
0.8625177048815593,0.0,1.0,0.0,1.0,0.0,1.0,0.0,0.760695
0.005772397536783033,0.0,1.0,0.0,1.0,0.0,1.0,0.0,0.760695
0.229793993201342,0.0,1.0,0.4,0.0,0.0,0.0,1.0,0.762032
0.6252625914382633,0.19146907611944122,0.0,0.0,1.0,1.0,0.0,0.0,0.763369
0.33755290349337164,0.6864660772543792,0.0,0.0,1.0,1.0,0.0,0.0,0.778075
0.6488704759754651,0.0,1.0,0.0,1.0,0.0,1.0,0.0,0.762032
0.16720687104307477,0.4766206804411959,0.0,0.0,1.0,1.0,0.0,0.0,0.768717
0.4074287783570691,0.0,1.0,0.0,1.0,0.0,0.0,1.0,0.766043
0.9037791645624136,0.0,1.0,0.4,0.0,0.0,0.0,1.0,0.762032
0.9087621957808066,0.0,1.0,0.0,1.0,0.0,0.0,1.0,0.77139
0.17777081100023298,0.2487206768271267,0.0,0.0,1.0,1.0,0.0,0.0,0.764706
0.7039951755771074,0.0,1.0,1.0,0.0,0.0,0.0,1.0,0.760695
0.10820434098360267,0.0,1.0,1.0,0.0,0.0,0.0,1.0,0.760695
0.7064515445366678,0.5852886817116181,0.0,0.0,1.0,1.0,0.0,0.0,0.768717
0.44065072635544167,0.7553100237212478,0.0,0.0,1.0,1.0,0.0,0.0,0.772727
0.1931998449815992,0.0,1.0,0.0,1.0,0.0,0.0,1.0,0.762032
0.4019771447789612,0.0,1.0,0.0,1.0,0.0,1.0,0.0,0.758021
0.4583569930375011,0.0,1.0,0.0,1.0,0.0,1.0,0.0,0.759358
0.8406554047664413,0.17460484212030722,0.0,0.0,1.0,1.0,0.0,0.0,0.77139
0.247469282272905,0.0,1.0,0.4,0.0,0.0,0.0,1.0,0.762032
0.047557084277914594,0.0,1.0,0.0,1.0,0.0,1.0,0.0,0.760695
0.9006623166046157,0.0,1.0,0.0,1.0,0.0,1.0,0.0,0.763369
0.7940081166137382,0.0,1.0,0.0,1.0,0.0,0.0,1.0,0.77139
0.6224898338547389,0.0,1.0,0.0,1.0,0.0,1.0,0.0,0.759358
0.16841979715684574,0.0,1.0,0.8,0.0,0.0,0.0,1.0,0.760695
0.5025541427877388,0.2664903016845424,0.0,0.0,1.0,1.0,0.0,0.0,0.766043
0.5518462156161671,0.0,1.0,0.0,1.0,0.0,0.0,1.0,0.770053
0.5474493710302087,0.26886821615317413,0.0,0.0,1.0,1.0,0.0,0.0,0.766043
0.30779835441186254,0.0,1.0,0.0,1.0,0.0,1.0,0.0,0.760695
0.5239352254119236,0.0,1.0,0.0,1.0,0.0,1.0,0.0,0.759358
0.0609750725092606,0.0,1.0,0.0,1.0,0.0,1.0,0.0,0.760695
0.1504129640913019,0.0,1.0,0.8,0.0,0.0,0.0,1.0,0.760695
0.8485656106444855,0.15042697231283977,0.0,0.0,1.0,1.0,0.0,0.0,0.770053
0.024347611484775343,0.0,1.0,0.0,1.0,0.0,0.0,1.0,0.766043
0.014505767195985444,0.0,1.0,0.0,1.0,0.0,0.0,1.0,0.766043
0.9429146055375318,0.0,1.0,0.0,1.0,0.0,1.0,0.0,0.76738
0.1789681712203188,0.0,1.0,0.4,0.0,0.0,0.0,1.0,0.762032
0.9856502467522763,0.0,1.0,0.0,1.0,0.0,1.0,0.0,0.760695
0.555550787932092,0.0,1.0,0.0,1.0,0.0,0.0,1.0,0.770053
0.07201962137880454,0.9631642263857066,0.0,0.0,1.0,1.0,0.0,0.0,0.770053
0.011680271778664637,0.0,1.0,0.0,1.0,0.0,1.0,0.0,0.762032
0.5167056820765479,0.0,1.0,0.0,1.0,0.0,1.0,0.0,0.759358
0.5670566200811771,0.0,1.0,0.4,0.0,0.0,0.0,1.0,0.762032
0.295207767387198,0.0,1.0,0.0,1.0,0.0,1.0,0.0,0.759358
0.7665292107887987,0.0,1.0,0.0,1.0,0.0,1.0,0.0,0.760695
0.44868929775962935,0.0,1.0,1.0,0.0,0.0,0.0,1.0,0.759358
0.5208474746988176,0.4563908659604995,0.0,0.0,1.0,1.0,0.0,0.0,0.772727
0.42917120291122834,0.0,1.0,0.0,1.0,0.0,1.0,0.0,0.758021
0.6534870512254483,0.0,1.0,0.0,1.0,0.0,1.0,0.0,0.760695
0.6275719371335012,0.0,1.0,0.0,1.0,0.0,1.0,0.0,0.759358
0.9906256878780827,0.0,1.0,0.0,1.0,0.0,0.0,1.0,0.76738
0.6780037618091544,0.0,1.0,0.0,1.0,0.0,0.0,1.0,0.772727
0.8811896445218524,0.6689335042303596,0.0,0.0,1.0,1.0,0.0,0.0,0.762032
0.17690342471912818,0.7865167453157863,0.0,0.0,1.0,1.0,0.0,0.0,0.76738
0.6665495083959048,0.0,1.0,0.0,1.0,0.0,1.0,0.0,0.759358
0.9559929686937932,0.0,1.0,0.4,0.0,0.0,0.0,1.0,0.762032
0.45580134981785414,0.0,1.0,0.0,1.0,0.0,0.0,1.0,0.76738
0.1014449522279887,0.24453083171618223,0.0,0.0,1.0,1.0,0.0,0.0,0.768717
0.15989683758040035,0.0,1.0,0.4,0.0,0.0,0.0,1.0,0.762032
0.7186785919131448,0.0,1.0,0.8,0.0,0.0,0.0,1.0,0.760695
0.0016988215022686174,0.8319374817818674,0.0,0.0,1.0,1.0,0.0,0.0,0.764706
0.19602132789230464,0.0,1.0,0.0,1.0,0.0,1.0,0.0,0.760695
0.8230806184083088,0.0,1.0,1.0,0.0,0.0,0.0,1.0,0.759358
0.06006308912294612,0.0,1.0,0.8,0.0,0.0,0.0,1.0,0.760695
0.4717462155706468,0.0,1.0,0.0,1.0,0.0,1.0,0.0,0.759358
0.14918998989382137,0.44674762763776904,0.0,0.0,1.0,1.0,0.0,0.0,0.76738
0.10179045620989137,0.382032755509552,0.0,0.0,1.0,1.0,0.0,0.0,0.76738
0.28592004389266346,0.7570009640520569,0.0,0.0,1.0,1.0,0.0,0.0,0.76738
0.562154789940063,0.0,1.0,0.0,1.0,0.0,0.0,1.0,0.770053
0.1383470213952185,0.0,1.0,0.4,0.0,0.0,0.0,1.0,0.762032
0.5347120282881587,0.0,1.0,0.0,1.0,0.0,1.0,0.0,0.759358
0.1158536009667556,0.0,1.0,0.4,0.0,0.0,0.0,1.0,0.762032
0.6202215115421924,0.9001389931037951,0.0,0.0,1.0,1.0,0.0,0.0,0.756684
0.17526470306116165,0.87111767733553,0.0,0.0,1.0,1.0,0.0,0.0,0.770053
0.7568924641355227,0.15900285879672996,0.0,0.0,1.0,1.0,0.0,0.0,0.766043
0.2947465940000946,0.406619560898215,0.0,0.0,1.0,1.0,0.0,0.0,0.766043
0.36696381292225666,0.8367130303504027,0.0,0.0,1.0,1.0,0.0,0.0,0.768717
0.04964204870248725,0.7014124734654549,0.0,0.0,1.0,1.0,0.0,0.0,0.768717
0.10699237258372864,0.0,1.0,0.0,1.0,0.0,1.0,0.0,0.758021
0.9467985058292822,0.0,1.0,0.4,0.0,0.0,0.0,1.0,0.763369
0.9751559639390346,0.0,1.0,0.0,1.0,0.0,1.0,0.0,0.762032
0.4414162414760688,0.0,1.0,0.0,1.0,0.0,1.0,0.0,0.760695
0.678825768938133,0.0,1.0,0.0,1.0,0.0,1.0,0.0,0.759358
0.9535275679728161,0.0,1.0,0.0,1.0,0.0,1.0,0.0,0.758021
0.48324731770572893,0.3316264237259775,0.0,0.0,1.0,1.0,0.0,0.0,0.76738
0.943807831227437,0.0,1.0,1.0,0.0,0.0,0.0,1.0,0.763369
0.04004795203957915,0.0,1.0,0.8,0.0,0.0,0.0,1.0,0.760695
0.8661300428352332,0.0,1.0,0.0,1.0,0.0,1.0,0.0,0.762032
0.2688297918556958,0.9804128524327432,0.0,0.0,1.0,1.0,0.0,0.0,0.768717
0.3204138447003164,0.0,1.0,0.0,1.0,0.0,1.0,0.0,0.759358
0.6875830154470343,0.0,1.0,0.4,0.0,0.0,0.0,1.0,0.762032
0.6842488645381366,0.3091818715938739,0.0,0.0,1.0,1.0,0.0,0.0,0.770053
0.1453665417391765,0.0,1.0,0.8,0.0,0.0,0.0,1.0,0.760695
0.5904745782201788,0.0,1.0,0.0,1.0,0.0,1.0,0.0,0.760695
0.4313714591949252,0.0,1.0,0.0,1.0,0.0,1.0,0.0,0.760695
0.8450704241004995,0.8999011303984423,0.0,0.0,1.0,1.0,0.0,0.0,0.756684
0.23158525510435965,0.0,1.0,0.4,0.0,0.0,0.0,1.0,0.762032
0.7678047801506098,0.0,1.0,0.0,1.0,0.0,0.0,1.0,0.77139
0.6598550658427296,0.0,1.0,0.0,1.0,0.0,0.0,1.0,0.772727
0.26826878269263194,0.0,1.0,0.0,1.0,0.0,0.0,1.0,0.763369
0.7306953407377174,0.9061531614952475,0.0,0.0,1.0,1.0,0.0,0.0,0.756684
0.45065639012829567,0.6402130475100928,0.0,0.0,1.0,1.0,0.0,0.0,0.776738
0.8247197734380524,0.0,1.0,0.0,1.0,0.0,1.0,0.0,0.762032
0.7228839090600709,0.7450033970957772,0.0,0.0,1.0,1.0,0.0,0.0,0.760695
0.16278124987157666,0.0,1.0,0.0,1.0,0.0,0.0,1.0,0.764706
0.3523650690418522,0.882663336179665,0.0,0.0,1.0,1.0,0.0,0.0,0.770053
0.846627447432209,0.0,1.0,0.4,0.0,0.0,0.0,1.0,0.762032
0.15337480767913775,0.34442767232827276,0.0,0.0,1.0,1.0,0.0,0.0,0.766043
0.7565804040546983,0.0,1.0,0.0,1.0,0.0,1.0,0.0,0.762032
0.23969051919917228,0.2732970357935408,0.0,0.0,1.0,1.0,0.0,0.0,0.763369
0.6409473880204692,0.0,1.0,0.8,0.0,0.0,0.0,1.0,0.760695
0.886209847187154,0.2470561244283337,0.0,0.0,1.0,1.0,0.0,0.0,0.772727
0.843327627163757,0.9809379603443578,0.0,0.0,1.0,1.0,0.0,0.0,0.760695
0.3315702920709922,0.0,1.0,0.0,1.0,0.0,1.0,0.0,0.758021
0.37007004267411286,0.0,1.0,0.8,0.0,0.0,0.0,1.0,0.760695
0.5823478718991996,0.2593604990199744,0.0,0.0,1.0,1.0,0.0,0.0,0.768717
0.28286712366646516,0.0,1.0,0.0,1.0,0.0,1.0,0.0,0.758021
0.48445161244132895,0.6945279200009652,0.0,0.0,1.0,1.0,0.0,0.0,0.775401
0.6574937779922738,0.3803541682928652,0.0,0.0,1.0,1.0,0.0,0.0,0.76738
0.9667695836978751,0.0,1.0,0.0,1.0,0.0,1.0,0.0,0.759358
0.4239326990753513,0.0,1.0,0.0,1.0,0.0,1.0,0.0,0.760695
0.5205887607609088,0.5410527650318545,0.0,0.0,1.0,1.0,0.0,0.0,0.787433
0.18862305097113674,0.0,1.0,0.8,0.0,0.0,0.0,1.0,0.760695
0.5936697707491438,0.0,1.0,0.0,1.0,0.0,1.0,0.0,0.763369
0.24961649234758432,0.0,1.0,0.8,0.0,0.0,0.0,1.0,0.759358
0.2047565557265395,0.7269580037379021,0.0,0.0,1.0,1.0,0.0,0.0,0.77139
0.31412562918390124,0.0,1.0,0.0,1.0,0.0,1.0,0.0,0.758021
0.3431163160358293,0.8307047536236425,0.0,0.0,1.0,1.0,0.0,0.0,0.76738
0.6779818186506218,0.0,1.0,0.0,1.0,0.0,1.0,0.0,0.759358
0.5714615687898809,0.0,1.0,0.0,1.0,0.0,1.0,0.0,0.759358
0.19879582140721214,0.0,1.0,0.0,1.0,0.0,1.0,0.0,0.760695
0.8337954843465906,0.0,1.0,0.0,1.0,0.0,0.0,1.0,0.77139
0.8402497475089507,0.0,1.0,1.0,0.0,0.0,0.0,1.0,0.760695
0.5328489661494817,0.0,1.0,0.8,0.0,0.0,0.0,1.0,0.762032
0.5336916115301523,0.0,1.0,0.8,0.0,0.0,0.0,1.0,0.762032
0.7948851759941402,0.0,1.0,0.8,0.0,0.0,0.0,1.0,0.760695
0.6700305359955759,0.0,1.0,0.0,1.0,0.0,1.0,0.0,0.763369
0.8555025342174178,0.9322831409381228,0.0,0.0,1.0,1.0,0.0,0.0,0.755348
0.7315808838974884,0.0,1.0,1.0,0.0,0.0,0.0,1.0,0.762032
0.41483851586465015,0.0,1.0,0.0,1.0,0.0,1.0,0.0,0.758021
0.4142476400537657,0.277599941144962,0.0,0.0,1.0,1.0,0.0,0.0,0.764706
0.9126990817107922,0.0,1.0,0.4,0.0,0.0,0.0,1.0,0.762032
0.08337295783806999,0.0,1.0,0.0,1.0,0.0,1.0,0.0,0.764706
0.4139763473282826,0.0,1.0,0.0,1.0,0.0,1.0,0.0,0.758021
0.08451615881305406,0.0,1.0,1.0,0.0,0.0,0.0,1.0,0.760695
0.18391131117965373,0.0,1.0,0.0,1.0,0.0,1.0,0.0,0.758021
0.6068960206725817,0.0,1.0,0.8,0.0,0.0,0.0,1.0,0.760695
0.40616037661774224,0.0,1.0,0.0,1.0,0.0,1.0,0.0,0.758021
0.042661086902579644,0.0,1.0,0.0,1.0,0.0,1.0,0.0,0.760695
0.8942764795193101,0.9074657766019777,0.0,0.0,1.0,1.0,0.0,0.0,0.756684
0.8718235767622864,0.6104431401029298,0.0,0.0,1.0,1.0,0.0,0.0,0.760695
0.18152312763374231,0.0,1.0,0.0,1.0,0.0,1.0,0.0,0.758021
0.2821034100816224,0.0,1.0,0.8,0.0,0.0,0.0,1.0,0.760695
0.2176436451927165,0.6628798660464222,0.0,0.0,1.0,1.0,0.0,0.0,0.782086
0.43668523988392544,0.3833773749693303,0.0,0.0,1.0,1.0,0.0,0.0,0.768717
0.1829750412574426,0.4151892277545356,0.0,0.0,1.0,1.0,0.0,0.0,0.76738
0.18025229308720406,0.0,1.0,0.0,1.0,0.0,1.0,0.0,0.758021
0.17687827647251658,0.9375745085570484,0.0,0.0,1.0,1.0,0.0,0.0,0.768717
0.7135947607739199,0.0,1.0,0.0,1.0,0.0,1.0,0.0,0.759358
0.09827165705570048,0.0,1.0,0.4,0.0,0.0,0.0,1.0,0.762032
0.7814865022355121,0.6397205011667826,0.0,0.0,1.0,1.0,0.0,0.0,0.760695
0.8935712993668198,0.7004875675721832,0.0,0.0,1.0,1.0,0.0,0.0,0.760695
0.7689287330641533,0.0,1.0,0.8,0.0,0.0,0.0,1.0,0.760695
0.373205306548477,0.0,1.0,0.0,1.0,0.0,1.0,0.0,0.759358
0.36061458914633043,0.0,1.0,1.0,0.0,0.0,0.0,1.0,0.760695
0.8177129762529944,0.15768177834432048,0.0,0.0,1.0,1.0,0.0,0.0,0.768717
0.3806560042522545,0.3708691209657058,0.0,0.0,1.0,1.0,0.0,0.0,0.76738
0.9254227523584416,0.0,1.0,0.0,1.0,0.0,1.0,0.0,0.764706
0.8561522514855765,0.8464749561125985,0.0,0.0,1.0,1.0,0.0,0.0,0.762032
0.28161971911185335,0.0,1.0,0.4,0.0,0.0,0.0,1.0,0.764706
0.4098013020736944,0.0,1.0,0.0,1.0,0.0,1.0,0.0,0.758021
0.325946965549661,0.15499121224243695,0.0,0.0,1.0,1.0,0.0,0.0,0.766043
0.9026223951158645,0.0,1.0,0.0,1.0,0.0,1.0,0.0,0.762032
0.21625466880393793,0.0,1.0,0.0,1.0,0.0,0.0,1.0,0.763369
0.11240395113397234,0.0,1.0,0.0,1.0,0.0,1.0,0.0,0.760695
0.6811796687285122,0.0,1.0,0.0,1.0,0.0,1.0,0.0,0.762032
0.07516267955769461,0.0,1.0,0.0,1.0,0.0,1.0,0.0,0.762032
0.008903823520241442,0.3097488483485527,0.0,0.0,1.0,1.0,0.0,0.0,0.768717
0.7751874329551715,0.9732498079938556,0.0,0.0,1.0,1.0,0.0,0.0,0.760695
0.6744292477365491,0.35032218687351485,0.0,0.0,1.0,1.0,0.0,0.0,0.77139
0.5082611871764838,0.2713932737682,0.0,0.0,1.0,1.0,0.0,0.0,0.766043
0.9939853256408447,0.5613109423022882,0.0,0.0,1.0,1.0,0.0,0.0,0.76738
0.6599562550752925,0.0,1.0,0.8,0.0,0.0,0.0,1.0,0.760695
0.5691627271242774,0.0,1.0,0.0,1.0,0.0,1.0,0.0,0.759358
0.033966703923947385,0.8384564917345018,0.0,0.0,1.0,1.0,0.0,0.0,0.770053
0.8020033853188596,0.8280914891719272,0.0,0.0,1.0,1.0,0.0,0.0,0.762032
0.29773727016357976,0.9429918615254349,0.0,0.0,1.0,1.0,0.0,0.0,0.770053
0.5089239349136889,0.0,1.0,0.8,0.0,0.0,0.0,1.0,0.762032
0.43316073669185634,0.0,1.0,0.0,1.0,0.0,1.0,0.0,0.762032
0.16555969591127542,0.4938118104489738,0.0,0.0,1.0,1.0,0.0,0.0,0.772727
0.09746642685939065,0.0,1.0,1.0,0.0,0.0,0.0,1.0,0.760695
0.26527765092690053,0.0,1.0,0.8,0.0,0.0,0.0,1.0,0.759358
0.7843704131378794,0.8977073814502684,0.0,0.0,1.0,1.0,0.0,0.0,0.756684
0.2198971622445047,0.0,1.0,0.0,1.0,0.0,1.0,0.0,0.758021
0.8019552689287562,0.15176199746277444,0.0,0.0,1.0,1.0,0.0,0.0,0.770053
0.06166229420677604,0.0,1.0,0.0,1.0,0.0,1.0,0.0,0.760695
0.30564122083227657,0.0,1.0,0.0,1.0,0.0,1.0,0.0,0.762032
0.45907196003714096,0.7585475929567038,0.0,0.0,1.0,1.0,0.0,0.0,0.766043
0.3654777449794485,0.0,1.0,0.0,1.0,0.0,1.0,0.0,0.758021
0.5400944442443637,0.0,1.0,0.0,1.0,0.0,0.0,1.0,0.770053
0.07123437411185048,0.0,1.0,1.0,0.0,0.0,0.0,1.0,0.760695
0.22214062485654326,0.8403978920010281,0.0,0.0,1.0,1.0,0.0,0.0,0.768717
0.9952697713645141,0.35215231807563024,0.0,0.0,1.0,1.0,0.0,0.0,0.760695
0.09628788478305116,0.8701606806644135,0.0,0.0,1.0,1.0,0.0,0.0,0.770053
0.39674401018137995,0.0,1.0,0.8,0.0,0.0,0.0,1.0,0.760695
0.2544270758599618,0.7506636433079316,0.0,0.0,1.0,1.0,0.0,0.0,0.768717
0.2163856402156187,0.0,1.0,0.0,1.0,0.0,1.0,0.0,0.758021
0.8118399019346405,0.0,1.0,0.0,1.0,0.0,1.0,0.0,0.759358
0.8839747401727595,0.0,1.0,0.0,1.0,0.0,1.0,0.0,0.763369
0.765959280947598,0.0,1.0,0.0,1.0,0.0,1.0,0.0,0.759358
0.1671666395808763,0.0,1.0,0.0,1.0,0.0,1.0,0.0,0.760695
0.6959615350227959,0.6011423936292524,0.0,0.0,1.0,1.0,0.0,0.0,0.768717
0.34363697037397845,0.0,1.0,0.0,1.0,0.0,1.0,0.0,0.758021
0.7652930628596413,0.3567946694795624,0.0,0.0,1.0,1.0,0.0,0.0,0.77139
0.8515307674747901,0.0,1.0,0.0,1.0,0.0,1.0,0.0,0.762032
0.4137146716882994,0.5917404997863049,0.0,0.0,1.0,1.0,0.0,0.0,0.774064
0.7917079128152528,0.5758363186660647,0.0,0.0,1.0,1.0,0.0,0.0,0.755348
0.01860280252871167,0.0,1.0,0.4,0.0,0.0,0.0,1.0,0.760695
0.8694527596201607,0.7264221845221726,0.0,0.0,1.0,1.0,0.0,0.0,0.762032
0.8134689963116631,0.0,1.0,0.0,1.0,0.0,1.0,0.0,0.760695
0.7823828076556849,0.0,1.0,0.0,1.0,0.0,0.0,1.0,0.77139
0.1984182532702574,0.0,1.0,0.4,0.0,0.0,0.0,1.0,0.762032
0.47065433084829017,0.0,1.0,0.8,0.0,0.0,0.0,1.0,0.762032
0.40223274209475945,0.7548202484632872,0.0,0.0,1.0,1.0,0.0,0.0,0.768717
0.7305259165046675,0.0,1.0,0.0,1.0,0.0,1.0,0.0,0.759358
0.4480605910431958,0.0,1.0,1.0,0.0,0.0,0.0,1.0,0.759358
0.49122464674122907,0.6977407038256574,0.0,0.0,1.0,1.0,0.0,0.0,0.77139
0.24407722402969304,0.0,1.0,0.0,1.0,0.0,1.0,0.0,0.758021
0.9698824576850708,0.0,1.0,0.8,0.0,0.0,0.0,1.0,0.760695
0.9892156075761662,0.9880408778303325,0.0,0.0,1.0,1.0,0.0,0.0,0.752674
0.5822001608523864,0.6104866068897464,0.0,0.0,1.0,1.0,0.0,0.0,0.779412
0.9824862286124993,0.0,1.0,0.4,0.0,0.0,0.0,1.0,0.762032
0.10176056114359563,0.19120589224259268,0.0,0.0,1.0,1.0,0.0,0.0,0.76738
0.5224250053310886,0.0,1.0,0.8,0.0,0.0,0.0,1.0,0.762032
0.783644361137541,0.8515218180170926,0.0,0.0,1.0,1.0,0.0,0.0,0.762032
0.7901784462515552,0.33124540576922884,0.0,0.0,1.0,1.0,0.0,0.0,0.770053
0.4513500212290333,0.0,1.0,1.0,0.0,0.0,0.0,1.0,0.759358
0.24900067574328213,0.0,1.0,0.0,1.0,0.0,1.0,0.0,0.758021
0.8853684563135388,0.0,1.0,0.0,1.0,0.0,1.0,0.0,0.763369
0.18116420355323762,0.7156111307772872,0.0,0.0,1.0,1.0,0.0,0.0,0.768717
0.9392423236482034,0.0,1.0,0.0,1.0,0.0,0.0,1.0,0.77139
0.17043954513272774,0.0,1.0,0.0,1.0,0.0,1.0,0.0,0.758021
0.024958118410351938,0.0,1.0,0.4,0.0,0.0,0.0,1.0,0.762032
0.03651290913216341,0.0,1.0,1.0,0.0,0.0,0.0,1.0,0.760695
0.7234517928855964,0.0,1.0,0.4,0.0,0.0,0.0,1.0,0.762032
0.46836125075908625,0.3519803592035284,0.0,0.0,1.0,1.0,0.0,0.0,0.76738
0.1812829933212612,0.7306047363839908,0.0,0.0,1.0,1.0,0.0,0.0,0.770053
0.5735174922233691,0.0,1.0,0.4,0.0,0.0,0.0,1.0,0.762032
0.529921035931319,0.0,1.0,0.0,1.0,0.0,1.0,0.0,0.759358
0.6181424144146193,0.7229615448072333,0.0,0.0,1.0,1.0,0.0,0.0,0.763369
0.8441537737281956,0.775839466751211,0.0,0.0,1.0,1.0,0.0,0.0,0.763369
0.3846723089802241,0.0,1.0,0.4,0.0,0.0,0.0,1.0,0.764706
0.871556425211472,0.959954010693024,0.0,0.0,1.0,1.0,0.0,0.0,0.760695
0.3755497773451422,0.0,1.0,0.0,1.0,0.0,1.0,0.0,0.758021
0.19372182566270055,0.0,1.0,1.0,0.0,0.0,0.0,1.0,0.760695
0.22704296368799037,0.0,1.0,1.0,0.0,0.0,0.0,1.0,0.760695
0.6024839837385347,0.7948731021574368,0.0,0.0,1.0,1.0,0.0,0.0,0.760695
0.8661029397813965,0.6158933426818518,0.0,0.0,1.0,1.0,0.0,0.0,0.760695
0.3770288052419424,0.0,1.0,0.0,1.0,0.0,1.0,0.0,0.760695
0.44179829404807003,0.1764920233877372,0.0,0.0,1.0,1.0,0.0,0.0,0.762032
0.035498755561732265,0.0,1.0,0.4,0.0,0.0,0.0,1.0,0.762032
0.3241966935710158,0.0,1.0,0.8,0.0,0.0,0.0,1.0,0.760695
0.05752787646487118,0.6944731258419837,0.0,0.0,1.0,1.0,0.0,0.0,0.774064
0.06347630849856782,0.5505724176704386,0.0,0.0,1.0,1.0,0.0,0.0,0.780749
0.26195454715303296,0.0,1.0,0.4,0.0,0.0,0.0,1.0,0.764706
0.7211104179259878,0.0,1.0,1.0,0.0,0.0,0.0,1.0,0.759358
0.35835360073363937,0.0,1.0,1.0,0.0,0.0,0.0,1.0,0.760695
0.9976088457426234,0.0,1.0,0.4,0.0,0.0,0.0,1.0,0.762032
0.7176589634052415,0.43053980725600044,0.0,0.0,1.0,1.0,0.0,0.0,0.779412
0.7967719052092465,0.0,1.0,0.0,1.0,0.0,1.0,0.0,0.759358
0.1391652230478007,0.0,1.0,0.0,1.0,0.0,1.0,0.0,0.762032
0.7485303707721848,0.0,1.0,0.0,1.0,0.0,0.0,1.0,0.77139
0.7045541435465168,0.0,1.0,1.0,0.0,0.0,0.0,1.0,0.759358
0.5439134944603676,0.0,1.0,0.0,1.0,0.0,1.0,0.0,0.759358
0.8863428399422724,0.0,1.0,0.0,1.0,0.0,1.0,0.0,0.764706
0.2956643892452664,0.0,1.0,0.0,1.0,0.0,1.0,0.0,0.760695
0.3790736714822537,0.0,1.0,0.0,1.0,0.0,1.0,0.0,0.762032
0.6153644264067861,0.0,1.0,0.0,1.0,0.0,1.0,0.0,0.762032
0.9000133733775152,0.49926921930289936,0.0,0.0,1.0,1.0,0.0,0.0,0.764706
0.7443941951320299,0.3207552571277543,0.0,0.0,1.0,1.0,0.0,0.0,0.770053
0.21658631197338266,0.0,1.0,0.0,1.0,0.0,0.0,1.0,0.763369
0.8662006484617902,0.612483459032583,0.0,0.0,1.0,1.0,0.0,0.0,0.760695
0.9118006201866027,0.3573238584754674,0.0,0.0,1.0,1.0,0.0,0.0,0.779412
0.61319707380094,0.0,1.0,0.0,1.0,0.0,1.0,0.0,0.762032
0.38030588751899636,0.0,1.0,0.0,1.0,0.0,1.0,0.0,0.760695
0.8003252963168264,0.8987944985940255,0.0,0.0,1.0,1.0,0.0,0.0,0.756684
0.9680049051108566,0.5313345614536445,0.0,0.0,1.0,1.0,0.0,0.0,0.759358
0.4333333951193841,0.0,1.0,0.0,1.0,0.0,1.0,0.0,0.762032
0.41047090010068016,0.0,1.0,0.4,0.0,0.0,0.0,1.0,0.764706
0.7617543395338616,0.0,1.0,1.0,0.0,0.0,0.0,1.0,0.763369
0.9751093842652987,0.0,1.0,0.0,1.0,0.0,1.0,0.0,0.762032
0.47591967928364143,0.1936909101882434,0.0,0.0,1.0,1.0,0.0,0.0,0.763369
0.6964640725595245,0.0,1.0,1.0,0.0,0.0,0.0,1.0,0.760695
0.800397668917589,0.5462072061289543,0.0,0.0,1.0,1.0,0.0,0.0,0.766043
0.0724958164640336,0.0,1.0,1.0,0.0,0.0,0.0,1.0,0.760695
0.2999325424785315,0.0,1.0,0.0,1.0,0.0,1.0,0.0,0.758021
0.6859774194602447,0.0,1.0,0.0,1.0,0.0,1.0,0.0,0.759358
0.9796742049724496,0.0,1.0,0.8,0.0,0.0,0.0,1.0,0.760695
0.15948289389104742,0.7648403683653829,0.0,0.0,1.0,1.0,0.0,0.0,0.770053
0.7024629816871496,0.0,1.0,0.0,1.0,0.0,1.0,0.0,0.760695
0.3748060851733142,0.0,1.0,0.0,1.0,0.0,1.0,0.0,0.758021
0.006241056977381989,0.0,1.0,0.0,1.0,0.0,1.0,0.0,0.760695
0.037587214209126474,0.0,1.0,0.0,1.0,0.0,1.0,0.0,0.763369
0.22161795749879473,0.9692855604172101,0.0,0.0,1.0,1.0,0.0,0.0,0.770053
0.9535295282249863,0.7212860077852892,0.0,0.0,1.0,1.0,0.0,0.0,0.764706
0.33469095727171644,0.7069031305640424,0.0,0.0,1.0,1.0,0.0,0.0,0.772727
0.6235042444234327,0.0,1.0,0.0,1.0,0.0,1.0,0.0,0.759358
0.9616400364884752,0.6520514299519367,0.0,0.0,1.0,1.0,0.0,0.0,0.762032
0.997096369893465,0.0,1.0,0.8,0.0,0.0,0.0,1.0,0.762032
0.7136164050418745,0.0,1.0,0.0,1.0,0.0,1.0,0.0,0.759358
0.18077897730484668,0.0,1.0,0.0,1.0,0.0,0.0,1.0,0.763369
0.5230590885601715,0.0,1.0,1.0,0.0,0.0,0.0,1.0,0.759358
0.7630367641603599,0.0,1.0,0.0,1.0,0.0,1.0,0.0,0.762032
0.5934586796071497,0.8507233048863843,0.0,0.0,1.0,1.0,0.0,0.0,0.762032
0.13933040012195066,0.0,1.0,0.0,1.0,0.0,1.0,0.0,0.762032
0.04436914592738928,0.5738539540649117,0.0,0.0,1.0,1.0,0.0,0.0,0.77139
0.937903133352514,0.3596770313106756,0.0,0.0,1.0,1.0,0.0,0.0,0.778075
0.7024852198713395,0.0,1.0,0.8,0.0,0.0,0.0,1.0,0.760695
0.7532688046009633,0.19273622264933868,0.0,0.0,1.0,1.0,0.0,0.0,0.770053
0.7829119899282401,0.0,1.0,0.0,1.0,0.0,1.0,0.0,0.760695
0.6373801343836805,0.24396908227182543,0.0,0.0,1.0,1.0,0.0,0.0,0.770053
0.43892654230231853,0.0,1.0,0.4,0.0,0.0,0.0,1.0,0.766043
0.38282684459826066,0.5269044149431804,0.0,0.0,1.0,1.0,0.0,0.0,0.776738
0.36856189779944654,0.0,1.0,0.4,0.0,0.0,0.0,1.0,0.764706
0.017065860355211303,0.0,1.0,0.8,0.0,0.0,0.0,1.0,0.760695
0.637076569734171,0.0,1.0,0.0,1.0,0.0,1.0,0.0,0.760695
0.6297427074134049,0.43513294058742996,0.0,0.0,1.0,1.0,0.0,0.0,0.775401
0.9369854387618137,0.0,1.0,0.0,1.0,0.0,1.0,0.0,0.763369
0.766730292349336,0.7939181207231348,0.0,0.0,1.0,1.0,0.0,0.0,0.762032
0.5196545425495267,0.554397111032466,0.0,0.0,1.0,1.0,0.0,0.0,0.779412
0.45783661360929623,0.0,1.0,0.0,1.0,0.0,1.0,0.0,0.759358
0.30243694227058265,0.0,1.0,0.8,0.0,0.0,0.0,1.0,0.760695
0.4763287997278202,0.0,1.0,0.8,0.0,0.0,0.0,1.0,0.762032
0.00025542520308091546,0.0,1.0,0.0,1.0,0.0,1.0,0.0,0.760695
0.813330951799388,0.6369015112439096,0.0,0.0,1.0,1.0,0.0,0.0,0.762032
0.16822964237780957,0.0,1.0,0.0,1.0,0.0,1.0,0.0,0.760695
0.16238549906182057,0.16521569787360488,0.0,0.0,1.0,1.0,0.0,0.0,0.768717
0.7523632444485588,0.0,1.0,0.4,0.0,0.0,0.0,1.0,0.762032
0.5732266535947198,0.0,1.0,0.0,1.0,0.0,1.0,0.0,0.759358
0.9573982716099463,0.5605140064092131,0.0,0.0,1.0,1.0,0.0,0.0,0.76738
0.5909380682042208,0.0,1.0,0.4,0.0,0.0,0.0,1.0,0.762032
0.5505250125109936,0.0,1.0,0.0,1.0,0.0,1.0,0.0,0.759358
0.793153560724558,0.0,1.0,0.0,1.0,0.0,1.0,0.0,0.759358
0.2636465436282057,0.6737145360180765,0.0,0.0,1.0,1.0,0.0,0.0,0.775401
0.27294643774928595,0.0,1.0,0.0,1.0,0.0,1.0,0.0,0.758021
0.3118458583744467,0.46812203448142703,0.0,0.0,1.0,1.0,0.0,0.0,0.772727
0.16359396133030987,0.0,1.0,0.0,1.0,0.0,1.0,0.0,0.760695
0.6487375617000042,0.0,1.0,0.0,1.0,0.0,1.0,0.0,0.759358
0.6488304995073977,0.0,1.0,0.0,1.0,0.0,1.0,0.0,0.763369
0.8121882313230003,0.0,1.0,0.0,1.0,0.0,1.0,0.0,0.759358
0.09088269732269075,0.0,1.0,0.0,1.0,0.0,0.0,1.0,0.766043
0.1782972684665595,0.0,1.0,0.8,0.0,0.0,0.0,1.0,0.760695
0.8886049539122566,0.0,1.0,0.0,1.0,0.0,1.0,0.0,0.763369
0.6222736361235711,0.0,1.0,0.4,0.0,0.0,0.0,1.0,0.762032
0.6192778827226668,0.8193816021636785,0.0,0.0,1.0,1.0,0.0,0.0,0.762032
0.22422657882098407,0.0,1.0,0.0,1.0,0.0,1.0,0.0,0.758021
0.17527312502746054,0.4334836601769026,0.0,0.0,1.0,1.0,0.0,0.0,0.768717
0.14628145036697232,0.0,1.0,0.0,1.0,0.0,1.0,0.0,0.760695
0.9547624496981467,0.0,1.0,0.4,0.0,0.0,0.0,1.0,0.762032
0.6165383274710896,0.5469951540445689,0.0,0.0,1.0,1.0,0.0,0.0,0.778075
0.8154360866240048,0.0,1.0,0.4,0.0,0.0,0.0,1.0,0.762032
0.5689209388772093,0.6555114961738456,0.0,0.0,1.0,1.0,0.0,0.0,0.772727
0.7745985401350453,0.7366634028356954,0.0,0.0,1.0,1.0,0.0,0.0,0.760695
0.47234317710534607,0.0,1.0,0.4,0.0,0.0,0.0,1.0,0.763369
0.022420597525810725,0.0,1.0,1.0,0.0,0.0,0.0,1.0,0.760695
0.3646970890211172,0.0,1.0,0.8,0.0,0.0,0.0,1.0,0.760695
0.8917390711010721,0.0,1.0,0.8,0.0,0.0,0.0,1.0,0.760695
0.6967947094878807,0.0,1.0,0.4,0.0,0.0,0.0,1.0,0.762032
0.2128277602568388,0.0,1.0,0.4,0.0,0.0,0.0,1.0,0.762032
0.35049216083943413,0.8538233525847627,0.0,0.0,1.0,1.0,0.0,0.0,0.768717
0.9895341384941749,0.0,1.0,1.0,0.0,0.0,0.0,1.0,0.760695
0.8358084704520522,0.0,1.0,0.4,0.0,0.0,0.0,1.0,0.762032
0.0009056310823205149,0.0,1.0,0.0,1.0,0.0,0.0,1.0,0.766043
0.5206758785949909,0.0,1.0,1.0,0.0,0.0,0.0,1.0,0.759358
0.028493301533990784,0.0,1.0,0.0,1.0,0.0,0.0,1.0,0.764706
0.5347578570366498,0.0,1.0,1.0,0.0,0.0,0.0,1.0,0.759358
0.6640808341247041,0.0,1.0,0.0,1.0,0.0,1.0,0.0,0.759358
0.17817185840246977,0.0,1.0,0.0,1.0,0.0,1.0,0.0,0.758021
0.19326400722092738,0.0,1.0,1.0,0.0,0.0,0.0,1.0,0.760695
0.965539831420983,0.9470846851098873,0.0,0.0,1.0,1.0,0.0,0.0,0.755348
0.8012679256975483,0.0,1.0,0.0,1.0,0.0,1.0,0.0,0.759358
0.17137295893011723,0.0,1.0,0.0,1.0,0.0,1.0,0.0,0.758021
0.07522028168048317,0.0,1.0,0.0,1.0,0.0,1.0,0.0,0.762032
0.24083795198495786,0.0,1.0,0.0,1.0,0.0,1.0,0.0,0.759358
0.5160363559672071,0.0,1.0,0.8,0.0,0.0,0.0,1.0,0.762032
0.2505346567051094,0.1505238180881445,0.0,0.0,1.0,1.0,0.0,0.0,0.766043
0.38448084391836884,0.0,1.0,0.4,0.0,0.0,0.0,1.0,0.764706
0.6158068018005639,0.0,1.0,1.0,0.0,0.0,0.0,1.0,0.760695
0.8389697030383712,0.0,1.0,0.0,1.0,0.0,0.0,1.0,0.77139
0.6911304670270532,0.0,1.0,0.0,1.0,0.0,1.0,0.0,0.760695
0.8639174971035863,0.4650023092985294,0.0,0.0,1.0,1.0,0.0,0.0,0.775401
0.5672014925078969,0.0,1.0,0.4,0.0,0.0,0.0,1.0,0.762032
0.41294439981494047,0.26603227688808706,0.0,0.0,1.0,1.0,0.0,0.0,0.764706
0.8489580388255142,0.8954942764607721,0.0,0.0,1.0,1.0,0.0,0.0,0.756684
0.07216299847812611,0.0,1.0,0.0,1.0,0.0,1.0,0.0,0.762032
0.583682350884822,0.4662009674261502,0.0,0.0,1.0,1.0,0.0,0.0,0.783422
0.5930908966920468,0.0,1.0,0.0,1.0,0.0,0.0,1.0,0.774064
0.03756785724614874,0.8732609608033761,0.0,0.0,1.0,1.0,0.0,0.0,0.770053
0.5661842407918433,0.0,1.0,0.0,1.0,0.0,1.0,0.0,0.762032
0.887017384801109,0.0,1.0,0.0,1.0,0.0,1.0,0.0,0.763369
0.5656168876751577,0.0,1.0,0.0,1.0,0.0,0.0,1.0,0.770053
0.22563368121860913,0.0,1.0,0.0,1.0,0.0,1.0,0.0,0.758021
0.6788696897276932,0.0,1.0,0.0,1.0,0.0,1.0,0.0,0.760695
0.8250061496079212,0.0,1.0,0.4,0.0,0.0,0.0,1.0,0.762032
0.09056954949601062,0.0,1.0,0.0,1.0,0.0,1.0,0.0,0.762032
0.8095013432183813,0.0,1.0,0.0,1.0,0.0,1.0,0.0,0.759358
0.4897236483607972,0.0,1.0,0.0,1.0,0.0,1.0,0.0,0.759358
0.2757066184195072,0.8542334235865313,0.0,0.0,1.0,1.0,0.0,0.0,0.768717
0.16437188052803267,0.23111356116149515,0.0,0.0,1.0,1.0,0.0,0.0,0.76738
0.9878401552750397,0.0,1.0,0.0,1.0,0.0,1.0,0.0,0.762032
0.8552470877021847,0.0,1.0,1.0,0.0,0.0,0.0,1.0,0.759358
0.6827577392288846,0.0,1.0,0.0,1.0,0.0,1.0,0.0,0.759358
0.5294208273325736,0.0,1.0,0.0,1.0,0.0,0.0,1.0,0.770053
0.8960332493752969,0.7073357540904791,0.0,0.0,1.0,1.0,0.0,0.0,0.760695
0.6969990645199217,0.0,1.0,1.0,0.0,0.0,0.0,1.0,0.759358
0.07472815959068997,0.0,1.0,0.4,0.0,0.0,0.0,1.0,0.763369
0.7071496180254783,0.0,1.0,0.8,0.0,0.0,0.0,1.0,0.760695
0.2337551131424218,0.0,1.0,0.8,0.0,0.0,0.0,1.0,0.759358
0.9620533641081422,0.7648912012041015,0.0,0.0,1.0,1.0,0.0,0.0,0.762032
0.5349714388160518,0.0,1.0,1.0,0.0,0.0,0.0,1.0,0.759358
0.11125513586861153,0.5561421748955019,0.0,0.0,1.0,1.0,0.0,0.0,0.772727
0.6427522506711048,0.0,1.0,0.0,1.0,0.0,1.0,0.0,0.759358
0.02141876157106163,0.0,1.0,0.0,1.0,0.0,1.0,0.0,0.763369
0.3854956332387292,0.9145099859323537,0.0,0.0,1.0,1.0,0.0,0.0,0.768717
0.9461724341250753,0.0,1.0,0.8,0.0,0.0,0.0,1.0,0.760695
0.5210714206143201,0.0,1.0,0.4,0.0,0.0,0.0,1.0,0.762032
0.10770817822289296,0.0,1.0,0.0,1.0,0.0,1.0,0.0,0.760695
0.6547622292460923,0.7033418257759034,0.0,0.0,1.0,1.0,0.0,0.0,0.759358
0.7716802082216297,0.0,1.0,0.0,1.0,0.0,0.0,1.0,0.77139
0.6260048036651042,0.4184225848915815,0.0,0.0,1.0,1.0,0.0,0.0,0.779412
0.8222162225755526,0.85906278243838,0.0,0.0,1.0,1.0,0.0,0.0,0.762032
0.8847937536881032,0.3225840877742662,0.0,0.0,1.0,1.0,0.0,0.0,0.774064
0.6758879726704229,0.26762421275578413,0.0,0.0,1.0,1.0,0.0,0.0,0.77139
0.6210407856665436,0.4658744592646846,0.0,0.0,1.0,1.0,0.0,0.0,0.783422
0.5301235871312515,0.0,1.0,0.0,1.0,0.0,0.0,1.0,0.770053
0.5141364585921168,0.0,1.0,0.0,1.0,0.0,1.0,0.0,0.759358
0.24697728145755732,0.0,1.0,0.0,1.0,0.0,1.0,0.0,0.758021
0.670043900058826,0.0,1.0,0.0,1.0,0.0,1.0,0.0,0.760695
0.8723856600985741,0.0,1.0,0.8,0.0,0.0,0.0,1.0,0.760695
0.141991201356312,0.0,1.0,0.0,1.0,0.0,1.0,0.0,0.762032
0.8953018130976463,0.0,1.0,0.8,0.0,0.0,0.0,1.0,0.760695
0.2663288898861157,0.0,1.0,0.0,1.0,0.0,1.0,0.0,0.758021
0.5141336066014042,0.8005295400240666,0.0,0.0,1.0,1.0,0.0,0.0,0.762032
0.1856859396028865,0.0,1.0,0.0,1.0,0.0,0.0,1.0,0.762032
0.24518376294499977,0.0,1.0,0.0,1.0,0.0,0.0,1.0,0.763369
0.9892415351957013,0.0,1.0,0.0,1.0,0.0,1.0,0.0,0.760695
0.4058090130306305,0.19157080572021642,0.0,0.0,1.0,1.0,0.0,0.0,0.762032
0.6089096307158709,0.5401311438613484,0.0,0.0,1.0,1.0,0.0,0.0,0.776738
0.7503439927174782,0.0,1.0,0.4,0.0,0.0,0.0,1.0,0.762032
0.8034470897169338,0.0,1.0,0.4,0.0,0.0,0.0,1.0,0.762032
0.7934496024418587,0.3886401729776134,0.0,0.0,1.0,1.0,0.0,0.0,0.782086
0.8580776704409461,0.0,1.0,0.0,1.0,0.0,1.0,0.0,0.762032
8.086626290024176e-05,0.0,1.0,0.0,1.0,0.0,1.0,0.0,0.760695
0.30647752988956833,0.0,1.0,0.0,1.0,0.0,1.0,0.0,0.760695
0.20256659060402682,0.8754969175021239,0.0,0.0,1.0,1.0,0.0,0.0,0.770053
0.8672302786818864,0.0,1.0,0.0,1.0,0.0,0.0,1.0,0.77139
0.9913573253245197,0.0,1.0,0.0,1.0,0.0,1.0,0.0,0.759358
0.927460283782878,0.7121249589011945,0.0,0.0,1.0,1.0,0.0,0.0,0.764706
0.8373560635389283,0.0,1.0,1.0,0.0,0.0,0.0,1.0,0.762032
0.09313874550558603,0.0,1.0,0.4,0.0,0.0,0.0,1.0,0.763369
0.1836833643853651,0.0,1.0,0.4,0.0,0.0,0.0,1.0,0.762032
0.9050670408632637,0.0,1.0,0.0,1.0,0.0,1.0,0.0,0.762032
0.23053941283958457,0.0,1.0,0.0,1.0,0.0,1.0,0.0,0.758021
0.2437237626332014,0.0,1.0,0.0,1.0,0.0,1.0,0.0,0.758021
0.3234717489623202,0.2728869205073212,0.0,0.0,1.0,1.0,0.0,0.0,0.764706
0.3871820067733182,0.0,1.0,0.4,0.0,0.0,0.0,1.0,0.764706
0.6539050618374603,0.2602053205544845,0.0,0.0,1.0,1.0,0.0,0.0,0.770053
0.8250790404406368,0.5622422358457694,0.0,0.0,1.0,1.0,0.0,0.0,0.754011
0.3768699275406567,0.0,1.0,0.4,0.0,0.0,0.0,1.0,0.764706
0.6601685214612666,0.4960570053378018,0.0,0.0,1.0,1.0,0.0,0.0,0.775401
0.9144724939399645,0.8976104112805843,0.0,0.0,1.0,1.0,0.0,0.0,0.756684
0.9573860165165654,0.0,1.0,0.0,1.0,0.0,1.0,0.0,0.763369
0.16024725480461105,0.0,1.0,0.0,1.0,0.0,0.0,1.0,0.764706
0.2594024327710459,0.0,1.0,0.0,1.0,0.0,1.0,0.0,0.758021
0.23650326873054714,0.0,1.0,0.8,0.0,0.0,0.0,1.0,0.759358
0.2401117128225914,0.0,1.0,0.4,0.0,0.0,0.0,1.0,0.762032
0.9320035885183316,0.0,1.0,1.0,0.0,0.0,0.0,1.0,0.762032
0.67050896501886,0.2214279744201605,0.0,0.0,1.0,1.0,0.0,0.0,0.768717
0.5564611296648593,0.0,1.0,0.8,0.0,0.0,0.0,1.0,0.760695
0.7329160686013636,0.0,1.0,1.0,0.0,0.0,0.0,1.0,0.762032
0.12776783159244517,0.4235624636868874,0.0,0.0,1.0,1.0,0.0,0.0,0.766043
0.2654256185523693,0.0,1.0,1.0,0.0,0.0,0.0,1.0,0.760695
0.16172603524427648,0.0,1.0,0.0,1.0,0.0,1.0,0.0,0.759358
0.1976020228494979,0.3598964048008493,0.0,0.0,1.0,1.0,0.0,0.0,0.76738
0.9495400574971641,0.20819994967172287,0.0,0.0,1.0,1.0,0.0,0.0,0.770053
0.6377336418666034,0.0,1.0,0.0,1.0,0.0,1.0,0.0,0.762032
0.39658137958344875,0.0,1.0,0.0,1.0,0.0,1.0,0.0,0.758021
0.09321044480200563,0.3641740796717691,0.0,0.0,1.0,1.0,0.0,0.0,0.768717
0.34647482816976116,0.6942456587138753,0.0,0.0,1.0,1.0,0.0,0.0,0.778075
0.1378724421949933,0.0,1.0,1.0,0.0,0.0,0.0,1.0,0.760695
0.8119480047971369,0.0,1.0,0.4,0.0,0.0,0.0,1.0,0.762032
0.42018161954543987,0.6434650197829419,0.0,0.0,1.0,1.0,0.0,0.0,0.775401
0.4595283148815115,0.37326324785637366,0.0,0.0,1.0,1.0,0.0,0.0,0.766043
0.46326047160151296,0.0,1.0,0.0,1.0,0.0,1.0,0.0,0.759358
0.9103689940721392,0.0,1.0,1.0,0.0,0.0,0.0,1.0,0.763369
0.931954497101,0.0,1.0,0.0,1.0,0.0,1.0,0.0,0.763369
0.44122846454794035,0.0,1.0,0.0,1.0,0.0,1.0,0.0,0.759358
0.42419058834499607,0.0,1.0,0.0,1.0,0.0,0.0,1.0,0.76738
0.5837316248985035,0.5699452509199945,0.0,0.0,1.0,1.0,0.0,0.0,0.778075
0.5426350825291553,0.0,1.0,0.0,1.0,0.0,1.0,0.0,0.759358
0.47587292197753767,0.794311521275318,0.0,0.0,1.0,1.0,0.0,0.0,0.76738
0.9495362861220948,0.0,1.0,0.8,0.0,0.0,0.0,1.0,0.760695
0.5114735092154455,0.0,1.0,1.0,0.0,0.0,0.0,1.0,0.759358
0.41725445000193845,0.0,1.0,0.8,0.0,0.0,0.0,1.0,0.762032
0.2713053446719588,0.0,1.0,0.0,1.0,0.0,0.0,1.0,0.763369
0.30481196675935723,0.0,1.0,0.0,1.0,0.0,1.0,0.0,0.759358
0.19990924314588954,0.8951928973688364,0.0,0.0,1.0,1.0,0.0,0.0,0.768717
0.3814730839387311,0.0,1.0,0.0,1.0,0.0,1.0,0.0,0.758021
0.1753223797077083,0.0,1.0,0.0,1.0,0.0,1.0,0.0,0.758021
0.1332633504101687,0.0,1.0,0.0,1.0,0.0,1.0,0.0,0.760695
0.05284363630605706,0.0,1.0,0.8,0.0,0.0,0.0,1.0,0.760695
0.8173177133777376,0.0,1.0,0.0,1.0,0.0,1.0,0.0,0.759358
0.07534642221126066,0.7661229836771691,0.0,0.0,1.0,1.0,0.0,0.0,0.77139
0.9959396892396096,0.0,1.0,0.0,1.0,0.0,1.0,0.0,0.762032
0.5159416429129127,0.0,1.0,0.0,1.0,0.0,1.0,0.0,0.762032
0.898565787239595,0.872516474023821,0.0,0.0,1.0,1.0,0.0,0.0,0.760695
0.5129417969374519,0.0,1.0,0.4,0.0,0.0,0.0,1.0,0.762032
0.037587518103806734,0.0,1.0,1.0,0.0,0.0,0.0,1.0,0.760695
0.2745686379856313,0.3486906223311932,0.0,0.0,1.0,1.0,0.0,0.0,0.764706
0.39632953675801974,0.8154574333960345,0.0,0.0,1.0,1.0,0.0,0.0,0.76738
0.6675966207473667,0.5470522305550284,0.0,0.0,1.0,1.0,0.0,0.0,0.774064
0.5886225692149216,0.34955947616525457,0.0,0.0,1.0,1.0,0.0,0.0,0.768717
0.4450913123403873,0.6497962919509966,0.0,0.0,1.0,1.0,0.0,0.0,0.775401
0.8018577901240026,0.6119770023452205,0.0,0.0,1.0,1.0,0.0,0.0,0.759358
0.11642231228103607,0.0,1.0,0.0,1.0,0.0,0.0,1.0,0.766043
0.938492019340609,0.0,1.0,0.0,1.0,0.0,1.0,0.0,0.763369
0.833430644654291,0.0,1.0,0.4,0.0,0.0,0.0,1.0,0.762032
0.4406053319152774,0.5951208349632988,0.0,0.0,1.0,1.0,0.0,0.0,0.774064
0.48455243022341377,0.0,1.0,0.0,1.0,0.0,1.0,0.0,0.759358
0.7431303551178449,0.740029359417221,0.0,0.0,1.0,1.0,0.0,0.0,0.762032
0.4839211087633178,0.89804242448099,0.0,0.0,1.0,1.0,0.0,0.0,0.768717
0.528425762688071,0.0,1.0,0.4,0.0,0.0,0.0,1.0,0.762032
0.34156205395573497,0.0,1.0,0.8,0.0,0.0,0.0,1.0,0.760695
0.14902438577604885,0.5903604484468403,0.0,0.0,1.0,1.0,0.0,0.0,0.774064
0.7196578261076876,0.0,1.0,0.8,0.0,0.0,0.0,1.0,0.760695
0.7427309918200042,0.0,1.0,0.8,0.0,0.0,0.0,1.0,0.760695
0.08438749194061679,0.494851720661698,0.0,0.0,1.0,1.0,0.0,0.0,0.775401
0.39114989058729327,0.5136993360128026,0.0,0.0,1.0,1.0,0.0,0.0,0.770053
0.6507060187316828,0.9651498389675092,0.0,0.0,1.0,1.0,0.0,0.0,0.760695
0.3790679354730767,0.23057958997384584,0.0,0.0,1.0,1.0,0.0,0.0,0.763369
0.7270473856827224,0.0,1.0,0.0,1.0,0.0,1.0,0.0,0.759358
0.8355200455895679,0.4716878145405154,0.0,0.0,1.0,1.0,0.0,0.0,0.770053
0.0579955613469175,0.9262570046779722,0.0,0.0,1.0,1.0,0.0,0.0,0.770053
0.5310951921677954,0.0,1.0,0.8,0.0,0.0,0.0,1.0,0.762032
0.5179149189384074,0.16841428575343087,0.0,0.0,1.0,1.0,0.0,0.0,0.763369
0.24435555537728343,0.0,1.0,0.4,0.0,0.0,0.0,1.0,0.762032
0.5627881395912331,0.0,1.0,0.0,1.0,0.0,1.0,0.0,0.759358
0.39474529973258093,0.6828881525949086,0.0,0.0,1.0,1.0,0.0,0.0,0.776738
0.5296323397010311,0.0,1.0,1.0,0.0,0.0,0.0,1.0,0.759358
0.6130791632254325,0.0,1.0,0.0,1.0,0.0,1.0,0.0,0.759358
0.717169272620148,0.0,1.0,0.0,1.0,0.0,1.0,0.0,0.760695
0.9935187970771011,0.0,1.0,0.4,0.0,0.0,0.0,1.0,0.762032
0.7747593742855308,0.0,1.0,1.0,0.0,0.0,0.0,1.0,0.760695
0.6053780219921577,0.21333427797960508,0.0,0.0,1.0,1.0,0.0,0.0,0.766043
0.7283291822306373,0.8659985590074735,0.0,0.0,1.0,1.0,0.0,0.0,0.762032
0.48445281260268364,0.0,1.0,0.8,0.0,0.0,0.0,1.0,0.762032
0.18528256529453055,0.0,1.0,0.8,0.0,0.0,0.0,1.0,0.760695
0.08233266429388088,0.7884150716389959,0.0,0.0,1.0,1.0,0.0,0.0,0.76738
0.7082979302715603,0.9117591813186657,0.0,0.0,1.0,1.0,0.0,0.0,0.756684
0.672197836098657,0.0,1.0,0.0,1.0,0.0,1.0,0.0,0.762032
0.33562803574701616,0.0,1.0,0.8,0.0,0.0,0.0,1.0,0.760695
0.7771304238632836,0.0,1.0,0.0,1.0,0.0,1.0,0.0,0.758021
0.10342146331542662,0.0,1.0,0.0,1.0,0.0,1.0,0.0,0.758021
0.9418506712014043,0.38074039068087767,0.0,0.0,1.0,1.0,0.0,0.0,0.768717
0.29924209634501414,0.6871063881452938,0.0,0.0,1.0,1.0,0.0,0.0,0.778075
0.12489918489892214,0.0,1.0,0.4,0.0,0.0,0.0,1.0,0.762032
0.7486539221038339,0.7989572251950459,0.0,0.0,1.0,1.0,0.0,0.0,0.762032
0.13549927151909585,0.0,1.0,0.4,0.0,0.0,0.0,1.0,0.762032
0.9621516986596212,0.0,1.0,0.0,1.0,0.0,1.0,0.0,0.758021
0.3904021223903395,0.0,1.0,0.0,1.0,0.0,0.0,1.0,0.76738
0.5916229238864592,0.0,1.0,1.0,0.0,0.0,0.0,1.0,0.760695
0.7130175377883149,0.0,1.0,0.0,1.0,0.0,0.0,1.0,0.77139
0.8419752629895217,0.0,1.0,0.0,1.0,0.0,1.0,0.0,0.759358
0.4682917372199539,0.0,1.0,0.4,0.0,0.0,0.0,1.0,0.763369
0.9275649005101307,0.0,1.0,0.4,0.0,0.0,0.0,1.0,0.762032
0.5303454111765555,0.8542073160159475,0.0,0.0,1.0,1.0,0.0,0.0,0.759358
0.39998883564286025,0.4187464732010945,0.0,0.0,1.0,1.0,0.0,0.0,0.763369
0.5649446936724496,0.0,1.0,0.4,0.0,0.0,0.0,1.0,0.762032
0.8321303372601629,0.2513162112506876,0.0,0.0,1.0,1.0,0.0,0.0,0.77139
0.3769351773701893,0.0,1.0,0.0,1.0,0.0,1.0,0.0,0.760695
0.7653998096015562,0.0,1.0,0.0,1.0,0.0,1.0,0.0,0.762032
0.7583753828986168,0.6103942956310832,0.0,0.0,1.0,1.0,0.0,0.0,0.754011
0.6014021968067748,0.37701790238115845,0.0,0.0,1.0,1.0,0.0,0.0,0.770053
0.1876538580242153,0.9566253749456451,0.0,0.0,1.0,1.0,0.0,0.0,0.770053
0.7760284758601945,0.0,1.0,0.0,1.0,0.0,1.0,0.0,0.762032
0.7910734739567246,0.0,1.0,0.0,1.0,0.0,1.0,0.0,0.762032
0.7817497275213254,0.7756871132998006,0.0,0.0,1.0,1.0,0.0,0.0,0.762032
0.5940007275133861,0.0,1.0,0.8,0.0,0.0,0.0,1.0,0.760695
0.4918691948571046,0.0,1.0,0.8,0.0,0.0,0.0,1.0,0.762032
0.9414422643991531,0.0,1.0,0.0,1.0,0.0,1.0,0.0,0.770053
0.12090830019566748,0.0,1.0,1.0,0.0,0.0,0.0,1.0,0.760695
0.19515489305581712,0.0,1.0,0.0,1.0,0.0,0.0,1.0,0.762032
0.12174467808140206,0.5192563435046578,0.0,0.0,1.0,1.0,0.0,0.0,0.774064
0.45962918007885384,0.0,1.0,0.4,0.0,0.0,0.0,1.0,0.766043
0.5185254918775722,0.5102929799713796,0.0,0.0,1.0,1.0,0.0,0.0,0.783422
0.36241682362488953,0.0,1.0,1.0,0.0,0.0,0.0,1.0,0.760695
0.7747120087313034,0.6029181556299399,0.0,0.0,1.0,1.0,0.0,0.0,0.756684
0.22687911652771584,0.3613137714774688,0.0,0.0,1.0,1.0,0.0,0.0,0.766043
0.8604311928226981,0.27730489451773027,0.0,0.0,1.0,1.0,0.0,0.0,0.77139
0.16660901029511635,0.0,1.0,0.4,0.0,0.0,0.0,1.0,0.762032
0.6623854613724749,0.6194575973647237,0.0,0.0,1.0,1.0,0.0,0.0,0.770053
0.6690659606683905,0.0,1.0,0.8,0.0,0.0,0.0,1.0,0.760695
0.8212146425300602,0.0,1.0,0.0,1.0,0.0,1.0,0.0,0.763369
0.416052408919327,0.0,1.0,0.0,1.0,0.0,1.0,0.0,0.758021
0.014821918478733492,0.5915764269060803,0.0,0.0,1.0,1.0,0.0,0.0,0.774064
0.5568574175069165,0.0,1.0,0.4,0.0,0.0,0.0,1.0,0.762032
0.3820314865929783,0.28210996147844697,0.0,0.0,1.0,1.0,0.0,0.0,0.764706
0.5315178213075775,0.0,1.0,0.0,1.0,0.0,1.0,0.0,0.759358
0.07433869275931904,0.0,1.0,1.0,0.0,0.0,0.0,1.0,0.760695
0.26718104720642016,0.6819682179986043,0.0,0.0,1.0,1.0,0.0,0.0,0.772727
0.2737819814398829,0.0,1.0,0.0,1.0,0.0,1.0,0.0,0.758021
0.14051690429823266,0.0,1.0,0.0,1.0,0.0,0.0,1.0,0.766043
0.9115669478444844,0.0,1.0,0.8,0.0,0.0,0.0,1.0,0.760695
0.5542452407720463,0.0,1.0,0.0,1.0,0.0,1.0,0.0,0.759358
0.3229163013987973,0.0,1.0,1.0,0.0,0.0,0.0,1.0,0.760695
0.20238059817703533,0.7243753449519028,0.0,0.0,1.0,1.0,0.0,0.0,0.770053
0.7778332301412756,0.24667293035717544,0.0,0.0,1.0,1.0,0.0,0.0,0.774064
0.3640573237708565,0.0,1.0,0.0,1.0,0.0,1.0,0.0,0.758021
0.1224963545812539,0.0,1.0,1.0,0.0,0.0,0.0,1.0,0.760695
0.7566466585300038,0.0,1.0,0.0,1.0,0.0,1.0,0.0,0.759358
0.8575774811670169,0.5007603794223889,0.0,0.0,1.0,1.0,0.0,0.0,0.764706
0.2435480615714822,0.3540426369945552,0.0,0.0,1.0,1.0,0.0,0.0,0.764706
0.11152313770615538,0.8764565539277921,0.0,0.0,1.0,1.0,0.0,0.0,0.770053
0.9072213667762085,0.0,1.0,0.0,1.0,0.0,0.0,1.0,0.77139
0.15339794539436608,0.0,1.0,0.0,1.0,0.0,1.0,0.0,0.762032
0.49471758667646426,0.0,1.0,0.0,1.0,0.0,0.0,1.0,0.77139
0.0042604797345081975,0.0,1.0,0.0,1.0,0.0,1.0,0.0,0.760695
0.6382457983751707,0.0,1.0,0.0,1.0,0.0,1.0,0.0,0.759358
0.725026642137407,0.9953208908601411,0.0,0.0,1.0,1.0,0.0,0.0,0.752674
0.3561204020144231,0.0,1.0,0.4,0.0,0.0,0.0,1.0,0.764706
0.9159519743789204,0.6361395947314298,0.0,0.0,1.0,1.0,0.0,0.0,0.763369
0.30204159773599537,0.0,1.0,0.4,0.0,0.0,0.0,1.0,0.764706
0.5135417711233043,0.3132171236482786,0.0,0.0,1.0,1.0,0.0,0.0,0.76738
0.6344980239063625,0.6959930258759042,0.0,0.0,1.0,1.0,0.0,0.0,0.760695
0.8174206544146538,0.5340337461020467,0.0,0.0,1.0,1.0,0.0,0.0,0.762032
0.5358774445580402,0.0,1.0,0.8,0.0,0.0,0.0,1.0,0.762032
0.986679611814747,0.0,1.0,0.0,1.0,0.0,0.0,1.0,0.766043
0.0875132646181107,0.0,1.0,0.8,0.0,0.0,0.0,1.0,0.760695
0.23708124289161372,0.268002056586693,0.0,0.0,1.0,1.0,0.0,0.0,0.763369
0.10185289514567653,0.0,1.0,0.0,1.0,0.0,1.0,0.0,0.758021
0.21370384429692346,0.0,1.0,0.0,1.0,0.0,1.0,0.0,0.758021
0.5982989775065312,0.0,1.0,0.0,1.0,0.0,1.0,0.0,0.759358
0.4095735581977355,0.0,1.0,0.8,0.0,0.0,0.0,1.0,0.760695
0.5115755850558372,0.4837864593189514,0.0,0.0,1.0,1.0,0.0,0.0,0.783422
0.004513147190707221,0.0,1.0,0.0,1.0,0.0,0.0,1.0,0.766043
0.9990193903320927,0.0,1.0,0.0,1.0,0.0,0.0,1.0,0.768717
0.33649350323192834,0.0,1.0,0.0,1.0,0.0,1.0,0.0,0.762032
0.14673879208127955,0.0,1.0,0.0,1.0,0.0,1.0,0.0,0.760695
0.3555802734056712,0.0,1.0,0.0,1.0,0.0,1.0,0.0,0.758021
0.5522838263283522,0.32133350868733307,0.0,0.0,1.0,1.0,0.0,0.0,0.772727
0.6721544185329384,0.0,1.0,0.0,1.0,0.0,1.0,0.0,0.763369
0.701801551829941,0.0,1.0,0.0,1.0,0.0,1.0,0.0,0.759358
0.04275635527018407,0.0,1.0,0.0,1.0,0.0,1.0,0.0,0.760695
0.9047774439040798,0.2940669793096125,0.0,0.0,1.0,1.0,0.0,0.0,0.770053
0.8108844721158512,0.0,1.0,1.0,0.0,0.0,0.0,1.0,0.762032
0.416982165585885,0.8273861046452359,0.0,0.0,1.0,1.0,0.0,0.0,0.76738
0.28355334098132357,0.0,1.0,0.0,1.0,0.0,1.0,0.0,0.758021
0.9216904180414449,0.0,1.0,0.0,1.0,0.0,0.0,1.0,0.77139
0.6720137697915793,0.37030538095712484,0.0,0.0,1.0,1.0,0.0,0.0,0.76738
0.44230486317173956,0.0,1.0,0.0,1.0,0.0,0.0,1.0,0.770053
0.7626181453296097,0.660151779679993,0.0,0.0,1.0,1.0,0.0,0.0,0.766043
0.6501958011364475,0.0,1.0,0.4,0.0,0.0,0.0,1.0,0.762032
0.16660417952887166,0.6939580903336429,0.0,0.0,1.0,1.0,0.0,0.0,0.774064
0.086504941942953,0.0,1.0,0.0,1.0,0.0,1.0,0.0,0.764706
0.7522916403397938,0.6311864864630929,0.0,0.0,1.0,1.0,0.0,0.0,0.760695
0.39704338179524107,0.0,1.0,0.0,1.0,0.0,1.0,0.0,0.758021
0.9275594568246324,0.0,1.0,0.0,1.0,0.0,1.0,0.0,0.754011
0.3116542102449569,0.7063423034686287,0.0,0.0,1.0,1.0,0.0,0.0,0.772727
0.04659331949870487,0.5871365509812332,0.0,0.0,1.0,1.0,0.0,0.0,0.772727
0.7185370438213605,0.0,1.0,0.0,1.0,0.0,1.0,0.0,0.759358
0.07988702534644927,0.2371210834448612,0.0,0.0,1.0,1.0,0.0,0.0,0.764706
0.041782048784230315,0.25266311464977237,0.0,0.0,1.0,1.0,0.0,0.0,0.768717
0.563747033219165,0.20874562456918133,0.0,0.0,1.0,1.0,0.0,0.0,0.764706
0.025204682179060807,0.0,1.0,0.4,0.0,0.0,0.0,1.0,0.762032
0.5839859356425451,0.0,1.0,0.0,1.0,0.0,1.0,0.0,0.759358
0.40277480141380784,0.5329279873527688,0.0,0.0,1.0,1.0,0.0,0.0,0.780749
0.9396172673500118,0.0,1.0,0.8,0.0,0.0,0.0,1.0,0.760695
0.7783680944886227,0.0,1.0,1.0,0.0,0.0,0.0,1.0,0.760695
0.4861218053222064,0.0,1.0,0.0,1.0,0.0,1.0,0.0,0.759358
0.5528641400238028,0.19457935247045008,0.0,0.0,1.0,1.0,0.0,0.0,0.763369
0.14524898710843231,0.0,1.0,0.0,1.0,0.0,0.0,1.0,0.766043
0.2787402813189206,0.0,1.0,0.0,1.0,0.0,1.0,0.0,0.758021
0.730245228456164,0.7722411961226903,0.0,0.0,1.0,1.0,0.0,0.0,0.762032
0.9848160597452186,0.0,1.0,0.0,1.0,0.0,1.0,0.0,0.764706
0.9208670805603125,0.0,1.0,0.0,1.0,0.0,1.0,0.0,0.763369
0.9081977475891101,0.0,1.0,0.8,0.0,0.0,0.0,1.0,0.760695
0.9136439749469816,0.8738786767755669,0.0,0.0,1.0,1.0,0.0,0.0,0.760695
0.5004196933338652,0.0,1.0,0.0,1.0,0.0,1.0,0.0,0.759358
0.081202434211746,0.0,1.0,0.0,1.0,0.0,1.0,0.0,0.764706
0.47190430954976315,0.0,1.0,0.0,1.0,0.0,0.0,1.0,0.768717
0.39025490196682594,0.0,1.0,0.0,1.0,0.0,1.0,0.0,0.758021
0.38558438172049747,0.0,1.0,0.0,1.0,0.0,1.0,0.0,0.760695
0.1197524083756128,0.42301591996580273,0.0,0.0,1.0,1.0,0.0,0.0,0.770053
0.14024148278211648,0.0,1.0,0.4,0.0,0.0,0.0,1.0,0.762032
0.855474927269123,0.574472410359921,0.0,0.0,1.0,1.0,0.0,0.0,0.760695
0.9320959002105587,0.0,1.0,1.0,0.0,0.0,0.0,1.0,0.760695
0.260589508136974,0.0,1.0,0.0,1.0,0.0,1.0,0.0,0.758021
0.6385509167367824,0.0,1.0,0.4,0.0,0.0,0.0,1.0,0.762032
0.3707867802703355,0.0,1.0,0.0,1.0,0.0,0.0,1.0,0.764706
0.5415497654968692,0.0,1.0,0.0,1.0,0.0,0.0,1.0,0.770053
0.2548430706297571,0.0,1.0,0.0,1.0,0.0,1.0,0.0,0.758021
0.1255702209664108,0.0,1.0,1.0,0.0,0.0,0.0,1.0,0.760695
0.6093476140641237,0.9523113136615398,0.0,0.0,1.0,1.0,0.0,0.0,0.760695
0.37593567404397693,0.2440633883522279,0.0,0.0,1.0,1.0,0.0,0.0,0.764706
0.07933112074515086,0.0,1.0,0.8,0.0,0.0,0.0,1.0,0.760695
0.02630079885410198,0.0,1.0,0.0,1.0,0.0,1.0,0.0,0.762032
0.7416763617174447,0.27660579208834024,0.0,0.0,1.0,1.0,0.0,0.0,0.768717
0.9773432047436658,0.0,1.0,0.0,1.0,0.0,1.0,0.0,0.762032
0.7241362160496746,0.6280776420769809,0.0,0.0,1.0,1.0,0.0,0.0,0.758021
0.4305941767674097,0.0,1.0,0.0,1.0,0.0,1.0,0.0,0.758021
0.47367693746970624,0.9027739545437037,0.0,0.0,1.0,1.0,0.0,0.0,0.768717
0.7654101163776066,0.0,1.0,0.0,1.0,0.0,1.0,0.0,0.759358
0.47219437202583775,0.32058194308387206,0.0,0.0,1.0,1.0,0.0,0.0,0.766043
0.9128198351034924,0.0,1.0,0.0,1.0,0.0,1.0,0.0,0.760695
0.7772208947209247,0.2706568188262043,0.0,0.0,1.0,1.0,0.0,0.0,0.77139
0.4340143347083568,0.7750282239705584,0.0,0.0,1.0,1.0,0.0,0.0,0.76738
0.07929906564827657,0.0,1.0,0.0,1.0,0.0,1.0,0.0,0.762032
0.3212327561491518,0.0,1.0,0.0,1.0,0.0,1.0,0.0,0.758021
0.7054750497284271,0.9027767046154593,0.0,0.0,1.0,1.0,0.0,0.0,0.756684
0.6217806554333077,0.0,1.0,0.0,1.0,0.0,1.0,0.0,0.759358
0.4169937372331279,0.6670013248008447,0.0,0.0,1.0,1.0,0.0,0.0,0.778075
0.6868161099466936,0.0,1.0,1.0,0.0,0.0,0.0,1.0,0.759358
0.6742638587201233,0.9126808539414436,0.0,0.0,1.0,1.0,0.0,0.0,0.756684
0.7086353029167121,0.0,1.0,0.0,1.0,0.0,1.0,0.0,0.762032
0.4144327365377262,0.0,1.0,0.0,1.0,0.0,0.0,1.0,0.76738
0.25640211193125395,0.0,1.0,0.0,1.0,0.0,1.0,0.0,0.758021
0.6818233147182438,0.0,1.0,1.0,0.0,0.0,0.0,1.0,0.760695
0.967889778746721,0.0,1.0,1.0,0.0,0.0,0.0,1.0,0.762032
0.13539950825086813,0.0,1.0,0.4,0.0,0.0,0.0,1.0,0.762032
0.8183754374117153,0.0,1.0,0.0,1.0,0.0,1.0,0.0,0.762032
0.9114862009424455,0.0,1.0,0.4,0.0,0.0,0.0,1.0,0.762032
0.5641014593705098,0.9546748304881916,0.0,0.0,1.0,1.0,0.0,0.0,0.760695
0.7971114668323421,0.0,1.0,0.4,0.0,0.0,0.0,1.0,0.762032
0.7663373135531132,0.0,1.0,0.0,1.0,0.0,0.0,1.0,0.77139
0.3034905992773584,0.5648378253241206,0.0,0.0,1.0,1.0,0.0,0.0,0.77139
0.10230488763557434,0.0,1.0,0.4,0.0,0.0,0.0,1.0,0.762032
0.35619590098282405,0.0,1.0,0.0,1.0,0.0,1.0,0.0,0.758021
0.8979024031077653,0.0,1.0,0.0,1.0,0.0,1.0,0.0,0.763369
0.3686097969378968,0.7485694068390344,0.0,0.0,1.0,1.0,0.0,0.0,0.768717
0.18422390786038764,0.0,1.0,0.0,1.0,0.0,0.0,1.0,0.762032
0.18317217953646672,0.0,1.0,0.0,1.0,0.0,0.0,1.0,0.762032
0.7029919747817367,0.0,1.0,0.0,1.0,0.0,1.0,0.0,0.760695
0.6591576247628149,0.7410763452608127,0.0,0.0,1.0,1.0,0.0,0.0,0.758021
0.08944299183557775,0.6691065663348664,0.0,0.0,1.0,1.0,0.0,0.0,0.780749
0.7486601135281566,0.6802683228807883,0.0,0.0,1.0,1.0,0.0,0.0,0.763369
0.07608039176172368,0.574225943590118,0.0,0.0,1.0,1.0,0.0,0.0,0.772727
0.07692777091957807,0.18911672171303875,0.0,0.0,1.0,1.0,0.0,0.0,0.768717
0.7611957761738216,0.0,1.0,1.0,0.0,0.0,0.0,1.0,0.760695
0.1266854082502735,0.4547253643413513,0.0,0.0,1.0,1.0,0.0,0.0,0.766043
0.48561473517450615,0.0,1.0,0.0,1.0,0.0,1.0,0.0,0.759358
0.25976879635873157,0.0,1.0,1.0,0.0,0.0,0.0,1.0,0.760695
0.6449167356315276,0.301784209862848,0.0,0.0,1.0,1.0,0.0,0.0,0.77139
0.69602041186169,0.16831778603373101,0.0,0.0,1.0,1.0,0.0,0.0,0.766043
0.48827290853712557,0.0,1.0,0.0,1.0,0.0,1.0,0.0,0.759358
0.03873673279965489,0.0,1.0,0.4,0.0,0.0,0.0,1.0,0.762032
0.5358252209334714,0.4524530028520112,0.0,0.0,1.0,1.0,0.0,0.0,0.776738
0.9940427586891789,0.0,1.0,1.0,0.0,0.0,0.0,1.0,0.760695
0.3093846117734242,0.3861087678346922,0.0,0.0,1.0,1.0,0.0,0.0,0.76738
0.9862850052883819,0.0,1.0,0.0,1.0,0.0,1.0,0.0,0.760695
0.2288906766760099,0.0,1.0,1.0,0.0,0.0,0.0,1.0,0.760695
0.8466090077079119,0.4028141068794452,0.0,0.0,1.0,1.0,0.0,0.0,0.782086
0.5585376645065999,0.9308774159098474,0.0,0.0,1.0,1.0,0.0,0.0,0.755348
0.3603576271754721,0.9132110473375521,0.0,0.0,1.0,1.0,0.0,0.0,0.768717
0.3683023944007491,0.0,1.0,0.4,0.0,0.0,0.0,1.0,0.764706
0.8546359116498438,0.5482595479221791,0.0,0.0,1.0,1.0,0.0,0.0,0.754011
0.04150881321333105,0.5039049067033243,0.0,0.0,1.0,1.0,0.0,0.0,0.778075
0.04583849214217153,0.0,1.0,0.0,1.0,0.0,1.0,0.0,0.760695
0.06945837920630372,0.0,1.0,0.8,0.0,0.0,0.0,1.0,0.760695
0.11974752967280423,0.8167409094231659,0.0,0.0,1.0,1.0,0.0,0.0,0.766043
0.24498111606408035,0.0,1.0,0.0,1.0,0.0,1.0,0.0,0.758021
0.02142006961204677,0.6949667635958335,0.0,0.0,1.0,1.0,0.0,0.0,0.772727
0.8258519845318236,0.0,1.0,0.0,1.0,0.0,0.0,1.0,0.77139
0.27278348733682983,0.0,1.0,0.8,0.0,0.0,0.0,1.0,0.760695
0.1990468991515646,0.0,1.0,0.0,1.0,0.0,1.0,0.0,0.758021
0.1843712988860548,0.3341729234200159,0.0,0.0,1.0,1.0,0.0,0.0,0.766043
0.34744960561947535,0.8141813625865156,0.0,0.0,1.0,1.0,0.0,0.0,0.76738
0.19231342959975617,0.0,1.0,1.0,0.0,0.0,0.0,1.0,0.760695
0.17327186961729474,0.7572933625845375,0.0,0.0,1.0,1.0,0.0,0.0,0.76738
0.9240438574101341,0.0,1.0,0.0,1.0,0.0,1.0,0.0,0.756684
0.4592002092209839,0.46685313414827845,0.0,0.0,1.0,1.0,0.0,0.0,0.772727
0.09145026116227123,0.0,1.0,0.8,0.0,0.0,0.0,1.0,0.760695
0.8434151066419869,0.0,1.0,0.0,1.0,0.0,1.0,0.0,0.759358
0.45840993412627024,0.9824458050214454,0.0,0.0,1.0,1.0,0.0,0.0,0.768717
0.0008758089243047414,0.0,1.0,0.4,0.0,0.0,0.0,1.0,0.759358
0.7426899980598806,0.3367542064026157,0.0,0.0,1.0,1.0,0.0,0.0,0.768717
0.9072266367116457,0.0,1.0,1.0,0.0,0.0,0.0,1.0,0.762032
0.18028935213947955,0.43326326413839555,0.0,0.0,1.0,1.0,0.0,0.0,0.764706
0.3881407365156652,0.7682393118952873,0.0,0.0,1.0,1.0,0.0,0.0,0.77139
0.9150367892668478,0.0,1.0,0.0,1.0,0.0,1.0,0.0,0.762032
0.5146132994173154,0.0,1.0,1.0,0.0,0.0,0.0,1.0,0.759358
0.9203779904268277,0.0,1.0,1.0,0.0,0.0,0.0,1.0,0.762032
0.3004920590570806,0.0,1.0,0.0,1.0,0.0,1.0,0.0,0.762032
0.7534847093753476,0.0,1.0,0.4,0.0,0.0,0.0,1.0,0.762032
0.9209338444912178,0.0,1.0,0.0,1.0,0.0,1.0,0.0,0.763369
0.8024222721386773,0.0,1.0,0.4,0.0,0.0,0.0,1.0,0.762032
0.04764161957267981,0.9728119695561684,0.0,0.0,1.0,1.0,0.0,0.0,0.77139
0.38165934627979653,0.0,1.0,1.0,0.0,0.0,0.0,1.0,0.759358
0.5877849596468698,0.9477237573084467,0.0,0.0,1.0,1.0,0.0,0.0,0.755348
0.35708760723984617,0.0,1.0,0.4,0.0,0.0,0.0,1.0,0.764706
0.859031982154765,0.0,1.0,0.0,1.0,0.0,1.0,0.0,0.762032
0.8809731084764811,0.2453395895242135,0.0,0.0,1.0,1.0,0.0,0.0,0.77139
0.974268608856603,0.0,1.0,0.0,1.0,0.0,1.0,0.0,0.762032
0.4450289838000693,0.0,1.0,0.4,0.0,0.0,0.0,1.0,0.766043
0.8736817893673519,0.0,1.0,0.0,1.0,0.0,1.0,0.0,0.763369
0.9080630496801088,0.5538822130694778,0.0,0.0,1.0,1.0,0.0,0.0,0.763369
0.0027580563689472886,0.0,1.0,0.4,0.0,0.0,0.0,1.0,0.759358
0.8591947685896584,0.0,1.0,0.8,0.0,0.0,0.0,1.0,0.760695
0.8579345833597258,0.0,1.0,0.8,0.0,0.0,0.0,1.0,0.760695
0.19065103155863766,0.7360184846542629,0.0,0.0,1.0,1.0,0.0,0.0,0.770053
0.18596616678367506,0.0,1.0,1.0,0.0,0.0,0.0,1.0,0.760695
0.5233657134448308,0.7428140323587838,0.0,0.0,1.0,1.0,0.0,0.0,0.764706
0.3393842484113278,0.0,1.0,0.0,1.0,0.0,1.0,0.0,0.758021
0.15138245021398417,0.0,1.0,1.0,0.0,0.0,0.0,1.0,0.760695
0.7176155210394429,0.0,1.0,0.8,0.0,0.0,0.0,1.0,0.760695
0.605969830174519,0.0,1.0,0.0,1.0,0.0,1.0,0.0,0.763369
0.0317236823657932,0.6361968965628517,0.0,0.0,1.0,1.0,0.0,0.0,0.778075
0.22082614341697568,0.9105486053788344,0.0,0.0,1.0,1.0,0.0,0.0,0.768717
0.5230669269164735,0.9078631238921515,0.0,0.0,1.0,1.0,0.0,0.0,0.758021
0.562897285639487,0.0,1.0,1.0,0.0,0.0,0.0,1.0,0.760695
0.27422228643516394,0.0,1.0,0.0,1.0,0.0,0.0,1.0,0.763369
0.777316247441515,0.0,1.0,0.0,1.0,0.0,0.0,1.0,0.77139
0.5236716671488658,0.0,1.0,0.8,0.0,0.0,0.0,1.0,0.762032
0.9116531449971356,0.0,1.0,0.0,1.0,0.0,1.0,0.0,0.764706
0.6903541983074004,0.6543050188948221,0.0,0.0,1.0,1.0,0.0,0.0,0.763369
0.20150778797835867,0.0,1.0,0.0,1.0,0.0,1.0,0.0,0.759358
0.9833699438759607,0.0,1.0,0.0,1.0,0.0,1.0,0.0,0.762032
0.6672791679006755,0.0,1.0,0.0,1.0,0.0,1.0,0.0,0.759358
0.851108318601032,0.7573505957368234,0.0,0.0,1.0,1.0,0.0,0.0,0.763369
0.5274260724647762,0.0,1.0,0.4,0.0,0.0,0.0,1.0,0.762032
0.04244687318228235,0.0,1.0,0.0,1.0,0.0,1.0,0.0,0.760695
0.8598454371652854,0.0,1.0,0.0,1.0,0.0,1.0,0.0,0.762032
0.970338449873903,0.7083515171706798,0.0,0.0,1.0,1.0,0.0,0.0,0.764706
0.38481319772406397,0.9684701961844865,0.0,0.0,1.0,1.0,0.0,0.0,0.770053
0.5821291240466958,0.0,1.0,0.0,1.0,0.0,1.0,0.0,0.759358
0.016569422673843825,0.0,1.0,0.8,0.0,0.0,0.0,1.0,0.760695
0.4166842858139652,0.0,1.0,0.4,0.0,0.0,0.0,1.0,0.766043
0.2865690432449427,0.0,1.0,0.8,0.0,0.0,0.0,1.0,0.760695
0.22788122153727983,0.28350645075235137,0.0,0.0,1.0,1.0,0.0,0.0,0.763369
0.2816344947485728,0.0,1.0,1.0,0.0,0.0,0.0,1.0,0.760695
0.15133380710460465,0.0,1.0,0.0,1.0,0.0,1.0,0.0,0.760695
0.7807737870163184,0.0,1.0,0.0,1.0,0.0,1.0,0.0,0.759358
0.19050960855830038,0.0,1.0,1.0,0.0,0.0,0.0,1.0,0.760695
0.36700278235908135,0.0,1.0,0.0,1.0,0.0,1.0,0.0,0.758021
0.3139382877792189,0.0,1.0,1.0,0.0,0.0,0.0,1.0,0.760695
0.03823133222513569,0.0,1.0,0.0,1.0,0.0,1.0,0.0,0.763369
0.4299934257615235,0.0,1.0,0.0,1.0,0.0,0.0,1.0,0.768717
0.3507623932427633,0.7619815428816423,0.0,0.0,1.0,1.0,0.0,0.0,0.770053
0.08292342454111,0.7193723205478982,0.0,0.0,1.0,1.0,0.0,0.0,0.772727
0.8328752411688523,0.0,1.0,0.0,1.0,0.0,0.0,1.0,0.77139
0.9078478463848071,0.4373542673248346,0.0,0.0,1.0,1.0,0.0,0.0,0.772727
0.6130280670807374,0.2625216313626931,0.0,0.0,1.0,1.0,0.0,0.0,0.770053
0.6098942145154255,0.0,1.0,0.8,0.0,0.0,0.0,1.0,0.760695
0.41294843206601595,0.9201483344502057,0.0,0.0,1.0,1.0,0.0,0.0,0.768717
0.8580305564134241,0.0,1.0,0.0,1.0,0.0,0.0,1.0,0.77139
0.5456217078324191,0.7226154800852906,0.0,0.0,1.0,1.0,0.0,0.0,0.760695
0.3877350458379552,0.0,1.0,0.0,1.0,0.0,1.0,0.0,0.760695
0.8968503699947011,0.0,1.0,0.0,1.0,0.0,1.0,0.0,0.766043
0.6243746412878243,0.0,1.0,0.0,1.0,0.0,1.0,0.0,0.759358
0.4741754168067123,0.7971868051362101,0.0,0.0,1.0,1.0,0.0,0.0,0.764706
0.2485704493702311,0.0,1.0,0.0,1.0,0.0,0.0,1.0,0.763369
0.15129782436306655,0.0,1.0,0.0,1.0,0.0,1.0,0.0,0.760695
0.44191363537090256,0.5191045784006074,0.0,0.0,1.0,1.0,0.0,0.0,0.779412
0.5493594006516411,0.0,1.0,0.0,1.0,0.0,1.0,0.0,0.759358
0.5642333451731872,0.0,1.0,0.4,0.0,0.0,0.0,1.0,0.762032
0.5594696658597463,0.7902155293705098,0.0,0.0,1.0,1.0,0.0,0.0,0.763369
0.5223433294818183,0.0,1.0,0.4,0.0,0.0,0.0,1.0,0.762032
0.7386839721085597,0.0,1.0,0.8,0.0,0.0,0.0,1.0,0.760695
0.9651637317078179,0.0,1.0,0.0,1.0,0.0,0.0,1.0,0.77139
0.18967207742039952,0.8272253641004934,0.0,0.0,1.0,1.0,0.0,0.0,0.76738
0.8486612017215027,0.0,1.0,0.0,1.0,0.0,1.0,0.0,0.762032
0.6488516561407384,0.7220284808336415,0.0,0.0,1.0,1.0,0.0,0.0,0.762032
0.2573174529023803,0.8186110232159152,0.0,0.0,1.0,1.0,0.0,0.0,0.766043
0.21925366314465058,0.0,1.0,0.4,0.0,0.0,0.0,1.0,0.762032
0.4758454422298672,0.0,1.0,0.0,1.0,0.0,1.0,0.0,0.759358
0.13412945687393418,0.0,1.0,0.0,1.0,0.0,0.0,1.0,0.766043
0.706565174539947,0.0,1.0,0.0,1.0,0.0,1.0,0.0,0.759358
0.6054126257733755,0.0,1.0,0.4,0.0,0.0,0.0,1.0,0.762032
0.2906031095892703,0.0,1.0,0.0,1.0,0.0,1.0,0.0,0.758021
0.32131806110818273,0.0,1.0,0.8,0.0,0.0,0.0,1.0,0.760695
0.7134250265045302,0.0,1.0,0.4,0.0,0.0,0.0,1.0,0.762032
0.8388306124598248,0.0,1.0,0.0,1.0,0.0,1.0,0.0,0.762032
0.40575300707947465,0.0,1.0,1.0,0.0,0.0,0.0,1.0,0.759358
0.4049893333903446,0.0,1.0,0.0,1.0,0.0,0.0,1.0,0.766043
0.34732086502796,0.6968662195025538,0.0,0.0,1.0,1.0,0.0,0.0,0.778075
0.8312353679702107,0.0,1.0,1.0,0.0,0.0,0.0,1.0,0.760695
0.8469147109546977,0.0,1.0,1.0,0.0,0.0,0.0,1.0,0.760695
0.8491675495618446,0.0,1.0,0.4,0.0,0.0,0.0,1.0,0.762032
0.8732454615480985,0.6384929496138514,0.0,0.0,1.0,1.0,0.0,0.0,0.764706
0.5585536119831451,0.0,1.0,0.0,1.0,0.0,1.0,0.0,0.762032
0.08946958410107851,0.0,1.0,0.0,1.0,0.0,1.0,0.0,0.762032
0.5599931544768688,0.0,1.0,0.0,1.0,0.0,1.0,0.0,0.762032
0.6880499646483257,0.0,1.0,0.0,1.0,0.0,0.0,1.0,0.772727
0.5371245031722343,0.9430972435068998,0.0,0.0,1.0,1.0,0.0,0.0,0.760695
0.5541777504024958,0.0,1.0,0.0,1.0,0.0,0.0,1.0,0.770053
0.4335087917193491,0.6760474952437042,0.0,0.0,1.0,1.0,0.0,0.0,0.776738
0.2983555728844989,0.0,1.0,0.8,0.0,0.0,0.0,1.0,0.760695
0.6126822859685158,0.0,1.0,1.0,0.0,0.0,0.0,1.0,0.760695
0.6103918388355085,0.0,1.0,0.8,0.0,0.0,0.0,1.0,0.760695
0.6840561642586874,0.44712983385383565,0.0,0.0,1.0,1.0,0.0,0.0,0.786096
0.8353993112641104,0.0,1.0,0.4,0.0,0.0,0.0,1.0,0.762032
0.8973325715239697,0.0,1.0,0.4,0.0,0.0,0.0,1.0,0.762032
0.21130853120280502,0.0,1.0,0.4,0.0,0.0,0.0,1.0,0.762032
0.11756905798611221,0.984418548563289,0.0,0.0,1.0,1.0,0.0,0.0,0.768717
0.419269875251269,0.0,1.0,0.0,1.0,0.0,1.0,0.0,0.758021
0.7381976673177443,0.0,1.0,0.0,1.0,0.0,0.0,1.0,0.772727
0.3214155392428211,0.5810774572824955,0.0,0.0,1.0,1.0,0.0,0.0,0.77139
0.9762061372011129,0.6078212838821745,0.0,0.0,1.0,1.0,0.0,0.0,0.762032
0.9420174874833537,0.0,1.0,0.0,1.0,0.0,1.0,0.0,0.764706
0.33147119606470027,0.47448421944935293,0.0,0.0,1.0,1.0,0.0,0.0,0.764706
0.7380923936934022,0.0,1.0,0.0,1.0,0.0,1.0,0.0,0.759358
0.8014505201326506,0.0,1.0,1.0,0.0,0.0,0.0,1.0,0.760695
0.6413987621324964,0.2752364261124929,0.0,0.0,1.0,1.0,0.0,0.0,0.774064
0.8802253367603755,0.0,1.0,0.0,1.0,0.0,1.0,0.0,0.763369
0.8049354491615478,0.0,1.0,0.0,1.0,0.0,1.0,0.0,0.759358
0.5268373609381577,0.746133329477304,0.0,0.0,1.0,1.0,0.0,0.0,0.764706
0.23550754428744736,0.0,1.0,1.0,0.0,0.0,0.0,1.0,0.760695
0.6395884593777611,0.0,1.0,0.0,1.0,0.0,1.0,0.0,0.760695
0.4319410145902308,0.5861646046442307,0.0,0.0,1.0,1.0,0.0,0.0,0.77139
0.6241902813035017,0.14961146955909418,0.0,0.0,1.0,1.0,0.0,0.0,0.764706
0.9385548123583307,0.0,1.0,1.0,0.0,0.0,0.0,1.0,0.762032
0.31239741180761527,0.0,1.0,0.4,0.0,0.0,0.0,1.0,0.764706
0.6140632271810303,0.0,1.0,0.0,1.0,0.0,1.0,0.0,0.759358
0.21727831032736952,0.0,1.0,1.0,0.0,0.0,0.0,1.0,0.760695
0.5094772497148492,0.0,1.0,1.0,0.0,0.0,0.0,1.0,0.759358
0.6908719726931394,0.0,1.0,1.0,0.0,0.0,0.0,1.0,0.760695
0.5079599933022365,0.3190026069485566,0.0,0.0,1.0,1.0,0.0,0.0,0.76738
0.6388273281384084,0.0,1.0,0.0,1.0,0.0,1.0,0.0,0.762032
0.44311849615678733,0.0,1.0,0.0,1.0,0.0,1.0,0.0,0.759358
0.7080699428833285,0.0,1.0,0.0,1.0,0.0,1.0,0.0,0.762032
0.38073944507426777,0.0,1.0,0.0,1.0,0.0,1.0,0.0,0.758021
0.8846833134413622,0.0,1.0,1.0,0.0,0.0,0.0,1.0,0.759358
0.15887484302096566,0.8679361005256566,0.0,0.0,1.0,1.0,0.0,0.0,0.770053
0.9909345668989247,0.8238775778498557,0.0,0.0,1.0,1.0,0.0,0.0,0.760695
0.8344905010647783,0.0,1.0,0.0,1.0,0.0,1.0,0.0,0.759358
0.2790885628027268,0.0,1.0,0.0,1.0,0.0,1.0,0.0,0.758021
0.36557104937842155,0.0,1.0,1.0,0.0,0.0,0.0,1.0,0.760695
0.6710418684332087,0.0,1.0,0.0,1.0,0.0,1.0,0.0,0.759358
0.12333564436271835,0.0,1.0,0.0,1.0,0.0,0.0,1.0,0.766043
0.878291683223044,0.5931309166049407,0.0,0.0,1.0,1.0,0.0,0.0,0.760695
0.09548076848026815,0.0,1.0,0.0,1.0,0.0,1.0,0.0,0.762032
0.5581507738240123,0.0,1.0,1.0,0.0,0.0,0.0,1.0,0.759358
0.1473529685383371,0.0,1.0,0.8,0.0,0.0,0.0,1.0,0.760695
0.6619946029682924,0.0,1.0,0.0,1.0,0.0,0.0,1.0,0.772727
0.6539326656757392,0.0,1.0,1.0,0.0,0.0,0.0,1.0,0.760695
0.35789677653514174,0.0,1.0,0.0,1.0,0.0,1.0,0.0,0.760695
0.02546644549712508,0.0,1.0,0.0,1.0,0.0,1.0,0.0,0.762032
0.6363788610252124,0.0,1.0,0.0,1.0,0.0,1.0,0.0,0.759358
0.6895052413646693,0.0,1.0,0.0,1.0,0.0,0.0,1.0,0.772727
0.008261934452046453,0.6208928130727829,0.0,0.0,1.0,1.0,0.0,0.0,0.778075
0.3661470007540071,0.34687404123990223,0.0,0.0,1.0,1.0,0.0,0.0,0.764706
0.5507794503669334,0.0,1.0,0.0,1.0,0.0,1.0,0.0,0.759358
0.6778966271512856,0.0,1.0,0.0,1.0,0.0,1.0,0.0,0.762032
0.5865757574554238,0.0,1.0,0.8,0.0,0.0,0.0,1.0,0.760695
0.18486250000418863,0.0,1.0,0.0,1.0,0.0,1.0,0.0,0.758021
0.027035995222222716,0.0,1.0,0.0,1.0,0.0,0.0,1.0,0.764706
0.27146223195050345,0.0,1.0,1.0,0.0,0.0,0.0,1.0,0.760695
0.1637229407880316,0.0,1.0,1.0,0.0,0.0,0.0,1.0,0.760695
0.5111069184220651,0.0,1.0,0.0,1.0,0.0,1.0,0.0,0.759358
0.5827496131387314,0.0,1.0,0.8,0.0,0.0,0.0,1.0,0.760695
0.10562225917511123,0.7805432903361113,0.0,0.0,1.0,1.0,0.0,0.0,0.768717
0.8058845856745172,0.0,1.0,0.4,0.0,0.0,0.0,1.0,0.762032
0.6274763609201419,0.0,1.0,0.8,0.0,0.0,0.0,1.0,0.760695
0.770983834547687,0.26328013657641486,0.0,0.0,1.0,1.0,0.0,0.0,0.77139
0.8042401356918596,0.0,1.0,0.0,1.0,0.0,1.0,0.0,0.759358
0.15406140662564258,0.0,1.0,0.0,1.0,0.0,0.0,1.0,0.764706
0.13855590306653057,0.0,1.0,0.0,1.0,0.0,1.0,0.0,0.762032
0.21878418671047287,0.0,1.0,0.0,1.0,0.0,1.0,0.0,0.758021
0.32975604720965146,0.0,1.0,0.0,1.0,0.0,0.0,1.0,0.763369
0.18823210541189625,0.0,1.0,0.0,1.0,0.0,1.0,0.0,0.758021
0.38958334381285536,0.0,1.0,0.0,1.0,0.0,1.0,0.0,0.759358
0.13144811447265814,0.5595596692739925,0.0,0.0,1.0,1.0,0.0,0.0,0.774064
0.5052799287536246,0.0,1.0,0.4,0.0,0.0,0.0,1.0,0.762032
0.25636384615638025,0.0,1.0,0.0,1.0,0.0,1.0,0.0,0.758021
0.3185036050710183,0.0,1.0,0.0,1.0,0.0,0.0,1.0,0.763369
0.7666251942272942,0.0,1.0,0.0,1.0,0.0,1.0,0.0,0.763369
0.0718872835231278,0.86101237104508,0.0,0.0,1.0,1.0,0.0,0.0,0.770053
0.8009832463426063,0.7506718420921056,0.0,0.0,1.0,1.0,0.0,0.0,0.762032
0.7389062168245216,0.0,1.0,1.0,0.0,0.0,0.0,1.0,0.760695
0.8605615577360913,0.0,1.0,0.0,1.0,0.0,1.0,0.0,0.760695
0.6139906448767051,0.0,1.0,0.0,1.0,0.0,1.0,0.0,0.760695
0.5926846603681739,0.26576427482584297,0.0,0.0,1.0,1.0,0.0,0.0,0.770053
0.05144493036473339,0.8421961463529247,0.0,0.0,1.0,1.0,0.0,0.0,0.770053
0.03198998208000027,0.949576508679727,0.0,0.0,1.0,1.0,0.0,0.0,0.770053
0.8142941466884908,0.0,1.0,1.0,0.0,0.0,0.0,1.0,0.763369
0.575281148716195,0.0,1.0,0.0,1.0,0.0,1.0,0.0,0.759358
0.5515717778484929,0.0,1.0,0.0,1.0,0.0,1.0,0.0,0.759358
0.3112826642598287,0.0,1.0,0.4,0.0,0.0,0.0,1.0,0.764706
0.4119149034147165,0.0,1.0,0.0,1.0,0.0,1.0,0.0,0.758021
0.328414142659272,0.6874387320082765,0.0,0.0,1.0,1.0,0.0,0.0,0.778075
0.07599220753857522,0.0,1.0,0.0,1.0,0.0,1.0,0.0,0.762032
0.5326325577901618,0.0,1.0,0.0,1.0,0.0,0.0,1.0,0.770053
0.18219850807254148,0.26539478477778267,0.0,0.0,1.0,1.0,0.0,0.0,0.763369
0.19736517288532504,0.0,1.0,0.0,1.0,0.0,1.0,0.0,0.760695
0.885834487375124,0.3557677591658349,0.0,0.0,1.0,1.0,0.0,0.0,0.775401
0.5593382455977026,0.0,1.0,0.0,1.0,0.0,1.0,0.0,0.762032
0.25008968545671156,0.0,1.0,1.0,0.0,0.0,0.0,1.0,0.760695
0.1311626604184012,0.0,1.0,0.0,1.0,0.0,0.0,1.0,0.766043
0.0926372576439428,0.0,1.0,1.0,0.0,0.0,0.0,1.0,0.760695
0.21594225349698445,0.0,1.0,1.0,0.0,0.0,0.0,1.0,0.760695
0.6543894309598527,0.0,1.0,0.0,1.0,0.0,0.0,1.0,0.772727
0.3805174796550658,0.25536026542507745,0.0,0.0,1.0,1.0,0.0,0.0,0.764706
0.9739022163715795,0.949651617671204,0.0,0.0,1.0,1.0,0.0,0.0,0.755348
0.9325184264428502,0.0,1.0,1.0,0.0,0.0,0.0,1.0,0.763369
0.12400168763895472,0.3228905455572009,0.0,0.0,1.0,1.0,0.0,0.0,0.763369
0.8092463454241224,0.0,1.0,0.8,0.0,0.0,0.0,1.0,0.760695
0.9938716354611061,0.0,1.0,0.0,1.0,0.0,1.0,0.0,0.762032
0.4357812632101238,0.0,1.0,0.8,0.0,0.0,0.0,1.0,0.762032
0.9828195667006863,0.0,1.0,0.8,0.0,0.0,0.0,1.0,0.762032
0.9671765902121849,0.0,1.0,0.0,1.0,0.0,1.0,0.0,0.762032
0.6066512237893243,0.274546540789042,0.0,0.0,1.0,1.0,0.0,0.0,0.770053
0.9605342563431332,0.3142008997260253,0.0,0.0,1.0,1.0,0.0,0.0,0.770053
0.24357009976546434,0.0,1.0,0.0,1.0,0.0,1.0,0.0,0.758021
0.368564022592906,0.2410865141311711,0.0,0.0,1.0,1.0,0.0,0.0,0.763369
0.7935092880452894,0.0,1.0,1.0,0.0,0.0,0.0,1.0,0.758021
0.28267413005653497,0.7594518029759043,0.0,0.0,1.0,1.0,0.0,0.0,0.768717
0.011312214918819036,0.0,1.0,0.0,1.0,0.0,0.0,1.0,0.766043
0.48740217190956625,0.5798659339542753,0.0,0.0,1.0,1.0,0.0,0.0,0.779412
0.794111444494973,0.2105375220366651,0.0,0.0,1.0,1.0,0.0,0.0,0.77139
0.8315619900341072,0.0,1.0,0.8,0.0,0.0,0.0,1.0,0.760695
0.1974534886244315,0.5834986987962415,0.0,0.0,1.0,1.0,0.0,0.0,0.772727
0.6865351777937659,0.0,1.0,0.0,1.0,0.0,1.0,0.0,0.759358
0.11776934894442485,0.3829371101489009,0.0,0.0,1.0,1.0,0.0,0.0,0.770053
0.07785263983468887,0.0,1.0,0.0,1.0,0.0,1.0,0.0,0.762032
0.5502365427253912,0.0,1.0,0.8,0.0,0.0,0.0,1.0,0.760695
0.060291494955111866,0.0,1.0,0.8,0.0,0.0,0.0,1.0,0.760695
0.08124465198214186,0.0,1.0,0.0,1.0,0.0,1.0,0.0,0.764706
0.4897225325930595,0.0,1.0,1.0,0.0,0.0,0.0,1.0,0.759358
0.5456731144844241,0.5643862186121299,0.0,0.0,1.0,1.0,0.0,0.0,0.775401
0.31001208931464397,0.29198979675709513,0.0,0.0,1.0,1.0,0.0,0.0,0.764706
0.6580612586100818,0.0,1.0,0.8,0.0,0.0,0.0,1.0,0.760695
0.7118595810366455,0.0,1.0,0.0,1.0,0.0,1.0,0.0,0.763369
0.3528100676685641,0.0,1.0,0.0,1.0,0.0,1.0,0.0,0.758021
0.6255580537008182,0.0,1.0,0.4,0.0,0.0,0.0,1.0,0.762032
0.3581270588727752,0.5888337551555856,0.0,0.0,1.0,1.0,0.0,0.0,0.770053
0.34678813637500283,0.0,1.0,1.0,0.0,0.0,0.0,1.0,0.760695
0.9597677874150603,0.0,1.0,0.0,1.0,0.0,1.0,0.0,0.755348
0.08185948074228785,0.8294809171848545,0.0,0.0,1.0,1.0,0.0,0.0,0.768717
0.6963778421631827,0.6680270601917844,0.0,0.0,1.0,1.0,0.0,0.0,0.763369
0.6820388275655209,0.24501019725292705,0.0,0.0,1.0,1.0,0.0,0.0,0.770053
0.20735672498134827,0.0,1.0,0.4,0.0,0.0,0.0,1.0,0.762032
0.4902174731846488,0.7095164668582626,0.0,0.0,1.0,1.0,0.0,0.0,0.77139
0.04740342869886378,0.8403404466822016,0.0,0.0,1.0,1.0,0.0,0.0,0.770053
0.10803007981494996,0.0,1.0,0.0,1.0,0.0,1.0,0.0,0.760695
0.10610897040910114,0.8045255936623955,0.0,0.0,1.0,1.0,0.0,0.0,0.768717
0.8344810543448286,0.0,1.0,0.8,0.0,0.0,0.0,1.0,0.760695
0.31579725100328854,0.0,1.0,0.0,1.0,0.0,1.0,0.0,0.762032
0.5603539070649657,0.0,1.0,0.0,1.0,0.0,1.0,0.0,0.759358
0.6378306671181657,0.0,1.0,0.0,1.0,0.0,1.0,0.0,0.759358
0.15305109782315135,0.8666154450816167,0.0,0.0,1.0,1.0,0.0,0.0,0.770053
0.29879201745041856,0.0,1.0,0.0,1.0,0.0,1.0,0.0,0.758021
0.24219674481997813,0.18053291678846514,0.0,0.0,1.0,1.0,0.0,0.0,0.76738
0.9834415486563896,0.5732588434451842,0.0,0.0,1.0,1.0,0.0,0.0,0.762032
0.0613447969150193,0.0,1.0,0.0,1.0,0.0,1.0,0.0,0.760695
0.8389074840691,0.0,1.0,0.0,1.0,0.0,1.0,0.0,0.760695
0.6523695542367463,0.2890564306821917,0.0,0.0,1.0,1.0,0.0,0.0,0.768717
0.46538080977396445,0.0,1.0,0.4,0.0,0.0,0.0,1.0,0.766043
0.5415110591561795,0.0,1.0,1.0,0.0,0.0,0.0,1.0,0.759358
0.7252033865161083,0.0,1.0,0.0,1.0,0.0,1.0,0.0,0.763369
0.6705695916073701,0.0,1.0,0.0,1.0,0.0,1.0,0.0,0.760695
0.6322517659558441,0.0,1.0,0.0,1.0,0.0,1.0,0.0,0.759358
0.4349961066452028,0.715056348846294,0.0,0.0,1.0,1.0,0.0,0.0,0.768717
0.4137390021699237,0.0,1.0,0.0,1.0,0.0,1.0,0.0,0.758021
0.09557353584393759,0.0,1.0,0.8,0.0,0.0,0.0,1.0,0.760695
0.7663224051185762,0.0,1.0,0.0,1.0,0.0,1.0,0.0,0.762032
0.031812006981217306,0.8258750208146952,0.0,0.0,1.0,1.0,0.0,0.0,0.770053
0.8417022652322461,0.324942389604229,0.0,0.0,1.0,1.0,0.0,0.0,0.772727
0.7854038127103989,0.0,1.0,0.4,0.0,0.0,0.0,1.0,0.762032
0.3955663070377002,0.6648925665270191,0.0,0.0,1.0,1.0,0.0,0.0,0.776738
0.8509919237711187,0.0,1.0,1.0,0.0,0.0,0.0,1.0,0.759358
0.4400315995420484,0.0,1.0,1.0,0.0,0.0,0.0,1.0,0.759358
0.4966166720865311,0.2982279705004122,0.0,0.0,1.0,1.0,0.0,0.0,0.766043
0.8010478372694154,0.5238681037430117,0.0,0.0,1.0,1.0,0.0,0.0,0.76738
0.1894226707114133,0.17874195033749093,0.0,0.0,1.0,1.0,0.0,0.0,0.768717
0.6137408754457705,0.0,1.0,0.8,0.0,0.0,0.0,1.0,0.760695
0.38475458250126904,0.9658535660032028,0.0,0.0,1.0,1.0,0.0,0.0,0.770053
0.4089886365518362,0.0,1.0,0.0,1.0,0.0,1.0,0.0,0.758021
0.6567310007360623,0.0,1.0,1.0,0.0,0.0,0.0,1.0,0.760695
0.984642803690073,0.0,1.0,0.0,1.0,0.0,1.0,0.0,0.758021
0.2704594664596481,0.0,1.0,0.0,1.0,0.0,1.0,0.0,0.758021
0.9486941020071157,0.0,1.0,0.8,0.0,0.0,0.0,1.0,0.760695
0.18915077992543747,0.0,1.0,0.4,0.0,0.0,0.0,1.0,0.762032
0.3958874226199604,0.495097804459685,0.0,0.0,1.0,1.0,0.0,0.0,0.772727
0.3842593612011012,0.0,1.0,0.8,0.0,0.0,0.0,1.0,0.760695
0.4467893119456981,0.6816615772491157,0.0,0.0,1.0,1.0,0.0,0.0,0.775401
0.6219721717465467,0.0,1.0,0.0,1.0,0.0,1.0,0.0,0.759358
0.7827836346703694,0.7036698738775807,0.0,0.0,1.0,1.0,0.0,0.0,0.762032
