x0,x1,x2,x3,x4,x5,x6,x7,x8,x9,x10,x11,x12,x13,x14,x15,accuracy
0.147503932032723,0.0,1.0,0.0,1.0,0.9504519272621967,0.0,1.0,0.0,1.0,0.40845320726319245,0.006478961297042967,0.7922,0.0,0.0,1.0,0.974687
0.08791637338578502,0.0,1.0,0.0,1.0,0.18772350876415214,0.0,1.0,0.0,1.0,0.026848672865793368,0.6267441398050537,0.106,0.0,0.0,1.0,0.94968
0.06668714316769457,0.5333333333333333,0.0,0.8905890542533285,0.0,0.6827685048118302,0.5830479700124399,0.0,0.769488255438633,0.0,0.2588171008790702,0.2003420622815467,0.5232,0.0,1.0,0.0,0.931686
0.32218367838568945,0.3333333333333333,0.0,0.6779259723741241,0.0,0.7529684974851528,0.8724608908249509,0.0,0.09850204493845978,0.0,0.40683902247587295,0.7383596061572355,0.4704,0.0,1.0,0.0,0.946325
0.38629712731172355,0.0,1.0,0.0,1.0,0.6280728188963219,0.0,1.0,0.0,1.0,0.6946422845950664,0.41173881965406256,0.3958,0.0,0.0,1.0,0.956389
0.04054076136779332,0.0,1.0,0.0,1.0,0.6473639377725643,0.0,1.0,0.0,1.0,0.7123389548897158,0.4139810739154518,0.0326,0.0,0.0,1.0,0.936566
0.868785187616079,0.0,1.0,0.0,1.0,0.49972333613594827,0.0,1.0,0.0,1.0,0.8007687401469648,0.796392986243221,0.644,0.0,0.0,1.0,0.915218
0.9467572014852785,0.06666666666666667,0.0,0.749213331794218,0.0,0.9543141610723729,0.036837689665564444,0.0,0.42751047248780116,0.0,0.7760920935653791,0.845272648831835,0.5402,0.0,1.0,0.0,0.862763
0.00610518154818234,0.0,1.0,0.0,1.0,0.7501344114001541,0.0,1.0,0.0,1.0,0.677651407517656,0.5010190978776238,0.2664,0.0,0.0,1.0,0.955474
0.8570335175449023,0.6666666666666666,0.0,0.7966442590005571,0.0,0.2535444044778838,0.32390715840183143,0.0,0.054251445964130646,0.0,0.8458622479182434,0.17601281012713366,0.776,0.0,1.0,0.0,0.94602
0.7183632158275487,0.3333333333333333,0.0,0.7533367741093121,0.0,0.28365557686133414,0.38720619498606734,0.0,0.41379049826875935,0.0,0.9518422737305943,0.6789412984335303,0.547,0.0,1.0,0.0,0.941751
0.29009365657986225,0.3333333333333333,0.0,0.6677703718215221,0.0,0.783047556107027,0.1767127575660704,0.0,0.012602125473493814,0.0,0.9003565090442703,0.8377165356820351,0.2946,0.0,1.0,0.0,0.860018
0.9774531370252604,0.7333333333333333,0.0,0.8966959623484048,0.0,0.49649587271211093,0.6069951570209186,0.0,0.7743196277805082,0.0,0.8307976770682186,0.749396033923064,0.1844,0.0,1.0,0.0,0.921317
0.5220399228747522,0.0,1.0,0.0,1.0,0.4432459163368181,0.0,1.0,0.0,1.0,0.2558872104473809,0.8817227383312145,0.658,0.0,0.0,1.0,0.915218
0.7145419962247916,1.0,0.0,0.7517459459100596,0.0,0.47779356472908574,0.21492076781725306,0.0,0.11456914295770189,0.0,0.4971848010223852,0.3840423227100603,0.9732,0.0,1.0,0.0,0.964623
0.24193219286064627,0.0,1.0,0.0,1.0,0.25678017510781115,0.0,1.0,0.0,1.0,0.05191526210165635,0.1240290976258288,0.4742,0.0,0.0,1.0,0.967368
0.12567385721985525,0.0,1.0,0.0,1.0,0.7739150964523237,0.0,1.0,0.0,1.0,0.2812922430876017,0.053176954059910506,0.5074,0.0,0.0,1.0,0.970113
0.18562626152684503,0.8,0.0,0.9334910604108341,0.0,0.9367475362678507,0.3093567756603603,0.0,0.2906885304554455,0.0,0.9990325505063223,0.416125264614398,0.4652,0.0,1.0,0.0,0.860018
0.7809089821654223,0.7333333333333333,0.0,0.9552296232473454,0.0,0.5270195375302892,0.3402512273460835,0.0,0.07650428718186579,0.0,0.4154612061893305,0.6076503064100574,0.1658,0.0,1.0,0.0,0.919183
0.007948790956170251,0.0,1.0,0.0,1.0,0.602518834063513,0.0,1.0,0.0,1.0,0.6190316694960905,0.19365497721289957,0.6914,0.0,0.0,1.0,0.966453
0.4645402622270221,0.0,1.0,0.0,1.0,0.5676283007222224,0.0,1.0,0.0,1.0,0.7889289191821243,0.03140591593479797,0.3506,0.0,0.0,1.0,0.94663
0.8879647497652631,0.0,1.0,0.9063486405683046,0.0,0.40869996580168355,0.3020370648298571,0.0,0.9672447755871293,0.0,0.7307560798528275,0.05795789534999654,0.1602,0.0,1.0,0.0,0.929857
0.40529208022759655,0.0,1.0,0.0,1.0,0.5983075709335111,0.0,1.0,0.0,1.0,0.5702519349923683,0.7142125735026754,0.3878,0.0,0.0,1.0,0.9448
0.10131584582675135,0.5333333333333333,0.0,0.9036138020204909,0.0,0.029088224869630617,0.7029914906220714,0.0,0.7163021891514811,0.0,0.9428582405241724,0.09458203944883135,0.1432,0.0,1.0,0.0,0.860018
0.21814293872826307,0.0,1.0,0.0,1.0,0.3477404858360072,0.0,1.0,0.0,1.0,0.3249473371927531,0.07617855389246507,0.7174,0.0,0.0,1.0,0.971638
0.18043240411908312,0.8,0.0,0.8338398233932547,0.0,0.5676715988731849,0.03280380340508414,0.0,0.9773551093729196,0.0,0.7545739141400186,0.2326215317551131,0.0402,0.0,1.0,0.0,0.860018
0.25483804307764557,0.0,1.0,0.0,1.0,0.394372470320059,0.0,1.0,0.0,1.0,0.26077730275435507,0.2787201804764899,0.285,0.0,0.0,1.0,0.971638
0.9490755623888287,0.3333333333333333,0.0,0.672175304224996,0.0,0.5828755895832761,0.20567451953212268,0.0,0.5219946921384133,0.0,0.03359280607957092,0.7935465336697486,0.0906,0.0,1.0,0.0,0.922537
0.8289282728555777,0.8,0.0,0.891222400827387,0.0,0.4779038108862989,0.5949075013190678,0.0,0.7595380593111664,0.0,0.03799294000769128,0.6277979590655007,0.9118,0.0,1.0,0.0,0.937481
0.602912683834253,0.0,1.0,0.0,1.0,0.3801295109867795,0.0,1.0,0.0,1.0,0.7633168665105995,0.7393557655063956,0.118,0.0,0.0,1.0,0.921317
0.059730244090234356,0.0,1.0,0.0,1.0,0.9710409587278237,0.0,1.0,0.0,1.0,0.2944510070429739,0.7857580750807457,0.4808,0.0,0.0,1.0,0.913083
0.1982240991591153,0.8,0.0,0.9465216664186357,0.0,0.8451865766798471,0.9893816087102042,0.0,0.0417558949901004,0.0,0.7036284389752278,0.2361945248121331,0.7262,0.0,1.0,0.0,0.897835
0.7424979705988304,0.8,0.0,0.7815644279917269,0.0,0.319739771290551,0.65668572885868,0.0,0.4872169595137789,0.0,0.03715048435716758,0.38297404982640093,0.2032,0.0,1.0,0.0,0.961574
0.8311138710573388,0.0,1.0,0.0,1.0,0.47673160026275535,0.0,1.0,0.0,1.0,0.37311163868649927,0.4061056766200167,0.8642,0.0,0.0,1.0,0.972248
0.4828862778000912,0.2,0.0,0.6581970982708473,0.0,0.7399972240641256,0.969859746902503,0.0,0.970546825305779,0.0,0.5296616374558912,0.3509372723218152,0.8098,0.0,1.0,0.0,0.974992
0.4499724795977789,0.6,0.0,0.7858109551263779,0.0,0.40185290310917,0.4994585749475859,0.0,0.45453248052986645,0.0,0.036464410317073995,0.020929027624231128,0.0508,0.0,1.0,0.0,0.956389
0.10557571757779997,0.8,0.0,0.8028987615404305,0.0,0.9189923773744704,0.12174940982535412,0.0,0.6005415841941781,0.0,0.8211825713735047,0.5595617497608179,0.3972,0.0,1.0,0.0,0.899055
0.9649309976690486,0.0,1.0,0.0,1.0,0.7431281671505534,0.0,1.0,0.0,1.0,0.2215492996956631,0.3758647908928469,0.1944,0.0,0.0,1.0,0.971943
0.5955431145286335,0.0,1.0,0.0,1.0,0.28225269842248074,0.0,1.0,0.0,1.0,0.9578133858866759,0.04551074924377855,0.801,0.0,0.0,1.0,0.919183
0.5016044847208943,0.6666666666666666,0.0,0.9944044813530145,0.0,0.7072804836146456,0.4218222864468227,0.0,0.4730002033413022,0.0,0.8408151387438626,0.42975270456032716,0.737,0.0,1.0,0.0,0.860018
0.8282169729498208,0.0,1.0,0.0,1.0,0.9896517691619878,0.0,1.0,0.0,1.0,0.14788705704695704,0.7697868978098656,0.65,0.0,0.0,1.0,0.924977
0.5835183328827275,0.0,1.0,0.0,1.0,0.5355407085446637,0.0,1.0,0.0,1.0,0.5101528493392173,0.7133284231062326,0.9644,0.0,0.0,1.0,0.94358
0.367133571567046,0.0,1.0,0.0,1.0,0.9745421296673823,0.0,1.0,0.0,1.0,0.12820957661436266,0.028687316273109047,0.3056,0.0,0.0,1.0,0.967978
0.3739247263283118,0.0,1.0,0.0,1.0,0.589615545477838,0.0,1.0,0.0,1.0,0.0691122371422315,0.3276692043896861,0.6792,0.0,0.0,1.0,0.971638
0.42044732310236943,0.13333333333333333,0.0,0.8383398490628708,0.0,0.9385609443142735,0.38088127209413186,0.0,0.38003868985002354,0.0,0.0050798133505790795,0.09976029487432071,0.8316,0.0,1.0,0.0,0.958829
0.7046966808984861,0.0,1.0,0.0,1.0,0.8036770127314097,0.0,1.0,0.0,1.0,0.6684455212954405,0.9562910415439497,0.7584,0.0,0.0,1.0,0.911558
0.20777642190107318,0.6,0.0,0.7988562942631489,0.0,0.7876713505557589,0.8276600020097364,0.0,0.20701088393082734,0.0,0.053064875664888066,0.4854633093585244,0.1242,0.0,1.0,0.0,0.956999
0.10729570351794591,0.0,1.0,0.0,1.0,0.9648250634812645,0.0,1.0,0.0,1.0,0.6094746591991724,0.74549582501841,0.5632,0.0,0.0,1.0,0.929247
0.8631436306797988,0.0,1.0,0.0,1.0,0.13526624653960276,0.0,1.0,0.0,1.0,0.12578238433100997,0.18958521604895776,0.353,0.0,0.0,1.0,0.966148
0.455775339004077,0.0,1.0,0.0,1.0,0.08783479952726796,0.0,1.0,0.0,1.0,0.39623126185478025,0.27916141154181257,0.8052,0.0,0.0,1.0,0.974077
0.06320988965871353,0.0,1.0,0.0,1.0,0.8171009234085679,0.0,1.0,0.0,1.0,0.0664791764552109,0.7646543344337666,0.7782,0.0,0.0,1.0,0.922537
0.7981348055859743,0.0,1.0,0.0,1.0,0.7423378945184856,0.0,1.0,0.0,1.0,0.5961328438056499,0.12528452036739715,0.5162,0.0,0.0,1.0,0.968283
0.741813967427316,0.0,1.0,0.0,1.0,0.6087572333679161,0.0,1.0,0.0,1.0,0.6548410405554379,0.6587210199061134,0.5668,0.0,0.0,1.0,0.947545
0.1102056863038829,0.0,1.0,0.0,1.0,0.11639871042078748,0.0,1.0,0.0,1.0,0.3208644088764458,0.48209066334975387,0.4512,0.0,0.0,1.0,0.969503
0.7143801865796903,0.4666666666666667,0.0,0.8238234442503942,0.0,0.5765436360690043,0.6708094573862535,0.0,0.6210213171660732,0.0,0.07055177013257924,0.09153055089065698,0.0542,0.0,1.0,0.0,0.960049
0.380045015080389,0.4666666666666667,0.0,0.7374217708319933,0.0,0.320883180044985,0.8484425768523357,0.0,0.21517187734611157,0.0,0.4831681878948142,0.03329442939855009,0.402,0.0,1.0,0.0,0.966453
0.37262902327995967,0.0,1.0,0.0,1.0,0.2601229770960705,0.0,1.0,0.0,1.0,0.14415399399806386,0.04088402747175728,0.7826,0.0,0.0,1.0,0.966148
0.06604974434282908,0.26666666666666666,0.0,0.6724090944499833,0.0,0.4577060626115311,0.7613491554247827,0.0,0.4154585209930923,0.0,0.8319813555541188,0.476658882483551,0.118,0.0,1.0,0.0,0.926807
0.8679106882686127,0.7333333333333333,0.0,0.8642297275401193,0.0,0.76624650910084,0.5108032464461622,0.0,0.37857054454627304,0.0,0.9740132205844149,0.455276880367148,0.1456,0.0,1.0,0.0,0.945105
0.7895656791984553,0.8666666666666667,0.0,0.6640933234411406,0.0,0.6405063531157253,0.06014387249809637,0.0,0.5702495176894801,0.0,0.8044409172307515,0.5431188182362937,0.6696,0.0,1.0,0.0,0.972553
0.7861986808946663,0.8666666666666667,0.0,0.6736083743548095,0.0,0.27800750213215814,0.7795352872174734,0.0,0.8866254550925792,0.0,0.2416255156537829,0.37904668328866464,0.7268,0.0,1.0,0.0,0.971333
0.031635515295006765,0.6,0.0,0.85647190021291,0.0,0.4392058028871216,0.49880873738287845,0.0,0.7551656675094104,0.0,0.8765564223331775,0.5585088028969685,0.091,0.0,1.0,0.0,0.874962
0.031756497801578125,0.13333333333333333,0.0,0.707679933604003,0.0,0.5842739006653651,0.5129900405683823,0.0,0.1703520734153199,0.0,0.7132471899734697,0.10638457302571411,0.4332,0.0,1.0,0.0,0.909119
0.8357699817441175,0.0,1.0,0.0,1.0,0.3116816412147566,0.0,1.0,0.0,1.0,0.6294234992027149,0.5480135389371478,0.2442,0.0,0.0,1.0,0.960049
0.7102186125030584,0.0,1.0,0.0,1.0,0.9025182514554327,0.0,1.0,0.0,1.0,0.17088260818860695,0.5642853631578353,0.0932,0.0,0.0,1.0,0.965538
0.007671889231490351,0.06666666666666667,0.0,0.7384161508416677,0.0,0.015554042888719966,0.6356383437456611,0.0,0.18018872606768402,0.0,0.8550884168380438,0.803491830784024,0.1504,0.0,1.0,0.0,0.860018
0.6725704613464157,0.6,0.0,0.9523785980616422,0.0,0.7621378168452001,0.7421880445759691,0.0,0.9737209842746304,0.0,0.7903755349957691,0.32999894189687773,0.2272,0.0,1.0,0.0,0.926502
0.49108960697636866,0.0,1.0,0.0,1.0,0.7309671722969496,0.0,1.0,0.0,1.0,0.4766114148423295,0.7819447502731566,0.1372,0.0,0.0,1.0,0.922537
0.4990202148046601,0.0,1.0,0.0,1.0,0.43690009287581205,0.0,1.0,0.0,1.0,0.39698050052757866,0.22093596111809768,0.1832,0.0,0.0,1.0,0.974382
0.4892808181967971,0.0,1.0,0.0,1.0,0.22382685088662493,0.0,1.0,0.0,1.0,0.7075759806371927,0.6138202677725134,0.947,0.0,0.0,1.0,0.945105
0.43532273502891544,0.0,1.0,0.0,1.0,0.3538881391936924,0.0,1.0,0.0,1.0,0.7391648724549685,0.3203181645358438,0.9458,0.0,0.0,1.0,0.951205
0.7136348465852658,0.26666666666666666,0.0,0.9714806992825784,0.0,0.6361701391563478,0.8877582816672279,0.0,0.3149125593899902,0.0,0.04316173427612113,0.4156130488148805,0.7134,0.0,1.0,0.0,0.919183
0.05679293363389466,0.4666666666666667,0.0,0.6980983256616314,0.0,0.6600738327005079,0.7963436178216118,0.0,0.5359408610850603,0.0,0.5444901439896328,0.7860482637126042,0.0506,0.0,1.0,0.0,0.928942
0.6350104061117864,0.7333333333333333,0.0,0.6756523854204656,0.0,0.3352513174578541,0.5392121234477139,0.0,0.807772708104959,0.0,0.3043552655282144,0.5497919879880313,0.045,0.0,1.0,0.0,0.972248
0.8669886217953341,0.0,1.0,0.0,1.0,0.622780994269394,0.0,1.0,0.0,1.0,0.9675441383892177,0.46128616090176605,0.8578,0.0,0.0,1.0,0.917963
0.9933539772692782,0.0,1.0,0.0,1.0,0.4408239666767327,0.0,1.0,0.0,1.0,0.9100704964151055,0.8743319356972897,0.986,0.0,0.0,1.0,0.915523
0.3680441593686986,0.0,1.0,0.0,1.0,0.5890101867642061,0.0,1.0,0.0,1.0,0.6162257639452213,0.6275070217511022,0.1606,0.0,0.0,1.0,0.948765
0.36135892820920984,0.0,1.0,0.0,1.0,0.705099099028946,0.0,1.0,0.0,1.0,0.20382355937784874,0.14191548405524532,0.473,0.0,0.0,1.0,0.969503
0.39944914315109387,0.06666666666666667,0.0,0.7946815040114292,0.0,0.6683242241412141,0.9924385640378683,0.0,0.6996638807704386,0.0,0.495424363735102,0.5224706292774631,0.31,0.0,1.0,0.0,0.954254
0.0044770711264643555,0.0,1.0,0.0,1.0,0.3008076390655001,0.0,1.0,0.0,1.0,0.9843999810736106,0.892867900398612,0.1986,0.0,0.0,1.0,0.860018
0.3369311063574995,0.0,1.0,0.0,1.0,0.23098006734957824,0.0,1.0,0.0,1.0,0.7619603713405189,0.8718016998757897,0.7632,0.0,0.0,1.0,0.915218
0.9167706405364932,0.6,0.0,0.9303485468523174,0.0,0.5214721539716022,0.27578213114165434,0.0,0.03259736830184798,0.0,0.8048268682076827,0.06303728153443364,0.8004,0.0,1.0,0.0,0.925282
0.6739072489784712,0.5333333333333333,0.0,0.6745068942139671,0.0,0.3445241194871809,0.990306618977901,0.0,0.9760357021401991,0.0,0.4071314902482924,0.8891184788346546,0.1082,0.0,1.0,0.0,0.939311
0.24379986821427724,0.8666666666666667,0.0,0.7914090093717926,0.0,0.8779478029886325,0.25554882227042214,0.0,0.029398170288519043,0.0,0.6454214686846482,0.9281261020515736,0.1998,0.0,1.0,0.0,0.860018
0.3277015926307915,0.0,1.0,0.0,1.0,0.809097374596576,0.0,1.0,0.0,1.0,0.6708814190171959,0.0697821595747777,0.5636,0.0,0.0,1.0,0.961574
0.3229310055779279,0.0,1.0,0.0,1.0,0.7567157310450069,0.0,1.0,0.0,1.0,0.9794943632976848,0.6928770368955445,0.5002,0.0,0.0,1.0,0.915523
0.10927634928599002,0.0,1.0,0.0,1.0,0.9218492771922993,0.0,1.0,0.0,1.0,0.018588824996056796,0.01509019150215998,0.368,0.0,0.0,1.0,0.967063
0.3023134058860249,0.6666666666666666,0.0,0.7135785166509494,0.0,0.44108167354212424,0.3172252511631117,0.0,0.1299493313234813,0.0,0.43381131957383623,0.2459057178205097,0.0454,0.0,1.0,0.0,0.9509
0.5185915755814433,0.4666666666666667,0.0,0.7124838629944019,0.0,0.30411564289902715,0.7673591362716288,0.0,0.6378241907902433,0.0,0.8191506131843,0.8381021534746288,0.4818,0.0,1.0,0.0,0.892345
0.07634090807419644,0.3333333333333333,0.0,0.7898298395959441,0.0,0.7403977623459332,0.4429087551955281,0.0,0.45997438203064833,0.0,0.2626297807871387,0.9502963166317643,0.7446,0.0,1.0,0.0,0.860628
0.5861801715044608,0.0,1.0,0.0,1.0,0.35057522316982764,0.0,1.0,0.0,1.0,0.19008937863059266,0.1965550282108125,0.144,0.0,0.0,1.0,0.967978
0.6246208859434569,0.0,1.0,0.6901204990913693,0.0,0.1581940140387095,0.5785435212767105,0.0,0.8382373160713693,0.0,0.22045755951130336,0.2669580802544242,0.2704,0.0,1.0,0.0,0.973468
0.8947523665482163,0.4666666666666667,0.0,0.7277978753672387,0.0,0.9578778954395103,0.0162847233243601,0.0,0.07807319310242626,0.0,0.6695698385234722,0.281330657108935,0.7938,0.0,1.0,0.0,0.957609
0.8993903654490089,0.0,1.0,0.0,1.0,0.7513995335997636,0.0,1.0,0.0,1.0,0.109335749316297,0.06191865883945614,0.279,0.0,0.0,1.0,0.964623
0.6658002412843151,0.3333333333333333,0.0,0.6793636882617045,0.0,0.6142920785823026,0.8592552875604436,0.0,0.6457219389565386,0.0,0.2416816567326211,0.561450059005226,0.421,0.0,1.0,0.0,0.975297
0.9210910659336746,0.3333333333333333,0.0,0.9010602501672105,0.0,0.07033405190549623,0.7563661502041993,0.0,0.596367728452253,0.0,0.1262435702769133,0.49294633192667675,0.9104,0.0,1.0,0.0,0.860018
0.33953779529987943,0.0,1.0,0.0,1.0,0.5678998221188243,0.0,1.0,0.0,1.0,0.06905300653979392,0.6976603235117218,0.5656,0.0,0.0,1.0,0.94846
0.020881774077648223,0.0,1.0,0.0,1.0,0.1385940847066343,0.0,1.0,0.0,1.0,0.17457014610664226,0.26927971166467013,0.243,0.0,0.0,1.0,0.967978
0.23701178262344647,0.0,1.0,0.0,1.0,0.7370152274272855,0.0,1.0,0.0,1.0,0.3748550370275064,0.7616158515163081,0.7998,0.0,0.0,1.0,0.931991
0.38736135843602015,0.3333333333333333,0.0,0.9090928824792419,0.0,0.24947440436527957,0.3367188814249406,0.0,0.19394185268943065,0.0,0.6592042147788519,0.607721573938965,0.2312,0.0,1.0,0.0,0.860018
0.34576958001039837,0.0,1.0,0.0,1.0,0.49583776424101383,0.0,1.0,0.0,1.0,0.06745027081119391,0.7539630379255781,0.4312,0.0,0.0,1.0,0.935346
0.0861903851722594,0.0,1.0,0.0,1.0,0.4920540425857969,0.0,1.0,0.0,1.0,0.35204280106262514,0.6984755419863696,0.0138,0.0,0.0,1.0,0.901494
0.0753465164717379,0.0,1.0,0.0,1.0,0.9938371013195411,0.0,1.0,0.0,1.0,0.1576892108649559,0.008272906504852125,0.5566,0.0,0.0,1.0,0.969198
0.8657021854071755,0.3333333333333333,0.0,0.9388335043376558,0.0,0.7988424057563223,0.2598063966733948,0.0,0.48386254363950176,0.0,0.8496446979540423,0.2371422771478956,0.261,0.0,1.0,0.0,0.922842
0.2850049844980032,0.7333333333333333,0.0,0.7056542816198172,0.0,0.844571509306192,0.3863150784063664,0.0,0.4887324398807918,0.0,0.7048464208115498,0.9718487613576526,0.456,0.0,1.0,0.0,0.888686
0.7474341788850218,0.0,1.0,0.0,1.0,0.1391471032254302,0.0,1.0,0.0,1.0,0.02642951503524003,0.30278257618967963,0.0812,0.0,0.0,1.0,0.969503
0.3889375430003152,0.0,1.0,0.0,1.0,0.9287538914672456,0.0,1.0,0.0,1.0,0.8223940401695591,0.10800808912101871,0.0902,0.0,0.0,1.0,0.942056
0.7166027587381798,0.0,1.0,0.0,1.0,0.813871766085848,0.0,1.0,0.0,1.0,0.0911237883665439,0.15805281419206146,0.353,0.0,0.0,1.0,0.965538
0.8415531429262021,0.9333333333333333,0.0,0.8642310294688935,0.0,0.2284703010818582,0.35898107053893863,0.0,0.2596319903039094,0.0,0.22863835209458244,0.4417456593698741,0.9078,0.0,1.0,0.0,0.936261
0.05600100758584046,0.0,1.0,0.0,1.0,0.7655266269897951,0.0,1.0,0.0,1.0,0.7896386087775448,0.6983350062598997,0.218,0.0,0.0,1.0,0.905154
0.23267599457123805,0.5333333333333333,0.0,0.9097274207272166,0.0,0.9691559896820717,0.9251530513303815,0.0,0.9893517912631941,0.0,0.3972010184945493,0.7357748473284347,0.8696,0.0,1.0,0.0,0.935041
0.0980944198405023,0.0,1.0,0.0,1.0,0.47817237430470155,0.0,1.0,0.0,1.0,0.8738648430491502,0.21360387724334995,0.6442,0.0,0.0,1.0,0.931991
0.9108877829448111,0.13333333333333333,0.0,0.7261174148531452,0.0,0.2217651137715609,0.45935222223216315,0.0,0.12133023259374492,0.0,0.9263916891448882,0.38727109193878473,1.0,0.0,1.0,0.0,0.956999
0.15222571184717967,0.0,1.0,0.0,1.0,0.595453196014579,0.0,1.0,0.0,1.0,0.22258945018805407,0.3837456667483246,0.553,0.0,0.0,1.0,0.972248
0.4205789712438956,0.9333333333333333,0.0,0.6629266532701613,0.0,0.21239455503326973,0.20320084656917936,0.0,0.8324679029840553,0.0,0.8161484610892026,0.17333324829416763,0.8654,0.0,1.0,0.0,0.963708
0.5489069247437331,0.0,1.0,0.0,1.0,0.11507565524955456,0.0,1.0,0.0,1.0,0.882488355039738,0.4978858590574261,0.4558,0.0,0.0,1.0,0.925587
0.22676378913738493,0.06666666666666667,0.0,0.8696921259197238,0.0,0.45120296337520555,0.8794640621123351,0.0,0.9594129138222746,0.0,0.839258606933633,0.3275156458143969,0.1202,0.0,1.0,0.0,0.886856
0.02494078227750935,0.06666666666666667,0.0,0.6814380566980894,0.0,0.4012459725039431,0.5094512864937917,0.0,0.8777066680582234,0.0,0.520369560107896,0.41877332629732966,0.3174,0.0,1.0,0.0,0.920098
0.3613497171889553,0.0,1.0,0.0,1.0,0.3854661835366229,0.0,1.0,0.0,1.0,0.5128024631565591,0.14441559268681645,0.5896,0.0,0.0,1.0,0.970113
0.22634643099779125,0.0,1.0,0.0,1.0,0.4759356002733406,0.0,1.0,0.0,1.0,0.9605080930104644,0.6606393426681706,0.9704,0.0,0.0,1.0,0.916438
0.07413217737583584,0.06666666666666667,0.0,0.7089606423752534,0.0,0.9718450125952199,0.12132238144160863,0.0,0.8146714810529404,0.0,0.6801977290332974,0.2987613009543792,0.4916,0.0,1.0,0.0,0.909729
0.16076823572028714,0.0,1.0,0.9914563213385754,0.0,0.8357677708117996,0.8498697554220851,0.0,0.26488453036368703,0.0,0.8593495069280904,0.18569093480736307,0.6772,0.0,1.0,0.0,0.860018
0.644468130317367,0.6666666666666666,0.0,0.9602300510598467,0.0,0.44132696616604783,0.7482360047102792,0.0,0.8612490589685505,0.0,0.17795384015317747,0.04403279894794527,0.4884,0.0,1.0,0.0,0.917658
0.16490271829973308,0.0,1.0,0.0,1.0,0.39246041356101363,0.0,1.0,0.0,1.0,0.6610703370023875,0.1868630791797815,0.067,0.0,0.0,1.0,0.958219
0.6285210280737715,0.7333333333333333,0.0,0.9125434861794672,0.0,0.25215941570676625,0.3975684671304976,0.0,0.6426202537486806,0.0,0.2585389837966227,0.5361151161609355,0.9384,0.0,1.0,0.0,0.924062
0.03703629608860046,0.06666666666666667,0.0,0.9884850956780761,0.0,0.09107513844531277,0.8762374152863714,0.0,0.374626134835813,0.0,0.9408225462697626,0.7236156987625215,0.0576,0.0,1.0,0.0,0.860018
0.9326158750527485,1.0,0.0,0.7123492747509713,0.0,0.10747735154629838,0.21892969366578272,0.0,0.3278793792215135,0.0,0.648765126458819,0.493281923265952,0.9244,0.0,1.0,0.0,0.962489
0.019276321449542402,0.06666666666666667,0.0,0.666183666686381,0.0,0.25480452973400186,0.8682267964531559,0.0,0.437071451174473,0.0,0.08964903005291074,0.07417994910494834,0.0594,0.0,1.0,0.0,0.907289
0.3079453443910732,0.0,1.0,0.0,1.0,0.3978544565450666,0.0,1.0,0.0,1.0,0.489688483158443,0.5308025807039523,0.7074,0.0,0.0,1.0,0.967368
0.3241010766838296,0.7333333333333333,0.0,0.9689549236843384,0.0,0.015533233893948168,0.39557602362681227,0.0,0.8377204269782385,0.0,0.21452386453414624,0.30076876439928213,0.2982,0.0,1.0,0.0,0.860018
0.021536834406964713,0.06666666666666667,0.0,0.9239139908438022,0.0,0.6599876471254038,0.2690387750619801,0.0,0.841861465366603,0.0,0.9680980625165178,0.6966003672135395,0.6374,0.0,1.0,0.0,0.860018
0.6070895846605366,0.0,1.0,0.0,1.0,0.3750509688352569,0.0,1.0,0.0,1.0,0.24108258855385162,0.053576843887657884,0.9736,0.0,0.0,1.0,0.967978
0.16353589332132712,0.0,1.0,0.0,1.0,0.3518682491810918,0.0,1.0,0.0,1.0,0.10958253329090802,0.5433580251559144,0.8488,0.0,0.0,1.0,0.968588
0.9620335445124951,0.0,1.0,0.0,1.0,0.056642281913058465,0.0,1.0,0.0,1.0,0.08970531860356887,0.9039900904891297,0.1242,0.0,0.0,1.0,0.915218
0.018241779211206077,0.0,1.0,0.0,1.0,0.5785262614703982,0.0,1.0,0.0,1.0,0.6352069785099939,0.3762361871384141,0.4128,0.0,0.0,1.0,0.962489
0.33966525974496353,0.4666666666666667,0.0,0.828594659931353,0.0,0.31604549890536954,0.6959046885315703,0.0,0.23965453022636404,0.0,0.8803792894180993,0.7554533277930255,0.1404,0.0,1.0,0.0,0.860018
0.9369962636944839,0.0,1.0,0.0,1.0,0.6971045596634602,0.0,1.0,0.0,1.0,0.648009791477174,0.8837369579249005,0.788,0.0,0.0,1.0,0.915218
0.15470009389610148,0.0,1.0,0.0,1.0,0.5773061958168517,0.0,1.0,0.0,1.0,0.3193137701042325,0.9591792600839439,0.4648,0.0,0.0,1.0,0.911558
0.9942023735629263,0.0,1.0,0.0,1.0,0.7024057138896042,0.0,1.0,0.0,1.0,0.8153756609072577,0.5002099101157446,0.8746,0.0,0.0,1.0,0.937481
0.3685696875854214,0.6,0.0,0.7599261021827889,0.0,0.7150313695380808,0.008683394383420685,0.0,0.8787658340753556,0.0,0.812034988048744,0.44986200481009636,0.5088,0.0,1.0,0.0,0.889905
0.683364118183001,0.0,1.0,0.0,1.0,0.20759946770865703,0.0,1.0,0.0,1.0,0.6565094463733803,0.10103069379637393,0.9574,0.0,0.0,1.0,0.963708
0.5090303317651592,0.0,1.0,0.0,1.0,0.04149492470384806,0.0,1.0,0.0,1.0,0.015468994619014818,0.66127096622054,0.6958,0.0,0.0,1.0,0.956389
0.22159727985982236,0.9333333333333333,0.0,0.7973208695266463,0.0,0.857240580921828,0.03008234268790362,0.0,0.5775033647310343,0.0,0.19453938141556643,0.6101409128395822,0.5836,0.0,1.0,0.0,0.924367
0.2922573716438066,0.26666666666666666,0.0,0.6992345982089152,0.0,0.6343884401984761,0.5421531524808083,0.0,0.4250945893387002,0.0,0.6647092995370503,0.15720004689376313,0.8288,0.0,1.0,0.0,0.972858
0.8316910970735039,0.0,1.0,0.0,1.0,0.7544151956328391,0.0,1.0,0.0,1.0,0.7417862932087342,0.3297476019572303,0.6822,0.0,0.0,1.0,0.95151
0.7020767590356132,0.0,1.0,0.0,1.0,0.48363076472364985,0.0,1.0,0.0,1.0,0.5722423611989407,0.746922617646723,0.7852,0.0,0.0,1.0,0.935651
0.7112885846454025,0.6666666666666666,0.0,0.9165139397944494,0.0,0.40290975747257807,0.3713496004354386,0.0,0.07784107063599502,0.0,0.21379850729196603,0.7558383162024658,0.4904,0.0,1.0,0.0,0.916743
0.8770487267075654,0.0,1.0,0.0,1.0,0.798772995251849,0.0,1.0,0.0,1.0,0.13324340842858065,0.9174602108817824,0.3002,0.0,0.0,1.0,0.915218
0.42924931527846705,0.0,1.0,0.0,1.0,0.681322721951637,0.0,1.0,0.0,1.0,0.20311119313465437,0.30554694073999206,0.3622,0.0,0.0,1.0,0.971638
0.48157317182640885,0.0,1.0,0.0,1.0,0.36944270946123936,0.0,1.0,0.0,1.0,0.4624938383718159,0.9248680663399756,0.6274,0.0,0.0,1.0,0.915218
0.09455179662737533,0.3333333333333333,0.0,0.6879803112360175,0.0,0.8911594456670067,0.9888249431633492,0.0,0.992185817374508,0.0,0.8495024878453257,0.9090331221440193,0.7042,0.0,1.0,0.0,0.925892
0.17327559446252722,0.0,1.0,0.0,1.0,0.15618995004768838,0.0,1.0,0.0,1.0,0.17292069254336498,0.2558529943276995,0.246,0.0,0.0,1.0,0.968283
0.6523826339854375,0.06666666666666667,0.0,0.7499386478251038,0.0,0.9711983176264299,0.20007643565894812,0.0,0.24778856021831053,0.0,0.8317435884106813,0.3438035165536028,0.3814,0.0,1.0,0.0,0.958219
0.07304214959652071,0.26666666666666666,0.0,0.8737303373768819,0.0,0.8622249835079097,0.001614669795777477,0.0,0.8415242359578715,0.0,0.16232953837770914,0.025969865964308534,0.5472,0.0,1.0,0.0,0.860018
0.9205957306318755,0.0,1.0,0.0,1.0,0.9242406321280997,0.0,1.0,0.0,1.0,0.17129015828159988,0.02306874734606549,0.0988,0.0,0.0,1.0,0.966453
0.046518716683453774,0.0,1.0,0.0,1.0,0.6573380223211193,0.0,1.0,0.0,1.0,0.05844890721862715,0.6498247997077146,0.5398,0.0,0.0,1.0,0.956084
0.19905839794527277,0.0,1.0,0.0,1.0,0.8813046046145775,0.0,1.0,0.0,1.0,0.061549980299379796,0.9370171376176982,0.2972,0.0,0.0,1.0,0.910034
0.8444861776482554,0.5333333333333333,0.0,0.9200915133785275,0.0,0.635149837151682,0.20149389372909202,0.0,0.019553628963420593,0.0,0.6740464662121407,0.48876536774187845,0.5262,0.0,1.0,0.0,0.915828
0.6846935896820381,0.0,1.0,0.0,1.0,0.43801082835815264,0.0,1.0,0.0,1.0,0.5768931040715223,0.5893077867594609,0.1082,0.0,0.0,1.0,0.959134
0.5285503724802079,0.0,1.0,0.0,1.0,0.6679018996421449,0.0,1.0,0.0,1.0,0.7514753160230148,0.9104597814674401,0.7938,0.0,0.0,1.0,0.915218
0.0034150341143162916,0.0,1.0,0.0,1.0,0.6064108884105116,0.0,1.0,0.0,1.0,0.5697391955621445,0.6397046856926245,0.8866,0.0,0.0,1.0,0.953034
0.8229308621068913,0.3333333333333333,0.0,0.6658436843734501,0.0,0.9297892308700528,0.6963851363553692,0.0,0.17514099510043454,0.0,0.008456537380701505,0.028540558914309077,0.831,0.0,1.0,0.0,0.971638
0.08012666297010068,0.0,1.0,0.0,1.0,0.38211924727090124,0.0,1.0,0.0,1.0,0.634802928981667,0.9303343706082318,0.24,0.0,0.0,1.0,0.856969
0.9521699791217773,0.0,1.0,0.0,1.0,0.6166723716016811,0.0,1.0,0.0,1.0,0.15497606067084896,0.7046665301019888,0.3294,0.0,0.0,1.0,0.94724
0.8025056230911296,0.0,1.0,0.0,1.0,0.3362410857418798,0.0,1.0,0.0,1.0,0.657850311637257,0.10524329465084477,0.6014,0.0,0.0,1.0,0.963708
0.2342748909196315,0.13333333333333333,0.0,0.7045324222701702,0.0,0.10576113185046389,0.32276297191655634,0.0,0.6934155918828929,0.0,0.7230878036501238,0.12891669691010404,0.1642,0.0,1.0,0.0,0.921317
0.7748933764835834,0.0,1.0,0.9390894057989658,0.0,0.2663803557516138,0.45963246520437223,0.0,0.13552482243636962,0.0,0.1436319355579964,0.3605874531056801,0.9206,0.0,1.0,0.0,0.914913
0.49632878173588635,0.5333333333333333,0.0,0.7400212961608532,0.0,0.06864021612292616,0.4171368023701975,0.0,0.8872550899691037,0.0,0.9528488914778839,0.30994433111094244,0.9844,0.0,1.0,0.0,0.939616
0.8609783997510679,0.0,1.0,0.0,1.0,0.09902325543506574,0.0,1.0,0.0,1.0,0.4261027175301555,0.6699173973575764,0.1002,0.0,0.0,1.0,0.953949
0.3342978390639857,0.0,1.0,0.0,1.0,0.32265425878075377,0.0,1.0,0.0,1.0,0.02707804005280788,0.5438854351965209,0.5352,0.0,0.0,1.0,0.967063
0.05122190324199092,0.9333333333333333,0.0,0.6831493960745842,0.0,0.9712726303091923,0.2833511208176923,0.0,0.041088590484703924,0.0,0.28453430497484355,0.3298617658009859,0.6888,0.0,1.0,0.0,0.963708
0.4435715309690381,0.0,1.0,0.0,1.0,0.3260610622061436,0.0,1.0,0.0,1.0,0.31418317509994725,0.6843495302794312,0.775,0.0,0.0,1.0,0.95029
0.939736804071444,0.6,0.0,0.8533088965639565,0.0,0.6960494813908662,0.4857765598643611,0.0,0.7241534716593135,0.0,0.34421207152333266,0.18542885383550417,0.8988,0.0,1.0,0.0,0.956389
0.43167713912279543,0.0,1.0,0.0,1.0,0.8844053921098205,0.0,1.0,0.0,1.0,0.9860296367856498,0.8591571161392936,0.0596,0.0,0.0,1.0,0.918268
0.4299184602871849,0.3333333333333333,0.0,0.9769871677054327,0.0,0.7209288835090758,0.9125012664758788,0.0,0.6621798828625207,0.0,0.16617288880346792,0.7177135260120445,0.8616,0.0,1.0,0.0,0.918268
0.26996952311950856,0.9333333333333333,0.0,0.7069722076212448,0.0,0.2302650103473336,0.04421540520484581,0.0,0.3677209882705406,0.0,0.5864756267891483,0.6590385151533442,0.9726,0.0,1.0,0.0,0.926502
0.3401595711886458,0.0,1.0,0.0,1.0,0.5321064807217499,0.0,1.0,0.0,1.0,0.9559515645051576,0.33384451797908776,0.5666,0.0,0.0,1.0,0.919183
0.6562611697437066,0.0,1.0,0.0,1.0,0.849225142685974,0.0,1.0,0.0,1.0,0.43960865658294007,0.9731849508369179,0.5774,0.0,0.0,1.0,0.908814
0.5802908690926989,0.0,1.0,0.0,1.0,0.15948307527881783,0.0,1.0,0.0,1.0,0.6684824152773056,0.11244785675928506,0.8446,0.0,0.0,1.0,0.962184
0.01311307855457599,0.0,1.0,0.0,1.0,0.45166277414757516,0.0,1.0,0.0,1.0,0.41106967640896275,0.5137125969661391,0.0966,0.0,0.0,1.0,0.962184
0.7425288843282534,0.0,1.0,0.0,1.0,0.6312595067397102,0.0,1.0,0.0,1.0,0.3937003565163243,0.43147562893581787,0.8016,0.0,0.0,1.0,0.971638
0.611312220877981,1.0,0.0,0.9462797939948313,0.0,0.31127925349806024,0.054277174721236325,0.0,0.8525957884857583,0.0,0.08618242563548045,0.906522592856022,0.1084,0.0,1.0,0.0,0.860018
0.7503476083449222,0.13333333333333333,0.0,0.6916448957050926,0.0,0.9526036708294301,0.8431114993728029,0.0,0.35125024963169443,0.0,0.5056991055059035,0.4333875523523617,0.783,0.0,1.0,0.0,0.971333
0.5376737756267697,0.0,1.0,0.0,1.0,0.7928149011702071,0.0,1.0,0.0,1.0,0.33704931336635174,0.9091968400923474,0.4172,0.0,0.0,1.0,0.915218
0.1377857456092536,0.0,1.0,0.0,1.0,0.34178880435492903,0.0,1.0,0.0,1.0,0.3350602761055275,0.23777949991684919,0.1494,0.0,0.0,1.0,0.969808
0.8935438613470561,0.0,1.0,0.0,1.0,0.6211837246933841,0.0,1.0,0.0,1.0,0.3008079554609878,0.6151188433810204,0.0582,0.0,0.0,1.0,0.963708
0.8368701218291443,0.9333333333333333,0.0,0.784117995800157,0.0,0.33530983531937414,0.0766462667456506,0.0,0.97772103426238,0.0,0.5820814633403147,0.5763928071031862,0.8294,0.0,1.0,0.0,0.958829
0.9863193033701687,1.0,0.0,0.7905048715707415,0.0,0.580064091610761,0.19382758030988553,0.0,0.9202772989563707,0.0,0.0391035279931693,0.7257712335525512,0.4552,0.0,1.0,0.0,0.94541
0.17964921930480815,0.6666666666666666,0.0,0.9882618064500862,0.0,0.13962227480838793,0.6032252588816744,0.0,0.6852441886606577,0.0,0.6952282103408578,0.3710263430364918,0.9674,0.0,1.0,0.0,0.860018
0.6864773233999705,0.2,0.0,0.8137001567980643,0.0,0.29659724279261585,0.9976837798982767,0.0,0.7933037986961392,0.0,0.44203191219089966,0.6806907128548457,0.971,0.0,1.0,0.0,0.948765
0.6228731646768966,1.0,0.0,0.9656900554626278,0.0,0.323113171961345,0.5229141591208741,0.0,0.28277243677685293,0.0,0.12726099138669647,0.3902390363969788,0.5194,0.0,1.0,0.0,0.860018
0.07001954060659774,0.0,1.0,0.0,1.0,0.7549788958430581,0.0,1.0,0.0,1.0,0.33961486183318007,0.3895054817495978,0.8884,0.0,0.0,1.0,0.973468
0.19607045100605092,0.0,1.0,0.0,1.0,0.6572767024830838,0.0,1.0,0.0,1.0,0.7111931375549636,0.9567738889293086,0.7308,0.0,0.0,1.0,0.909119
0.13875413045120263,0.4666666666666667,0.0,0.679602213830974,0.0,0.6748552493088359,0.14746889691299886,0.0,0.6027628273066135,0.0,0.05372533802339942,0.5192290424004179,0.4978,0.0,1.0,0.0,0.964623
0.626087780463803,0.5333333333333333,0.0,0.9113231912039069,0.0,0.3274808926727617,0.8821560823913857,0.0,0.06460560565294007,0.0,0.1871508261092908,0.8591892592087189,0.2746,0.0,1.0,0.0,0.860018
0.4698153191346365,0.0,1.0,0.0,1.0,0.9956054577095068,0.0,1.0,0.0,1.0,0.151659219829865,0.1422529516504378,0.9266,0.0,0.0,1.0,0.965843
0.0919058747648521,0.0,1.0,0.0,1.0,0.04643381833898297,0.0,1.0,0.0,1.0,0.9847807342961521,0.2325939862929408,0.1176,0.0,0.0,1.0,0.862763
0.35071332086784646,0.8666666666666667,0.0,0.8683124699349901,0.0,0.9699024377157033,0.7564137480084462,0.0,0.30683475199493665,0.0,0.6513264751304932,0.6766051233683186,0.812,0.0,1.0,0.0,0.94846
0.9135402829253577,0.0,1.0,0.0,1.0,0.009991885272047463,0.0,1.0,0.0,1.0,0.21272941764720632,0.18299929083262612,0.7302,0.0,0.0,1.0,0.967673
0.34158227954559545,0.0,1.0,0.0,1.0,0.01072688697316747,0.0,1.0,0.0,1.0,0.47049894036246326,0.7688862082023763,0.117,0.0,0.0,1.0,0.921317
0.8030577503799431,0.13333333333333333,0.0,0.8431103399293324,0.0,0.5052645494787762,0.8338947546247619,0.0,0.2576602260883642,0.0,0.6844764563560487,0.7677071107472178,0.8006,0.0,1.0,0.0,0.925892
0.4286016025649703,0.0,1.0,0.0,1.0,0.8546727019312895,0.0,1.0,0.0,1.0,0.6265529874863514,0.9925441729774022,0.1096,0.0,0.0,1.0,0.911863
0.8809695193612592,0.2,0.0,0.8719472269152532,0.0,0.2872258232510047,0.4818253344060076,0.0,0.6287446006559685,0.0,0.11561182091395773,0.5144946692471043,0.4094,0.0,1.0,0.0,0.939616
0.3261579022901108,0.7333333333333333,0.0,0.8622104252383317,0.0,0.9503254552999838,0.19262625527130262,0.0,0.5851996359023043,0.0,0.11915909647409226,0.4449638619689839,0.3062,0.0,1.0,0.0,0.9509
0.4026367367679955,0.0,1.0,0.0,1.0,0.9702403559902176,0.0,1.0,0.0,1.0,0.719151997315285,0.7946685219746872,0.3868,0.0,0.0,1.0,0.915523
0.11345219164281099,0.0,1.0,0.0,1.0,0.05822318900796648,0.0,1.0,0.0,1.0,0.08237684394660869,0.3955943863346448,0.8004,0.0,0.0,1.0,0.971638
0.9715284741990426,0.8666666666666667,0.0,0.8205797617833659,0.0,0.9406666224469414,0.24878733699796693,0.0,0.48332989745751975,0.0,0.8536968013188239,0.5524191461914948,0.035,0.0,1.0,0.0,0.955779
0.6189837472662031,0.0,1.0,0.0,1.0,0.8100868837315355,0.0,1.0,0.0,1.0,0.4478706906315971,0.9205466726790581,0.5786,0.0,0.0,1.0,0.915218
0.8149643938200197,0.8,0.0,0.8830172789572422,0.0,0.42462056957260713,0.7086510782858496,0.0,0.9887591605739456,0.0,0.07240250953529906,0.8433259146288645,0.4026,0.0,1.0,0.0,0.880451
0.7584793589064126,0.6,0.0,0.9932628598237115,0.0,0.17818313986449286,0.7929382011635482,0.0,0.8666135450245016,0.0,0.7207258954135676,0.2245303175244077,0.2266,0.0,1.0,0.0,0.860018
0.04691652434735929,0.0,1.0,0.0,1.0,0.7486567874320738,0.0,1.0,0.0,1.0,0.4789825505997562,0.2000185132004699,0.8916,0.0,0.0,1.0,0.971943
0.011164161670637303,0.0,1.0,0.0,1.0,0.5008094918066932,0.0,1.0,0.0,1.0,0.8816416737511217,0.040883631951664355,0.4324,0.0,0.0,1.0,0.912473
0.5336768170649292,0.0,1.0,0.0,1.0,0.43339048340934266,0.0,1.0,0.0,1.0,0.90943155763549,0.3314350105191019,0.2878,0.0,0.0,1.0,0.921927
0.4664108752171442,0.6666666666666666,0.0,0.8125535545814229,0.0,0.8607858600569145,0.13525099983474898,0.0,0.4386010303815472,0.0,0.3261229340719869,0.32696606010389767,0.3172,0.0,1.0,0.0,0.959744
0.8526294531465093,0.6666666666666666,0.0,0.7440732989163465,0.0,0.6032663086813601,0.9742775318939483,0.0,0.3062861598951554,0.0,0.8217549471374983,0.8981735900046406,0.8252,0.0,1.0,0.0,0.924062
0.42580596267346293,0.0,1.0,0.0,1.0,0.6195768712586986,0.0,1.0,0.0,1.0,0.47842251458220303,0.04342296648801663,0.0866,0.0,0.0,1.0,0.973772
0.4221740106666719,0.7333333333333333,0.0,0.7715643701453578,0.0,0.7591451324631414,0.14249294340869031,0.0,0.7978461528495497,0.0,0.46448841465200014,0.7058105750935094,0.1358,0.0,1.0,0.0,0.94663
0.710513361056604,0.7333333333333333,0.0,0.687645943724428,0.0,0.03783107427690623,0.20754343529564528,0.0,0.45324930726720875,0.0,0.8716604804972861,0.20857541468083832,0.757,0.0,1.0,0.0,0.955169
0.4660477294745835,1.0,0.0,0.7622932214965046,0.0,0.07172440224493654,0.13161248653682692,0.0,0.05669093040338747,0.0,0.7039941353626276,0.5689897087877389,0.8164,0.0,1.0,0.0,0.89387
0.8861243384826109,0.0,1.0,0.0,1.0,0.46183170875764173,0.0,1.0,0.0,1.0,0.5080261423240048,0.6354687638732844,0.2668,0.0,0.0,1.0,0.957914
0.4883548601182092,0.0,1.0,0.0,1.0,0.008327926838854206,0.0,1.0,0.0,1.0,0.6695170495199628,0.12068819293155017,0.7836,0.0,0.0,1.0,0.961269
0.366199198566662,0.5333333333333333,0.0,0.7764405275821497,0.0,0.8789570782354641,0.877947883739747,0.0,0.12171975295249314,0.0,0.7726815136048921,0.910411571653629,0.4472,0.0,1.0,0.0,0.861848
0.3280167037165606,0.0,1.0,0.0,1.0,0.1925028229214877,0.0,1.0,0.0,1.0,0.5178356611170856,0.2131916657262855,0.2192,0.0,0.0,1.0,0.971028
0.5414587168671572,0.0,1.0,0.0,1.0,0.009716000485062404,0.0,1.0,0.0,1.0,0.9969447434816182,0.9684608440237537,0.6512,0.0,0.0,1.0,0.908814
0.7243497651867934,0.6,0.0,0.7514668389205234,0.0,0.531470489331186,0.3926854821440742,0.0,0.8820719597984003,0.0,0.4033582563573386,0.9390515330739981,0.6016,0.0,1.0,0.0,0.882586
0.21155436921596696,0.0,1.0,0.0,1.0,0.33374514983837644,0.0,1.0,0.0,1.0,0.7847772582566993,0.29458932312171315,0.17,0.0,0.0,1.0,0.944495
0.09687749380953299,0.0,1.0,0.0,1.0,0.18943786389060469,0.0,1.0,0.0,1.0,0.8919571058643198,0.5085434578753261,0.777,0.0,0.0,1.0,0.928332
0.2422742750011101,0.0,1.0,0.0,1.0,0.16543899884150673,0.0,1.0,0.0,1.0,0.29830201019965846,0.3654131418296961,0.609,0.0,0.0,1.0,0.973163
0.2024782651240283,0.0,1.0,0.0,1.0,0.7696830224648428,0.0,1.0,0.0,1.0,0.9997740900021456,0.8676777737740693,0.4764,0.0,0.0,1.0,0.916743
0.7983743848432417,0.26666666666666666,0.0,0.9803129908413433,0.0,0.05966149799046771,0.6009920679309897,0.0,0.08594929346176365,0.0,0.4781537361186374,0.19000421378593166,0.4048,0.0,1.0,0.0,0.860018
0.25838307290021306,0.0,1.0,0.0,1.0,0.5503828817550959,0.0,1.0,0.0,1.0,0.4793058687855267,0.48019470972887995,0.6286,0.0,0.0,1.0,0.971333
0.8502743878071864,0.0,1.0,0.0,1.0,0.6370966834504409,0.0,1.0,0.0,1.0,0.2312975688332413,0.41740236898053035,0.929,0.0,0.0,1.0,0.972248
0.4149289683984996,0.4666666666666667,0.0,0.8065663756268608,0.0,0.016856516315397148,0.300698710503478,0.0,0.2172287526592518,0.0,0.964101529299469,0.5304235327638812,0.24,0.0,1.0,0.0,0.860018
0.7191566874474941,0.0,1.0,0.0,1.0,0.9815112448176867,0.0,1.0,0.0,1.0,0.10204541937525512,0.5041966698615177,0.8436,0.0,0.0,1.0,0.969808
0.6910207204345421,0.0,1.0,0.8660720094201649,0.0,0.4878836647030996,0.29632058425632385,0.0,0.20064330357774754,0.0,0.966046132266961,0.24577131362297136,0.6288,0.0,1.0,0.0,0.925282
0.3111755271382823,0.0,1.0,0.0,1.0,0.4420304415567084,0.0,1.0,0.0,1.0,0.7370588855474333,0.5987722612045364,0.7412,0.0,0.0,1.0,0.943275
0.6937437669699291,0.2,0.0,0.690981780037883,0.0,0.2723147280309232,0.9063825772967066,0.0,0.8874273394560934,0.0,0.20251476208701183,0.8889365198176705,0.9206,0.0,1.0,0.0,0.904239
0.8009307558339996,0.13333333333333333,0.0,0.9451202749953248,0.0,0.3036371775849925,0.14075989204699293,0.0,0.5125708661333807,0.0,0.4227859123124136,0.682204681365432,0.8228,0.0,1.0,0.0,0.89814
0.3545540707306279,0.8666666666666667,0.0,0.7248436051008815,0.0,0.22972221482844155,0.3016643155221832,0.0,0.8177731366907912,0.0,0.9568620328151201,0.7369305182929718,0.4332,0.0,1.0,0.0,0.878317
0.2342899463272265,0.9333333333333333,0.0,0.8629597045967494,0.0,0.1784739111703792,0.7110112303983498,0.0,0.13148986493788759,0.0,0.686465140668228,0.6231536157952335,0.0738,0.0,1.0,0.0,0.860018
0.9966556252400551,0.0,1.0,0.7690825178701389,0.0,0.8680639600589644,0.2363919788671571,0.0,0.49683397895343767,0.0,0.03323833789141532,0.9725341863418854,0.7648,0.0,1.0,0.0,0.906984
0.15959023879959386,0.8666666666666667,0.0,0.772142615216591,0.0,0.38123117881302926,0.10418640983558183,0.0,0.2624121279862765,0.0,0.844385156359066,0.7251205477198918,0.0504,0.0,1.0,0.0,0.860018
0.32729508488284614,0.6666666666666666,0.0,0.722627013342667,0.0,0.39287098228542394,0.25078157567871295,0.0,0.48543369967467886,0.0,0.13176298546982831,0.8383677820087326,0.088,0.0,1.0,0.0,0.861238
0.5727769134174457,0.0,1.0,0.0,1.0,0.7090833103229688,0.0,1.0,0.0,1.0,0.8804859540041061,0.30020590360989213,0.7186,0.0,0.0,1.0,0.926807
0.7988217535182979,0.0,1.0,0.0,1.0,0.29068494079333496,0.0,1.0,0.0,1.0,0.6426935787719134,0.3647387739374326,0.6084,0.0,0.0,1.0,0.964623
0.05127532654362784,0.0,1.0,0.0,1.0,0.7783849747500593,0.0,1.0,0.0,1.0,0.14980748713535388,0.6072123338517917,0.2804,0.0,0.0,1.0,0.958829
0.8466503086574558,0.13333333333333333,0.0,0.7738217335116664,0.0,0.6347885775326716,0.5493234917737555,0.0,0.7930831929328599,0.0,0.040899995728047964,0.1722012385572013,0.1618,0.0,1.0,0.0,0.971028
0.6899300701441208,0.8666666666666667,0.0,0.7879508034957298,0.0,0.5467933388884739,0.7829990962587388,0.0,0.12087252216695657,0.0,0.7147175621250074,0.4167889281896137,0.5156,0.0,1.0,0.0,0.960964
0.6190111764976672,0.9333333333333333,0.0,0.9504507352237526,0.0,0.38887382960394395,0.7494444096384735,0.0,0.28857860561681054,0.0,0.7365637082825629,0.15050743394634838,0.1444,0.0,1.0,0.0,0.918268
0.04089176406486473,0.9333333333333333,0.0,0.8112082247324216,0.0,0.7536895612507454,0.8440856788649783,0.0,0.5319508490672343,0.0,0.361374602547854,0.30692103032252893,0.6688,0.0,1.0,0.0,0.957914
0.5841089974935567,0.0,1.0,0.0,1.0,0.1813856150782963,0.0,1.0,0.0,1.0,0.6873753450620506,0.662242360126037,0.3732,0.0,0.0,1.0,0.943885
0.6301720233766054,0.06666666666666667,0.0,0.8379522938257596,0.0,0.9524123247520101,0.5200360008672962,0.0,0.2046244436618683,0.0,0.6659979793011803,0.9174662947620544,0.9236,0.0,1.0,0.0,0.860018
0.2877793296783288,0.0,1.0,0.8210358819816087,0.0,0.7727957571278552,0.9277958011006445,0.0,0.7610574813369471,0.0,0.9127964836591509,0.5320361361955,0.4606,0.0,1.0,0.0,0.94785
0.7387014571816144,0.5333333333333333,0.0,0.8362657310910371,0.0,0.5669517044217077,0.45198924926434597,0.0,0.18936927146858326,0.0,0.6417938722880148,0.35579264626413803,0.1274,0.0,1.0,0.0,0.952729
0.2772644593050631,0.4666666666666667,0.0,0.8435748199777708,0.0,0.48108577467272245,0.7642620518679393,0.0,0.9853297982340778,0.0,0.15033804078672156,0.8266618309727299,0.3952,0.0,1.0,0.0,0.864288
0.30661317476336536,0.8,0.0,0.7361437467962588,0.0,0.31492261950686756,0.7294500625835159,0.0,0.8187769613903992,0.0,0.8499318946883709,0.5834346928121356,0.436,0.0,1.0,0.0,0.953644
0.6698082802968813,0.0,1.0,0.0,1.0,0.8990337445226187,0.0,1.0,0.0,1.0,0.0036691627369419035,0.6722973679844209,0.5676,0.0,0.0,1.0,0.954864
0.378309803175891,0.0,1.0,0.0,1.0,0.030545274311142526,0.0,1.0,0.0,1.0,0.00153164836302583,0.0907228459440369,0.989,0.0,0.0,1.0,0.963708
0.4536903602624047,0.0,1.0,0.0,1.0,0.2587578219599422,0.0,1.0,0.0,1.0,0.08809961287650543,0.9156525706145763,0.2444,0.0,0.0,1.0,0.915218
0.7180734341752637,0.7333333333333333,0.0,0.7505248329661256,0.0,0.3679709360219831,0.7716970866424221,0.0,0.798487002209776,0.0,0.6269401389934117,0.47119488937032883,0.8726,0.0,1.0,0.0,0.968588
0.8568845399351053,0.0,1.0,0.0,1.0,0.29040003352089655,0.0,1.0,0.0,1.0,0.7016166016168477,0.764187299752304,0.7592,0.0,0.0,1.0,0.921622
0.519407289763364,0.4666666666666667,0.0,0.9609207534880092,0.0,0.9248573568450188,0.4742164962231223,0.0,0.8861172959039817,0.0,0.2941234220242599,0.698569398406019,0.5382,0.0,1.0,0.0,0.924672
0.48934716475779244,0.4666666666666667,0.0,0.8999625713474525,0.0,0.7744777991831184,0.27647160835797835,0.0,0.2178683977983692,0.0,0.004566206720383863,0.23595882447518587,0.1296,0.0,1.0,0.0,0.926197
0.8265932291628306,0.6666666666666666,0.0,0.6611945217257738,0.0,0.9221980555124002,0.3686343862824868,0.0,0.1926520240794854,0.0,0.10446085074291944,0.9197440635770477,0.7524,0.0,1.0,0.0,0.919183
0.06832727495141357,0.06666666666666667,0.0,0.6862816902354114,0.0,0.3458871229642626,0.70978876907078,0.0,0.1955456586700132,0.0,0.5531223368202967,0.1933107482790587,0.8338,0.0,1.0,0.0,0.941141
0.26998370648897774,0.3333333333333333,0.0,0.7554111108064393,0.0,0.8196835326834849,0.07817840962085916,0.0,0.2575075326213174,0.0,0.6339019816109531,0.08548538620609791,0.9392,0.0,1.0,0.0,0.956389
0.7870917753476961,0.8666666666666667,0.0,0.7055540611929036,0.0,0.33771463876452423,0.6788985967053176,0.0,0.9304653902211781,0.0,0.43099502920502036,0.7226157782501835,0.7616,0.0,1.0,0.0,0.957304
0.02283483254834499,0.13333333333333333,0.0,0.7103917982558514,0.0,0.8227636145641773,0.6776583559068796,0.0,0.3656698039033283,0.0,0.13615010761429253,0.9198142303246709,0.9966,0.0,1.0,0.0,0.861543
0.5094747777473767,0.6666666666666666,0.0,0.6559878941420951,0.0,0.5184196154688238,0.23235744368858718,0.0,0.26312472023934863,0.0,0.983818278617811,0.603898231763316,0.5042,0.0,1.0,0.0,0.953034
0.2999012411384802,0.0,1.0,0.0,1.0,0.28097926645556,0.0,1.0,0.0,1.0,0.9173665939717207,0.27802098827443894,0.4932,0.0,0.0,1.0,0.921622
0.9029702560721519,0.0,1.0,0.0,1.0,0.317783962345791,0.0,1.0,0.0,1.0,0.24504385045890262,0.8742488382045904,0.417,0.0,0.0,1.0,0.915218
0.6074439488088724,0.7333333333333333,0.0,0.7785169437596205,0.0,0.6631977685172669,0.7345235985134472,0.0,0.6477831254371276,0.0,0.6246000292953378,0.37970391813097815,0.0296,0.0,1.0,0.0,0.967368
0.3247494768036618,0.7333333333333333,0.0,0.7922385664546335,0.0,0.8137761265758587,0.49702299629382646,0.0,0.13369116412775717,0.0,0.4105332355456964,0.0756469267577319,0.3412,0.0,1.0,0.0,0.960659
0.6471560109714007,0.5333333333333333,0.0,0.8867618369097621,0.0,0.7358660503359588,0.2918806561865776,0.0,0.43991854210691145,0.0,0.919428301876771,0.7162932122614943,0.413,0.0,1.0,0.0,0.931077
0.9687072506532534,0.5333333333333333,0.0,0.8630556964086549,0.0,0.7898321988003769,0.48792580195591534,0.0,0.9497244381092959,0.0,0.8277298126341524,0.09383098997812063,0.6742,0.0,1.0,0.0,0.957609
0.6405149547973725,0.7333333333333333,0.0,0.6818233030635518,0.0,0.7528949915872185,0.5823912292817778,0.0,0.8047761668601193,0.0,0.9948973077067812,0.23399982337934538,0.4446,0.0,1.0,0.0,0.974992
0.5672162688470085,1.0,0.0,0.6967543182868531,0.0,0.7201975175785458,0.8446048280053022,0.0,0.9395085147148553,0.0,0.5953461970196103,0.5238240677710608,0.1874,0.0,1.0,0.0,0.976517
0.042063416181138014,0.6,0.0,0.6827325534298915,0.0,0.13094441407277987,0.866206520254222,0.0,0.8309170084579863,0.0,0.5851798758848227,0.19302074748342013,0.9574,0.0,1.0,0.0,0.966453
0.6742777012950725,0.26666666666666666,0.0,0.7167357111215322,0.0,0.4010733717751387,0.0872977405176218,0.0,0.5611227955238097,0.0,0.05259555878886482,0.990060092478204,0.0874,0.0,1.0,0.0,0.139982
0.32850170049085187,0.0,1.0,0.0,1.0,0.3364084501693857,0.0,1.0,0.0,1.0,0.5191350507913234,0.2976775927470977,0.585,0.0,0.0,1.0,0.970418
0.9055805800764347,0.0,1.0,0.0,1.0,0.06545115705394225,0.0,1.0,0.0,1.0,0.3951179054291098,0.48968601748638707,0.5896,0.0,0.0,1.0,0.970113
0.5187454042118216,0.0,1.0,0.0,1.0,0.8664646866762499,0.0,1.0,0.0,1.0,0.6831491422071257,0.015480126560043467,0.216,0.0,0.0,1.0,0.959134
0.9859382854956025,0.0,1.0,0.0,1.0,0.6739978836122351,0.0,1.0,0.0,1.0,0.17635987748457246,0.31070737741427257,0.1484,0.0,0.0,1.0,0.969808
0.7616838945130158,0.6,0.0,0.8993872585482228,0.0,0.48488849570317655,0.6115853481629782,0.0,0.37053301755566925,0.0,0.560819271404446,0.01504739367405097,0.7636,0.0,1.0,0.0,0.937176
0.3857249025815778,0.26666666666666666,0.0,0.8387418237509352,0.0,0.18169825828595096,0.32686555897450925,0.0,0.20068602734962143,0.0,0.1715577349895648,0.8478980350625732,0.848,0.0,1.0,0.0,0.860018
0.371094356315824,0.0,1.0,0.0,1.0,0.5085707935201732,0.0,1.0,0.0,1.0,0.5433547489123339,0.6479213082194759,0.1338,0.0,0.0,1.0,0.953034
0.9433269338428004,0.0,1.0,0.0,1.0,0.09092336929659722,0.0,1.0,0.0,1.0,0.8560236789216413,0.34207190382977654,0.503,0.0,0.0,1.0,0.933516
0.5516479990343425,0.0,1.0,0.0,1.0,0.2847631331690582,0.0,1.0,0.0,1.0,0.4409282451914644,0.5358974190887682,0.2464,0.0,0.0,1.0,0.968283
0.15590200237549495,0.06666666666666667,0.0,0.7311844699704534,0.0,0.4525857066534271,0.5074992388978965,0.0,0.581722927323109,0.0,0.4175315033032149,0.41987774946045536,0.2624,0.0,1.0,0.0,0.928942
0.14427827826436426,0.6666666666666666,0.0,0.7693452230636411,0.0,0.06436893635104637,0.9067321411126287,0.0,0.27870516950447416,0.0,0.227782112427922,0.8161682009981819,0.1452,0.0,1.0,0.0,0.860018
0.5334360611386582,0.0,1.0,0.0,1.0,0.32800709939169087,0.0,1.0,0.0,1.0,0.32795087639155457,0.7776263587060673,0.3086,0.0,0.0,1.0,0.922232
0.9856473243526392,0.2,0.0,0.7071341840527825,0.0,0.2937912933576056,0.2944556351123101,0.0,0.07104317216099555,0.0,0.3065884086789834,0.12429411028920613,0.3034,0.0,1.0,0.0,0.967978
0.43642769490906025,0.0,1.0,0.0,1.0,0.3248061851260797,0.0,1.0,0.0,1.0,0.6044838375028091,0.9420849139158706,0.3962,0.0,0.0,1.0,0.915218
0.9100021134196349,0.26666666666666666,0.0,0.8182892277776904,0.0,0.6202507421865101,0.8560111960839244,0.0,0.024522046650134792,0.0,0.5029542153359982,0.9165624666542949,0.4108,0.0,1.0,0.0,0.860018
0.19374318647216515,0.8666666666666667,0.0,0.7678226634472223,0.0,0.9892402956278108,0.8684564936656355,0.0,0.12162624094580754,0.0,0.30946812945927155,0.5094111076165809,0.35,0.0,1.0,0.0,0.967368
0.28451142878099284,0.0,1.0,0.0,1.0,0.7584798339442829,0.0,1.0,0.0,1.0,0.6042978056024284,0.3479928146810699,0.7172,0.0,0.0,1.0,0.966453
0.707122709380126,0.0,1.0,0.0,1.0,0.5267355834979905,0.0,1.0,0.0,1.0,0.04673325756420312,0.9011275476403452,0.521,0.0,0.0,1.0,0.915218
0.891702854340767,1.0,0.0,0.694405182391291,0.0,0.7641207782323105,0.2551500994748706,0.0,0.5361768788761538,0.0,0.2632672166284475,0.7469782868903997,0.3702,0.0,1.0,0.0,0.955779
0.09641172909300794,1.0,0.0,0.8037437516231436,0.0,0.05681445538352069,0.991506268750731,0.0,0.43727570076519906,0.0,0.12095938612397543,0.6261554082451358,0.3394,0.0,1.0,0.0,0.920708
0.8841401282552052,0.2,0.0,0.7766058653543129,0.0,0.26990122108883813,0.9535639752063226,0.0,0.9751631773561807,0.0,0.9355012628861326,0.9987937552398584,0.132,0.0,1.0,0.0,0.139982
0.945181430453288,0.0,1.0,0.0,1.0,0.13141922405780412,0.0,1.0,0.0,1.0,0.3566946128482982,0.9439487431404143,0.1178,0.0,0.0,1.0,0.915218
0.5725606132492108,0.7333333333333333,0.0,0.6982736205505459,0.0,0.04244195411458975,0.28697166255381557,0.0,0.5235248948768353,0.0,0.3162951252660536,0.9975477143556872,0.1678,0.0,1.0,0.0,0.139982
0.5626313758752117,0.26666666666666666,0.0,0.8016473011181285,0.0,0.7621259046031809,0.10844472419610371,0.0,0.10540785764383104,0.0,0.029572071072694692,0.8112817595100036,0.5964,0.0,1.0,0.0,0.880756
0.39428981882020236,0.0,1.0,0.0,1.0,0.8224989113725173,0.0,1.0,0.0,1.0,0.857430268809075,0.5237120826475611,0.6084,0.0,0.0,1.0,0.930162
0.31198475963786676,0.0,1.0,0.980336320578482,0.0,0.7967005522301753,0.047502243083633634,0.0,0.2772660924498193,0.0,0.6861382569725417,0.674207318328226,0.261,0.0,1.0,0.0,0.860018
0.4650556672421217,0.0,1.0,0.0,1.0,0.329070370779592,0.0,1.0,0.0,1.0,0.08231971298961227,0.00516794791036498,0.2052,0.0,0.0,1.0,0.965843
0.7604927402872542,0.2,0.0,0.8609603351860787,0.0,0.36739736835599707,0.42224205449190144,0.0,0.9221998775383967,0.0,0.6731562899705602,0.3887064799460882,0.0112,0.0,1.0,0.0,0.930162
0.7883753813229333,0.13333333333333333,0.0,0.983186109244956,0.0,0.12890358141620412,0.990057256078032,0.0,0.36051905661661965,0.0,0.8036298331604057,0.7162496864300073,0.9226,0.0,1.0,0.0,0.860018
0.38178404489954987,0.0,1.0,0.0,1.0,0.9201260779345566,0.0,1.0,0.0,1.0,0.4366009178284539,0.4559405359338875,0.8582,0.0,0.0,1.0,0.971333
0.6334526137665573,0.26666666666666666,0.0,0.659196497622034,0.0,0.7078882515065225,0.10693504338655993,0.0,0.3995364512894805,0.0,0.8790668658873982,0.45428995516720994,0.495,0.0,1.0,0.0,0.966148
0.12883816221780056,0.26666666666666666,0.0,0.7303489826389602,0.0,0.1812309554744995,0.8662223643798589,0.0,0.2831526125474386,0.0,0.24617788031553858,0.5433949734353412,0.385,0.0,1.0,0.0,0.956694
0.6167572280907171,0.3333333333333333,0.0,0.9323009593833516,0.0,0.6375742313814379,0.850040120752084,0.0,0.9870518495538523,0.0,0.3192756357269412,0.8664614433721388,0.8744,0.0,1.0,0.0,0.892345
0.5889977140422864,0.8666666666666667,0.0,0.9134595634526826,0.0,0.37982159695853207,0.6693481483327799,0.0,0.048988375023353674,0.0,0.9043899811906774,0.38777937269816715,0.9712,0.0,1.0,0.0,0.920098
0.856974991937335,0.8,0.0,0.968990731209314,0.0,0.34744819083606127,0.9850891165999459,0.0,0.5622941729686813,0.0,0.8777827595119498,0.6271692353989283,0.6466,0.0,1.0,0.0,0.860018
0.8266058954920531,0.0,1.0,0.0,1.0,0.49508237684521467,0.0,1.0,0.0,1.0,0.5291330705786218,0.8034816713769576,0.0682,0.0,0.0,1.0,0.917963
0.7592547346095196,0.6666666666666666,0.0,0.9470057030525384,0.0,0.1566511045300849,0.2788370100245683,0.0,0.3582902487045281,0.0,0.09874139041634923,0.032178366847439376,0.0864,0.0,1.0,0.0,0.860018
0.8772026500708144,0.0,1.0,0.0,1.0,0.4942248116061619,0.0,1.0,0.0,1.0,0.7528236862949517,0.005114492831203712,0.401,0.0,0.0,1.0,0.949375
0.5407308973829372,0.8,0.0,0.9107523453197078,0.0,0.9561640953996454,0.6187273758139553,0.0,0.8578096293215871,0.0,0.7941862278844504,0.7762566500710518,0.7136,0.0,1.0,0.0,0.932296
0.8162806950701923,0.6666666666666666,0.0,0.7530742393506972,0.0,0.07870103295099388,0.37377998378624483,0.0,0.2599170496038374,0.0,0.4012937306110734,0.13433887925838942,0.1166,0.0,1.0,0.0,0.953339
0.47797119195455817,0.5333333333333333,0.0,0.7653700325222986,0.0,0.7328013721081085,0.5352980087929801,0.0,0.5605666463079184,0.0,0.5781010197436819,0.8881504751469098,0.0602,0.0,1.0,0.0,0.880451
0.565249089689766,0.0,1.0,0.0,1.0,0.5603013489092605,0.0,1.0,0.0,1.0,0.2296711077939554,0.2039084378610127,0.4678,0.0,0.0,1.0,0.968283
0.03144376881057017,0.7333333333333333,0.0,0.7243331348030778,0.0,0.27065435949916705,0.29219683809131003,0.0,0.6873604941016255,0.0,0.23031462853869947,0.2506992788335574,0.7622,0.0,1.0,0.0,0.963099
0.9448023142065624,0.06666666666666667,0.0,0.9676782003660028,0.0,0.5397659140341217,0.2508828213365925,0.0,0.5557522192104067,0.0,0.9789792773483529,0.1676893069730183,0.1564,0.0,1.0,0.0,0.916743
0.46081423374360914,0.13333333333333333,0.0,0.8528292327243031,0.0,0.5083166528067089,0.5504820811205938,0.0,0.9926899233765119,0.0,0.12265442284281734,0.9474531907683661,0.9358,0.0,1.0,0.0,0.860933
0.22784494198854216,0.2,0.0,0.813789650537418,0.0,0.5414953959686366,0.5729735823338608,0.0,0.5868196534650862,0.0,0.5089757249420979,0.9002135285292471,0.466,0.0,1.0,0.0,0.861543
0.6431804264589992,0.06666666666666667,0.0,0.8331618475634152,0.0,0.7480263003397314,0.3046604271535341,0.0,0.095084390691874,0.0,0.9576701697588892,0.7736854606359338,0.6644,0.0,1.0,0.0,0.89326
0.31386374360023217,0.06666666666666667,0.0,0.705658879703129,0.0,0.6911921682542596,0.9699664088261145,0.0,0.5802281510839845,0.0,0.6683176415590825,0.6888786055866669,0.0084,0.0,1.0,0.0,0.888686
0.5155709322114693,0.0,1.0,0.0,1.0,0.044155206751530604,0.0,1.0,0.0,1.0,0.5032639258573209,0.5058480356294128,0.7802,0.0,0.0,1.0,0.969808
0.028011070054070986,0.6666666666666666,0.0,0.9700204730959137,0.0,0.9811238546837755,0.750722599921176,0.0,0.6761598126089642,0.0,0.08404443482336299,0.3289167298687215,0.6222,0.0,1.0,0.0,0.924062
0.07765968123214925,0.06666666666666667,0.0,0.9451518204103359,0.0,0.4999481557508166,0.2617011268967878,0.0,0.85007544637335,0.0,0.7604107034275948,0.9598808746542696,0.7406,0.0,1.0,0.0,0.860018
0.11177854020681646,0.0,1.0,0.0,1.0,0.8731799430803132,0.0,1.0,0.0,1.0,0.9775792414080376,0.340385705077207,0.7214,0.0,0.0,1.0,0.921622
0.7065468420991425,0.0,1.0,0.0,1.0,0.5162613670970456,0.0,1.0,0.0,1.0,0.8326019158317355,0.8338063868480978,0.5484,0.0,0.0,1.0,0.915218
0.47234109863032153,0.0,1.0,0.0,1.0,0.08497056483623393,0.0,1.0,0.0,1.0,0.44541454815179793,0.7713303495519279,0.7938,0.0,0.0,1.0,0.922232
0.00934743423361968,0.2,0.0,0.7092967318173056,0.0,0.3078885021802731,0.7380796356493738,0.0,0.9597671476153868,0.0,0.4482996806270194,0.34999222074929776,0.8914,0.0,1.0,0.0,0.968283
0.432255147382714,0.0,1.0,0.0,1.0,0.31184966550610216,0.0,1.0,0.0,1.0,0.6120485152834185,0.29464260919395274,0.4016,0.0,0.0,1.0,0.966148
0.24461910933755981,0.0,1.0,0.0,1.0,0.3833281762669193,0.0,1.0,0.0,1.0,0.009140304920258654,0.20069643624617842,0.4072,0.0,0.0,1.0,0.968283
0.6848870064241751,0.0,1.0,0.0,1.0,0.6172727280165404,0.0,1.0,0.0,1.0,0.846457981684541,0.3219334537359149,0.9894,0.0,0.0,1.0,0.935651
0.26543248846698764,0.0,1.0,0.0,1.0,0.7572067388944315,0.0,1.0,0.0,1.0,0.8854196517168996,0.43688312006281194,0.1902,0.0,0.0,1.0,0.928332
0.938170064496185,0.7333333333333333,0.0,0.9775442817227281,0.0,0.4961714800164339,0.30721622120129843,0.0,0.6422128330575956,0.0,0.5816791026459464,0.7227601154028095,0.7188,0.0,1.0,0.0,0.860018
0.33109244290997286,0.0,1.0,0.0,1.0,0.6206480931443611,0.0,1.0,0.0,1.0,0.3106640160118972,0.2099785483133367,0.8066,0.0,0.0,1.0,0.970723
0.1268125415640352,1.0,0.0,0.8261261837834756,0.0,0.25771329266091886,0.03309934123928772,0.0,0.35475891966406436,0.0,0.179923425085855,0.49184443080533025,0.412,0.0,1.0,0.0,0.860018
0.31996014579257703,0.4666666666666667,0.0,0.7600100471565452,0.0,0.5501241154752832,0.7141434734961286,0.0,0.26820986401878677,0.0,0.974602519588882,0.17468200932118336,0.6958,0.0,1.0,0.0,0.942056
0.7980139857231324,0.0,1.0,0.0,1.0,0.44250966615654985,0.0,1.0,0.0,1.0,0.5672266962933298,0.35237892906771123,0.1752,0.0,0.0,1.0,0.969503
0.7698633523825353,0.0,1.0,0.0,1.0,0.9344313010324794,0.0,1.0,0.0,1.0,0.7942078964629776,0.1661343990695295,0.4344,0.0,0.0,1.0,0.946325
0.710724050840916,0.06666666666666667,0.0,0.9980979071179397,0.0,0.02046492420953649,0.5906208897525016,0.0,0.9675730389969335,0.0,0.11934780460139856,0.830614396091589,0.0238,0.0,1.0,0.0,0.139982
0.3424687645511098,0.0,1.0,0.0,1.0,0.40490102769564656,0.0,1.0,0.0,1.0,0.6768237652343658,0.1650467392868883,0.9046,0.0,0.0,1.0,0.960049
0.9852390842111809,0.13333333333333333,0.0,0.9453986123944522,0.0,0.6539097595834911,0.14952895549293327,0.0,0.07120154469939986,0.0,0.8653842060480802,0.13038207062992405,0.4624,0.0,1.0,0.0,0.924367
0.9769802983249121,0.0,1.0,0.0,1.0,0.48272176782494197,0.0,1.0,0.0,1.0,0.31865482115053334,0.13135537033669054,0.6172,0.0,0.0,1.0,0.970418
0.247595021765416,0.3333333333333333,0.0,0.6693865727022893,0.0,0.11354774006397982,0.6458148274046399,0.0,0.9647785328519127,0.0,0.7902406634067675,0.9720871047800395,0.1644,0.0,1.0,0.0,0.139982
0.30084481951382336,0.0,1.0,0.0,1.0,0.7240265241942313,0.0,1.0,0.0,1.0,0.041484007221676195,0.8086091023630824,0.277,0.0,0.0,1.0,0.919183
0.07361217059277467,0.9333333333333333,0.0,0.7253232296611652,0.0,0.9971780557356178,0.5193940690667833,0.0,0.16353910983622202,0.0,0.11240468987190141,0.5390469906957752,0.7932,0.0,1.0,0.0,0.968588
0.9737978179028633,0.0,1.0,0.0,1.0,0.08071437904220997,0.0,1.0,0.0,1.0,0.504892689425926,0.2895979392452162,0.5532,0.0,0.0,1.0,0.970723
0.2885050713667795,0.0,1.0,0.0,1.0,0.20017306668488002,0.0,1.0,0.0,1.0,0.5961906523559095,0.5432645107162279,0.0088,0.0,0.0,1.0,0.953949
0.006025348390746954,0.8,0.0,0.9493370620739173,0.0,0.30109712882919515,0.5966417916090598,0.0,0.0023271388987256476,0.0,0.5614457903504322,0.794886134477984,0.6842,0.0,1.0,0.0,0.860018
0.5268853897160831,1.0,0.0,0.9974388674430651,0.0,0.7966016110726054,0.7286957077613335,0.0,0.012535287476602694,0.0,0.15409979933237228,0.6923630723643984,0.6992,0.0,1.0,0.0,0.860018
0.1832606992290343,0.8666666666666667,0.0,0.8305976051682218,0.0,0.6348702534949184,0.005078943347838394,0.0,0.5948658733395061,0.0,0.3546717579224112,0.013057463181252414,0.1938,0.0,1.0,0.0,0.860018
0.8381921161155425,0.0,1.0,0.8256978311471885,0.0,0.5738544711244715,0.7178806006897612,0.0,0.9589315508816947,0.0,0.4607282211763265,0.9458409986788403,0.9954,0.0,1.0,0.0,0.89387
0.47367885897936984,0.06666666666666667,0.0,0.9017226444458366,0.0,0.5231836088637638,0.8059156641998831,0.0,0.07106246647472705,0.0,0.1695744060287657,0.5046445294586094,0.9436,0.0,1.0,0.0,0.919183
0.6591097022422714,0.0,1.0,0.0,1.0,0.2981411716674677,0.0,1.0,0.0,1.0,0.8393644317940707,0.38053334678985035,0.3652,0.0,0.0,1.0,0.937176
0.3371693146695891,0.0,1.0,0.0,1.0,0.9796461305952116,0.0,1.0,0.0,1.0,0.438358438842693,0.7588303300419988,0.977,0.0,0.0,1.0,0.931382
0.02099773826248422,0.0,1.0,0.0,1.0,0.430418002409548,0.0,1.0,0.0,1.0,0.44650595225628675,0.38631311952686725,0.8468,0.0,0.0,1.0,0.971943
0.29857441359990644,0.5333333333333333,0.0,0.941643896273912,0.0,0.28888738996882896,0.8474227926448427,0.0,0.36384797150236003,0.0,0.3789251371589141,0.1338822460788494,0.5404,0.0,1.0,0.0,0.917353
0.6698271165089639,0.0,1.0,0.0,1.0,0.971240362641477,0.0,1.0,0.0,1.0,0.9193008580556943,0.560324925987695,0.1868,0.0,0.0,1.0,0.920098
0.4749367092074961,0.0,1.0,0.9588586941620935,0.0,0.8671599584738794,0.4910987212978244,0.0,0.6915207485712593,0.0,0.6716640977460594,0.334129118242297,0.244,0.0,1.0,0.0,0.924977
0.2271627866326534,1.0,0.0,0.7210727696692749,0.0,0.6666411382716984,0.058651023976504756,0.0,0.663795941769601,0.0,0.08365945017734529,0.457839746008664,0.7338,0.0,1.0,0.0,0.961574
0.35288151495063497,0.0,1.0,0.9757555380930065,0.0,0.9444094192723365,0.4253286935728743,0.0,0.1639435060044517,0.0,0.5027978730456834,0.011815316418533936,0.963,0.0,1.0,0.0,0.921927
0.3831822136685387,0.0,1.0,0.0,1.0,0.5325825820281763,0.0,1.0,0.0,1.0,0.816052383025397,0.29437312721718706,0.9978,0.0,0.0,1.0,0.940226
0.9431078278612859,0.8,0.0,0.7324872508084515,0.0,0.7065095519316514,0.19090983479312684,0.0,0.10776301773397205,0.0,0.6361742804465701,0.9150927945449651,0.2668,0.0,1.0,0.0,0.863678
0.7254243814877922,0.0,1.0,0.0,1.0,0.26370406862967316,0.0,1.0,0.0,1.0,0.17303714627854266,0.06667021385097928,0.3522,0.0,0.0,1.0,0.966453
0.1189654135787153,0.7333333333333333,0.0,0.7799564517864732,0.0,0.8625877155965457,0.5492668393851304,0.0,0.20419537935485027,0.0,0.061229021297340834,0.7007578265856855,0.1854,0.0,1.0,0.0,0.936261
0.06529231144693685,0.0,1.0,0.0,1.0,0.11620379027493669,0.0,1.0,0.0,1.0,0.862679819061522,0.1683642933143055,0.436,0.0,0.0,1.0,0.924062
0.9138406497643835,0.6,0.0,0.7717312845222057,0.0,0.5967699820136623,0.6212961554414717,0.0,0.6889106777833316,0.0,0.4547392852458975,0.6387985054796884,0.416,0.0,1.0,0.0,0.963708
0.07083005055720186,0.0,1.0,0.0,1.0,0.32383922731514764,0.0,1.0,0.0,1.0,0.938481513157637,0.7920755026555276,0.728,0.0,0.0,1.0,0.918268
0.8808621670380156,0.9333333333333333,0.0,0.7751995174376995,0.0,0.9020662072385411,0.4887494124273131,0.0,0.5967026192691792,0.0,0.3101261777598588,0.6967051398799602,0.589,0.0,1.0,0.0,0.958219
0.886498020928332,0.6666666666666666,0.0,0.7363677555706901,0.0,0.5557471551939217,0.3727221867626887,0.0,0.37299533632755466,0.0,0.3892073130250873,0.23740186754481454,0.814,0.0,1.0,0.0,0.969503
0.9601444064715353,1.0,0.0,0.7834047115824662,0.0,0.33904130572399943,0.9838196700635694,0.0,0.10212262487762255,0.0,0.3433861469687539,0.511917869118857,0.7166,0.0,1.0,0.0,0.960659
0.05588686787396925,0.0,1.0,0.0,1.0,0.5271583631960026,0.0,1.0,0.0,1.0,0.3190271480238621,0.45451161058304185,0.5966,0.0,0.0,1.0,0.971638
0.5422481320258831,0.3333333333333333,0.0,0.839611149446006,0.0,0.11371107988087802,0.780804048745949,0.0,0.31227421990735305,0.0,0.25578617105513124,0.6273920564222711,0.6496,0.0,1.0,0.0,0.924062
0.023071721746323423,0.0,1.0,0.0,1.0,0.9710273386166227,0.0,1.0,0.0,1.0,0.9576179062235288,0.43988074576631014,0.7712,0.0,0.0,1.0,0.917048
0.12305093606811182,0.0,1.0,0.7144200823683051,0.0,0.5438089901187823,0.893001041324935,0.0,0.5945946346421638,0.0,0.2626532240892104,0.35948712410163935,0.6466,0.0,1.0,0.0,0.974382
0.3489313848624103,0.6666666666666666,0.0,0.9193958309800665,0.0,0.6798799571419328,0.41057498386188834,0.0,0.6235463008383816,0.0,0.9989746012131533,0.64495464131392,0.9796,0.0,1.0,0.0,0.921317
0.30153285872854035,0.5333333333333333,0.0,0.7244775060414069,0.0,0.35450753596333556,0.7095557471717568,0.0,0.6472478805869727,0.0,0.2739226989303538,0.7933673452817126,0.0208,0.0,1.0,0.0,0.89204
0.24370335301079604,0.4666666666666667,0.0,0.8580825876812636,0.0,0.07035866897122463,0.008224842131669378,0.0,0.6448981669663172,0.0,0.023756114542811343,0.5725928638534454,0.4006,0.0,1.0,0.0,0.860018
0.44016718034225144,0.8666666666666667,0.0,0.8904195301737422,0.0,0.590876477518784,0.016610885342500995,0.0,0.8736654303091681,0.0,0.025755859024513886,0.4836010974179797,0.5162,0.0,1.0,0.0,0.922537
0.33252101154181124,0.0,1.0,0.0,1.0,0.6101637496729053,0.0,1.0,0.0,1.0,0.24669142688389464,0.25573048958809586,0.1942,0.0,0.0,1.0,0.970723
0.7668506349805366,0.0,1.0,0.0,1.0,0.4755420008067319,0.0,1.0,0.0,1.0,0.9955210560969121,0.204030422442367,0.6678,0.0,0.0,1.0,0.916133
0.7424625663822716,0.0,1.0,0.0,1.0,0.9996916354295768,0.0,1.0,0.0,1.0,0.743436399644635,0.8124165237451233,0.959,0.0,0.0,1.0,0.915218
0.5238837247565901,0.7333333333333333,0.0,0.8890723538990389,0.0,0.37272187789693506,0.9710132757592963,0.0,0.07225306908142193,0.0,0.2360043962653593,0.5403262625824197,0.1662,0.0,1.0,0.0,0.917658
0.6084195169028599,0.2,0.0,0.7548159637951978,0.0,0.4602326407383383,0.8409096960801912,0.0,0.012004720741396108,0.0,0.14923964301818043,0.23305956689057433,0.0874,0.0,1.0,0.0,0.94297
0.44761968179159173,1.0,0.0,0.8037420818466277,0.0,0.5833142400078278,0.28594336254790004,0.0,0.29417558993441045,0.0,0.8678969105055786,0.5390736486970013,0.5842,0.0,1.0,0.0,0.950595
0.4209477833106155,0.26666666666666666,0.0,0.9997238333648875,0.0,0.1165997297668049,0.06624883823550645,0.0,0.805126510683768,0.0,0.9381716893239402,0.020271315353378207,0.9116,0.0,1.0,0.0,0.860018
0.3837395378065024,0.0,1.0,0.9333699554119924,0.0,0.4588700207459942,0.8167357484056789,0.0,0.5744277558462755,0.0,0.34357552800094643,0.5060882995219016,0.963,0.0,1.0,0.0,0.922842
0.6411011723026241,0.13333333333333333,0.0,0.9544229725579441,0.0,0.2991724180051971,0.7049367693992441,0.0,0.9599869554541224,0.0,0.39262298118426137,0.02284538158241891,0.358,0.0,1.0,0.0,0.860018
0.5815987972206104,0.6,0.0,0.6667773753110036,0.0,0.020439028395676847,0.38918591741339104,0.0,0.26901925217926426,0.0,0.0879131130897335,0.03821084053393376,0.9944,0.0,1.0,0.0,0.970113
0.10755035911280764,0.0,1.0,0.0,1.0,0.7099958011937209,0.0,1.0,0.0,1.0,0.8999961470635601,0.12756865223147087,0.9046,0.0,0.0,1.0,0.928637
0.7732128141654552,0.0,1.0,0.0,1.0,0.9373987082521313,0.0,1.0,0.0,1.0,0.08468353432901833,0.8399540502682865,0.2436,0.0,0.0,1.0,0.915218
0.299979490503235,0.8666666666666667,0.0,0.8619137077979837,0.0,0.9985653079281824,0.8912181275815461,0.0,0.3283094456491136,0.0,0.48141017209195514,0.060888496267843734,0.2018,0.0,1.0,0.0,0.953034
0.6233008571685811,0.13333333333333333,0.0,0.9664492266263301,0.0,0.5774436966324445,0.568469172481992,0.0,0.6548271956248279,0.0,0.5996111532240221,0.3970101882627185,0.9318,0.0,1.0,0.0,0.918573
0.7838336766838853,0.0,1.0,0.0,1.0,0.9025214331912704,0.0,1.0,0.0,1.0,0.35780563943002136,0.17757529982514386,0.2282,0.0,0.0,1.0,0.973772
0.19787770389854448,0.7333333333333333,0.0,0.8434134343608034,0.0,0.6848494308325359,0.4432044928043001,0.0,0.01925638798441527,0.0,0.8712674853081575,0.7104951663424014,0.0068,0.0,1.0,0.0,0.860018
0.7670064873312148,0.4666666666666667,0.0,0.7048949984707499,0.0,0.880302434429516,0.12746848467421962,0.0,0.6052885942348796,0.0,0.14421630803216084,0.2485801209806423,0.5032,0.0,1.0,0.0,0.973772
0.8478029934907576,0.0,1.0,0.0,1.0,0.39912387531045873,0.0,1.0,0.0,1.0,0.29139108028248545,0.4259116644563526,0.8064,0.0,0.0,1.0,0.973163
0.7960474886809116,0.0,1.0,0.0,1.0,0.9448458498162091,0.0,1.0,0.0,1.0,0.38842921371870076,0.5007369294689679,0.1584,0.0,0.0,1.0,0.969503
0.7443036134628923,0.4666666666666667,0.0,0.7825240979524581,0.0,0.8702993300751697,0.44340944521234527,0.0,0.4663756405272038,0.0,0.517562074777407,0.7626958240964673,0.189,0.0,1.0,0.0,0.9448
0.5035182991829346,0.8666666666666667,0.0,0.743568442335847,0.0,0.7066401472279262,0.8892804735337144,0.0,0.22826761682400568,0.0,0.20016468444416924,0.15384808733470712,0.845,0.0,1.0,0.0,0.972553
0.9406190723341183,0.6,0.0,0.9601447308497097,0.0,0.9605532914891467,0.3131650186419299,0.0,0.7519814815138673,0.0,0.6765394383899415,0.19485013725167455,0.5284,0.0,1.0,0.0,0.930772
0.8862035947511551,0.0,1.0,0.0,1.0,0.15350285200904842,0.0,1.0,0.0,1.0,0.9179542632199764,0.1472426084614426,0.5394,0.0,0.0,1.0,0.921013
0.45967477530011863,1.0,0.0,0.8805134498909262,0.0,0.6669687455334186,0.42392924105880303,0.0,0.8976122613748586,0.0,0.9903397070795069,0.19855879516224695,0.0044,0.0,1.0,0.0,0.867033
0.08538474046240194,0.7333333333333333,0.0,0.8805600537856125,0.0,0.963372903644773,0.4534625026483081,0.0,0.2431945304970158,0.0,0.3463253711249219,0.25923539305345217,0.3544,0.0,1.0,0.0,0.933211
0.532705639346733,0.0,1.0,0.0,1.0,0.1946162019492227,0.0,1.0,0.0,1.0,0.40549868952242957,0.0800263187238834,0.0698,0.0,0.0,1.0,0.974077
0.7031365069322442,0.0,1.0,0.8182247312776123,0.0,0.006571314581630625,0.5653112823344986,0.0,0.3981383449941836,0.0,0.09396290305071871,0.188226902622127,0.9632,0.0,1.0,0.0,0.929247
0.29151416152933207,0.0,1.0,0.0,1.0,0.5018130515709345,0.0,1.0,0.0,1.0,0.5947657618092946,0.7273345136125635,0.5426,0.0,0.0,1.0,0.940531
0.12179285387265018,0.3333333333333333,0.0,0.9751333360574863,0.0,0.005717439597337382,0.7560194675194002,0.0,0.05414633739198746,0.0,0.430845799704783,0.8956224184967658,0.6412,0.0,1.0,0.0,0.139982
0.25442604075054526,0.7333333333333333,0.0,0.7295813092075248,0.0,0.35555030221049116,0.5887933431574841,0.0,0.26496104846355567,0.0,0.6536085904272945,0.9303177347847923,0.5906,0.0,1.0,0.0,0.862153
0.10230161466124564,0.0,1.0,0.0,1.0,0.9765161661283018,0.0,1.0,0.0,1.0,0.5990018102792308,0.9767030938855245,0.6742,0.0,0.0,1.0,0.910948
0.4824465204984373,0.0,1.0,0.0,1.0,0.8216683183589433,0.0,1.0,0.0,1.0,0.11568720209057415,0.773942597297383,0.1354,0.0,0.0,1.0,0.923757
0.3477438314080091,0.6666666666666666,0.0,0.6571801132231503,0.0,0.39250767089501276,0.6047168219074748,0.0,0.28377962989617894,0.0,0.08757801511353845,0.1926717555793295,0.4186,0.0,1.0,0.0,0.977432
0.662825158884651,0.5333333333333333,0.0,0.8524518910414731,0.0,0.7923673905485216,0.057629842744061126,0.0,0.7244239475901536,0.0,0.7353661624168983,0.02911886839027016,0.3084,0.0,1.0,0.0,0.94968
0.6434041637079301,0.0,1.0,0.0,1.0,0.8796619965252822,0.0,1.0,0.0,1.0,0.9511197129198676,0.04514543353633291,0.5892,0.0,0.0,1.0,0.919793
0.46135730307100475,0.0,1.0,0.0,1.0,0.5975617035986844,0.0,1.0,0.0,1.0,0.8419649772297515,0.46846721496683974,0.5172,0.0,0.0,1.0,0.935346
0.44069445122156614,0.6,0.0,0.9712078494485799,0.0,0.2056507351865522,0.15952000062121033,0.0,0.11473668848508957,0.0,0.04423835837290808,0.09828466334341088,0.5648,0.0,1.0,0.0,0.860018
0.31276344400618555,0.0,1.0,0.0,1.0,0.04386250079192412,0.0,1.0,0.0,1.0,0.35632905551182176,0.5002226659231158,0.383,0.0,0.0,1.0,0.970418
0.7394917601379626,0.3333333333333333,0.0,0.8358055905068976,0.0,0.18787182398901744,0.9125255849548654,0.0,0.2084285697623727,0.0,0.9685460083533985,0.6707496482312313,0.7328,0.0,1.0,0.0,0.922232
0.8911565862402424,0.7333333333333333,0.0,0.960909131683595,0.0,0.3318269608161224,0.16174112127632378,0.0,0.97627142306704,0.0,0.41125668278557714,0.5943720996857942,0.8668,0.0,1.0,0.0,0.860018
0.27972269193064064,0.0,1.0,0.0,1.0,0.8895134083347243,0.0,1.0,0.0,1.0,0.9107133473169857,0.8878774917197868,0.834,0.0,0.0,1.0,0.915218
0.9620928606074183,0.5333333333333333,0.0,0.6759481679303465,0.0,0.4363443359453669,0.9566746347342934,0.0,0.5894500509558412,0.0,0.16490181224163877,0.9496811573888586,0.348,0.0,1.0,0.0,0.952729
0.3008473109807316,0.0,1.0,0.0,1.0,0.43919585440361386,0.0,1.0,0.0,1.0,0.3671954482130946,0.9829435428990746,0.8368,0.0,0.0,1.0,0.908509
0.5458136200243674,0.8666666666666667,0.0,0.842346093335481,0.0,0.48497655213429575,0.1863510869572999,0.0,0.8383768452968711,0.0,0.892005522452625,0.7167421270109127,0.7454,0.0,1.0,0.0,0.937481
0.5778579425524982,0.8666666666666667,0.0,0.8693571789484232,0.0,0.9614540431167616,0.21943749058135975,0.0,0.8800082268046107,0.0,0.07473680416581235,0.4777844024175482,0.2486,0.0,1.0,0.0,0.956999
0.4294671449842338,0.0,1.0,0.0,1.0,0.2005649771422122,0.0,1.0,0.0,1.0,0.5545555487240169,0.9182533541563636,0.0118,0.0,0.0,1.0,0.860018
0.4097630888685376,0.7333333333333333,0.0,0.8267685821150733,0.0,0.7409646673429847,0.9333926504694395,0.0,0.24313933074299365,0.0,0.8022424754867657,0.018893683415533092,0.308,0.0,1.0,0.0,0.953949
0.7176093213333745,0.0,1.0,0.0,1.0,0.22467683188261603,0.0,1.0,0.0,1.0,0.6637037212083159,0.4610514980424733,0.1026,0.0,0.0,1.0,0.960354
0.40336604523935116,0.6666666666666666,0.0,0.9225206939555314,0.0,0.2753397110481957,0.10384051926392897,0.0,0.20328171384213614,0.0,0.7081174083864918,0.35832149651136386,1.0,0.0,1.0,0.0,0.910948
0.8724533125731949,0.0,1.0,0.0,1.0,0.9967530808377908,0.0,1.0,0.0,1.0,0.42497685653513984,0.4959286593605536,0.1604,0.0,0.0,1.0,0.968893
0.4020331163224303,0.0,1.0,0.0,1.0,0.5100928418782388,0.0,1.0,0.0,1.0,0.5281426480050813,0.19659950921426483,0.3416,0.0,0.0,1.0,0.969808
0.7558706575343126,0.0,1.0,0.0,1.0,0.39310322827896416,0.0,1.0,0.0,1.0,0.4438184503197487,0.03491408076528097,0.12,0.0,0.0,1.0,0.972858
0.9825470460375078,0.0,1.0,0.0,1.0,0.7773165499513064,0.0,1.0,0.0,1.0,0.7015791665582909,0.15257028674698636,0.743,0.0,0.0,1.0,0.956389
0.6859259630957534,0.0,1.0,0.0,1.0,0.25685197080818134,0.0,1.0,0.0,1.0,0.8477080536279955,0.7617521668418495,0.3672,0.0,0.0,1.0,0.916133
0.772694219740639,0.0,1.0,0.0,1.0,0.9052843839054162,0.0,1.0,0.0,1.0,0.5742891340008883,0.9532417406330859,0.4518,0.0,0.0,1.0,0.911863
0.23790593325597345,0.0,1.0,0.0,1.0,0.9197352753220197,0.0,1.0,0.0,1.0,0.945449735223374,0.41833292882756584,0.2452,0.0,0.0,1.0,0.922537
0.9439432796039198,0.0,1.0,0.0,1.0,0.8936056070212801,0.0,1.0,0.0,1.0,0.34644129540319435,0.13792931397387895,0.1096,0.0,0.0,1.0,0.973163
0.06594673608581492,0.6666666666666666,0.0,0.9930242952255274,0.0,0.1789737251984436,0.23323252707860756,0.0,0.40302254310739993,0.0,0.3958337324204172,0.6942039772769975,0.5506,0.0,1.0,0.0,0.860018
0.07500934865485037,0.0,1.0,0.0,1.0,0.06876158403601436,0.0,1.0,0.0,1.0,0.8467679586910566,0.5235428425006676,0.324,0.0,0.0,1.0,0.921927
0.07932971625011959,0.0,1.0,0.0,1.0,0.6386293042987505,0.0,1.0,0.0,1.0,0.9765140897478612,0.9631420778547602,0.5894,0.0,0.0,1.0,0.910948
0.5136622116246612,0.0,1.0,0.0,1.0,0.771515020091036,0.0,1.0,0.0,1.0,0.6472395766952822,0.22048327473107684,0.0656,0.0,0.0,1.0,0.963099
0.6143794778236317,0.3333333333333333,0.0,0.7545333966493901,0.0,0.8613882002543811,0.714986488876925,0.0,0.39564832541144124,0.0,0.825642192388563,0.07186692695253646,0.21,0.0,1.0,0.0,0.971638
0.010696984328467465,0.0,1.0,0.0,1.0,0.04700789731795206,0.0,1.0,0.0,1.0,0.7671711386270619,0.9037571685870798,0.8656,0.0,0.0,1.0,0.911558
0.4090024096606684,0.0,1.0,0.0,1.0,0.3409152789794158,0.0,1.0,0.0,1.0,0.6359368143382168,0.5297663197693087,0.4018,0.0,0.0,1.0,0.961269
0.7288740433246557,0.0,1.0,0.0,1.0,0.6550523329139811,0.0,1.0,0.0,1.0,0.7268106208993367,0.3403236291694632,0.9628,0.0,0.0,1.0,0.954254
0.821826948011676,0.9333333333333333,0.0,0.6574197373684837,0.0,0.4514786851753572,0.3409501125940989,0.0,0.7846755225535594,0.0,0.00013163420356962553,0.6330423156715954,0.7696,0.0,1.0,0.0,0.974382
0.8299723626520691,0.5333333333333333,0.0,0.8035630715239634,0.0,0.3478670693277828,0.7977268341117101,0.0,0.7936128774573579,0.0,0.7810309032348288,0.6459847941998731,0.417,0.0,1.0,0.0,0.954559
0.43789467201289256,0.0,1.0,0.0,1.0,0.36449020153586137,0.0,1.0,0.0,1.0,0.05303377729847417,0.7158022571345355,0.0066,0.0,0.0,1.0,0.913388
0.3102174341658473,0.6,0.0,0.729604681210641,0.0,0.8142140053741703,0.8991506389826228,0.0,0.4948775869509707,0.0,0.9878780545035653,0.09163956457467662,0.1814,0.0,1.0,0.0,0.953339
0.2155914377997135,0.0,1.0,0.0,1.0,0.18373085219090668,0.0,1.0,0.0,1.0,0.3473541946884927,0.07114000576474387,0.3064,0.0,0.0,1.0,0.971943
0.4041090100095144,0.13333333333333333,0.0,0.9046526990285271,0.0,0.666155312937918,0.5966212301958399,0.0,0.7327538281264112,0.0,0.54351928646643,0.17756424982182112,0.0588,0.0,1.0,0.0,0.921927
0.23830940450315327,0.2,0.0,0.6903412321027639,0.0,0.5302256373384422,0.1976053867745356,0.0,0.4422873553914821,0.0,0.6177146383699144,0.9937199411057819,0.7132,0.0,1.0,0.0,0.139982
0.9138270805655415,0.0,1.0,0.0,1.0,0.9499461621191471,0.0,1.0,0.0,1.0,0.25365945298340525,0.18998029090661825,0.4164,0.0,0.0,1.0,0.968893
0.7227297473493858,0.9333333333333333,0.0,0.8866019499306115,0.0,0.3546084015297372,0.18284059004070585,0.0,0.6573943696446942,0.0,0.7581508474576938,0.18398403601066374,0.853,0.0,1.0,0.0,0.930772
0.9035438396958893,0.6,0.0,0.7863375148469854,0.0,0.3715530720683536,0.8671084714609255,0.0,0.7722793554447123,0.0,0.6980631299091251,0.6911822677151176,0.2392,0.0,1.0,0.0,0.95212
0.47667636693201576,0.5333333333333333,0.0,0.8867723121251058,0.0,0.8089165281310009,0.6528812652952765,0.0,0.5331730939107194,0.0,0.6917571804501755,0.7455117113885782,0.3392,0.0,1.0,0.0,0.939921
0.502565266515419,0.2,0.0,0.7287719317391362,0.0,0.5941062155403076,0.7797236038524102,0.0,0.790713329796591,0.0,0.09348616607403414,0.542199790581306,0.2072,0.0,1.0,0.0,0.970723
0.9106594865122887,0.0,1.0,0.0,1.0,0.2627590197418022,0.0,1.0,0.0,1.0,0.15037591197757916,0.4412850128361809,0.7806,0.0,0.0,1.0,0.972858
0.43955451857146705,0.0,1.0,0.0,1.0,0.875057133462994,0.0,1.0,0.0,1.0,0.7799137391489372,0.3601833374224188,0.5492,0.0,0.0,1.0,0.948155
0.2069984678112459,0.0,1.0,0.0,1.0,0.16575999745278666,0.0,1.0,0.0,1.0,0.11892918071860753,0.9513641324699957,0.3384,0.0,0.0,1.0,0.911863
0.4713901410614195,1.0,0.0,0.7709812182188989,0.0,0.6221033974625575,0.3951973474407866,0.0,0.7953649637559354,0.0,0.7673803934887107,0.34119844649849707,0.6946,0.0,1.0,0.0,0.962794
0.7802947515932583,0.6666666666666666,0.0,0.8544252774717527,0.0,0.5045256083858799,0.4334400951830355,0.0,0.3983518947016429,0.0,0.9160225257051406,0.16152373214646135,0.1654,0.0,1.0,0.0,0.939311
0.34406741048151773,0.0,1.0,0.0,1.0,0.1863124274307819,0.0,1.0,0.0,1.0,0.5955019718677901,0.6222994756654955,0.3204,0.0,0.0,1.0,0.953034
0.44121800433028097,0.0,1.0,0.0,1.0,0.7209756444317451,0.0,1.0,0.0,1.0,0.4251795491807697,0.38353124315661263,0.0348,0.0,0.0,1.0,0.972248
0.35667312047626115,0.6,0.0,0.7912725987120629,0.0,0.06990878689110458,0.6255945064415331,0.0,0.08734986640795481,0.0,0.6566215354884704,0.036774976578003424,0.0832,0.0,1.0,0.0,0.860018
0.33157767574660846,0.0,1.0,0.0,1.0,0.5793103159219117,0.0,1.0,0.0,1.0,0.49012411414509366,0.049466262027878065,0.8878,0.0,0.0,1.0,0.971333
0.42244748988379566,0.06666666666666667,0.0,0.7442585577224734,0.0,0.06327849272953791,0.8927925688796895,0.0,0.8861195644125397,0.0,0.4890572379945217,0.08402650456854623,0.5746,0.0,1.0,0.0,0.953339
0.7459929848707951,0.5333333333333333,0.0,0.772313320151015,0.0,0.530207725085387,0.8668028887844913,0.0,0.2903107810553503,0.0,0.14281685161464658,0.1627479329319561,0.58,0.0,1.0,0.0,0.969503
0.995978246987018,0.0,1.0,0.0,1.0,0.7988314516440488,0.0,1.0,0.0,1.0,0.8423732092622378,0.6033860050350599,0.3452,0.0,0.0,1.0,0.928942
0.11520163885561187,0.9333333333333333,0.0,0.7775981239801026,0.0,0.9905172585880707,0.41361463261162984,0.0,0.5413011905758073,0.0,0.41469594154498784,0.7767657817144556,0.9584,0.0,1.0,0.0,0.94236
0.9331600086172597,0.0,1.0,0.0,1.0,0.29022319117615675,0.0,1.0,0.0,1.0,0.6765453613919241,0.4968906842839549,0.2878,0.0,0.0,1.0,0.956084
0.2299567348036492,0.0,1.0,0.0,1.0,0.7000941568420448,0.0,1.0,0.0,1.0,0.4323264475457089,0.39778185733342464,0.0294,0.0,0.0,1.0,0.967978
0.9746229020956702,0.0,1.0,0.0,1.0,0.3006505258113364,0.0,1.0,0.0,1.0,0.7784330280338171,0.4000646278706405,0.5932,0.0,0.0,1.0,0.94785
0.7902784577537101,0.26666666666666666,0.0,0.7913747081373187,0.0,0.15356810099397403,0.5485891542235742,0.0,0.3341802750157749,0.0,0.7322210794763512,0.2893166346764895,0.7402,0.0,1.0,0.0,0.953034
0.09927008105160323,0.2,0.0,0.9161089135122203,0.0,0.3956228843549316,0.9173063361210949,0.0,0.5318628866758087,0.0,0.9981137692189914,0.05782340155323257,0.6134,0.0,1.0,0.0,0.860018
0.3822787594007828,0.0,1.0,0.0,1.0,0.7457860064912716,0.0,1.0,0.0,1.0,0.9651912679245434,0.6404157047703503,0.93,0.0,0.0,1.0,0.916743
0.9336912223186477,0.2,0.0,0.6626118840333363,0.0,0.5757814793643138,0.02127537306547188,0.0,0.09797575700667845,0.0,0.4963313039473585,0.22849962774205246,0.4848,0.0,1.0,0.0,0.970418
0.4331373549596538,0.0,1.0,0.0,1.0,0.7052789445225215,0.0,1.0,0.0,1.0,0.4408311988203734,0.7409778596132994,0.9352,0.0,0.0,1.0,0.938396
0.012084705110547145,0.0,1.0,0.0,1.0,0.9905502841445645,0.0,1.0,0.0,1.0,0.7172629406027693,0.9060361094378553,0.2686,0.0,0.0,1.0,0.860018
0.31873558183231815,0.26666666666666666,0.0,0.7243801531841838,0.0,0.4251651518928769,0.062236642184405874,0.0,0.818675280843659,0.0,0.22586380575338377,0.3219228902617675,0.4382,0.0,1.0,0.0,0.961269
0.5931422759030155,0.5333333333333333,0.0,0.7381056731590603,0.0,0.8909940855118815,0.8887587992707922,0.0,0.1524631625532253,0.0,0.4185443126151742,0.3849921026476799,0.5042,0.0,1.0,0.0,0.973772
0.7181788549729623,0.0,1.0,0.0,1.0,0.34997137441279375,0.0,1.0,0.0,1.0,0.01453876720966603,0.06308510791732728,0.663,0.0,0.0,1.0,0.964623
0.9076157840546576,0.0,1.0,0.0,1.0,0.3921334789692416,0.0,1.0,0.0,1.0,0.2495837321992048,0.7150508580013587,0.3474,0.0,0.0,1.0,0.943275
0.61779353603697,0.06666666666666667,0.0,0.7036255931620933,0.0,0.09240294119018279,0.0038055499831399432,0.0,0.5500105330114368,0.0,0.21489372441503712,0.22770665506864776,0.1814,0.0,1.0,0.0,0.891125
0.27387546398486257,0.4666666666666667,0.0,0.7048745110715451,0.0,0.5687403177467543,0.576790224462269,0.0,0.418900869688787,0.0,0.5016760261766585,0.7678679876122352,0.5626,0.0,1.0,0.0,0.939311
0.4640052628167909,0.5333333333333333,0.0,0.7531965971752522,0.0,0.937271699830397,0.011595115695756324,0.0,0.47556787143641954,0.0,0.30884611230658493,0.003950362281064313,0.6476,0.0,1.0,0.0,0.954559
0.14844381432047518,0.0,1.0,0.0,1.0,0.8399547731187255,0.0,1.0,0.0,1.0,0.12571476916491275,0.29612695073072215,0.6624,0.0,0.0,1.0,0.968893
0.858147166658717,0.0,1.0,0.0,1.0,0.25194163852015594,0.0,1.0,0.0,1.0,0.6923845954956742,0.3202633421901278,0.3288,0.0,0.0,1.0,0.957304
0.4061200437946752,0.0,1.0,0.0,1.0,0.3525191734253851,0.0,1.0,0.0,1.0,0.7488968776258317,0.2823821848470565,0.5928,0.0,0.0,1.0,0.95029
0.6173203363634477,0.0,1.0,0.0,1.0,0.8454986214929825,0.0,1.0,0.0,1.0,0.31077195405320013,0.054174605551204784,0.9992,0.0,0.0,1.0,0.970113
0.4156382709885529,0.0,1.0,0.0,1.0,0.28830550275632083,0.0,1.0,0.0,1.0,0.6872772254731684,0.05883051355021313,0.1656,0.0,0.0,1.0,0.956389
0.7033475668741562,0.0,1.0,0.0,1.0,0.39302720958972487,0.0,1.0,0.0,1.0,0.472406717978459,0.9106545866231497,0.8006,0.0,0.0,1.0,0.915218
0.8259996581301131,0.8666666666666667,0.0,0.8442235286770641,0.0,0.7050627846309812,0.9236977704395676,0.0,0.6650839808119823,0.0,0.11496445076064075,0.8905444336208452,0.0528,0.0,1.0,0.0,0.89021
0.2759077942579105,0.26666666666666666,0.0,0.8786295757455943,0.0,0.43518930785953847,0.3049826432747022,0.0,0.13315944951744085,0.0,0.6045498815534993,0.5022931384738424,0.3942,0.0,1.0,0.0,0.916133
0.02964719326045911,0.0,1.0,0.0,1.0,0.49443067981048955,0.0,1.0,0.0,1.0,0.9222848629362959,0.2908487573195966,0.0194,0.0,0.0,1.0,0.864898
0.31053937823238564,0.4666666666666667,0.0,0.6792616626689492,0.0,0.9840765218398403,0.15096986495524445,0.0,0.6852560173623187,0.0,0.0667678457874926,0.9648544699842289,0.8838,0.0,1.0,0.0,0.861848
0.44483809140695674,0.0,1.0,0.0,1.0,0.8122000359747331,0.0,1.0,0.0,1.0,0.45922097884276086,0.521117596999995,0.451,0.0,0.0,1.0,0.969808
0.0241233954503727,0.0,1.0,0.0,1.0,0.8184895411979622,0.0,1.0,0.0,1.0,0.6408638483650602,0.41573899184736396,0.1558,0.0,0.0,1.0,0.957914
0.3999098328614831,1.0,0.0,0.9772161249635394,0.0,0.3977025684159623,0.9069168708860048,0.0,0.2690321365534901,0.0,0.40145399297742357,0.08962893265542878,0.3206,0.0,1.0,0.0,0.860018
0.9058740218205238,0.26666666666666666,0.0,0.8957659459958391,0.0,0.4733282565821747,0.873572701257001,0.0,0.9250759840992863,0.0,0.22568100974170927,0.6389304600374979,0.709,0.0,1.0,0.0,0.935651
0.852282807067332,0.0,1.0,0.0,1.0,0.7104820707830427,0.0,1.0,0.0,1.0,0.007759818929006553,0.8991563729385269,0.2,0.0,0.0,1.0,0.915218
0.1297448143449342,0.0,1.0,0.7904655285703356,0.0,0.2864192239949381,0.22386535720335995,0.0,0.39785176435227537,0.0,0.5684234082865169,0.1228543312826374,0.9492,0.0,1.0,0.0,0.948765
0.4155619280516553,1.0,0.0,0.8920354029726777,0.0,0.7669422228256275,0.9440185069948953,0.0,0.6546016686671637,0.0,0.7590034133270238,0.7624281018457976,0.1902,0.0,1.0,0.0,0.934431
0.14622196319919578,0.0,1.0,0.0,1.0,0.5141097092143192,0.0,1.0,0.0,1.0,0.4211359798588775,0.4284903279943019,0.365,0.0,0.0,1.0,0.972248
0.8998831953491335,0.26666666666666666,0.0,0.7652085519821177,0.0,0.5074738050459261,0.8669520153770071,0.0,0.21595493073696356,0.0,0.9662235569464238,0.5065126705696441,0.1262,0.0,1.0,0.0,0.957914
0.6430862676523966,0.0,1.0,0.0,1.0,0.23664835849996568,0.0,1.0,0.0,1.0,0.7204862975802474,0.12758257302562415,0.7594,0.0,0.0,1.0,0.954864
0.7260663223783622,0.0,1.0,0.0,1.0,0.22720712960181283,0.0,1.0,0.0,1.0,0.24529708368054884,0.9707992482298778,0.651,0.0,0.0,1.0,0.908814
0.5853260147210393,0.0,1.0,0.0,1.0,0.42306024026400524,0.0,1.0,0.0,1.0,0.12874109211111542,0.5048037937922097,0.6938,0.0,0.0,1.0,0.969808
0.436056935204556,0.3333333333333333,0.0,0.8308519003895631,0.0,0.8564492949773295,0.37099877952989874,0.0,0.3136348749727338,0.0,0.7803953326914164,0.9530327893582774,0.512,0.0,1.0,0.0,0.860018
0.20650334699453754,0.0,1.0,0.0,1.0,0.15868749626111106,0.0,1.0,0.0,1.0,0.6940305149893724,0.4610516734068064,0.202,0.0,0.0,1.0,0.956084
0.280872519522119,0.4666666666666667,0.0,0.8174081627994625,0.0,0.017218517291662284,0.37305583404051423,0.0,0.3154231493729365,0.0,0.5254281794895219,0.9024659287471252,0.7698,0.0,1.0,0.0,0.139982
0.5392441094202733,0.0,1.0,0.0,1.0,0.8813396360733202,0.0,1.0,0.0,1.0,0.5406626193322289,0.315361233493981,0.6152,0.0,0.0,1.0,0.970113
0.20810261475143205,0.0,1.0,0.0,1.0,0.04621387272896553,0.0,1.0,0.0,1.0,0.1709738295574333,0.20161725136879155,0.5778,0.0,0.0,1.0,0.969198
0.3816741505333553,0.0,1.0,0.0,1.0,0.3045099937349402,0.0,1.0,0.0,1.0,0.33313026322144546,0.6298572992332635,0.5294,0.0,0.0,1.0,0.961574
0.16584040568906563,0.0,1.0,0.98604067122161,0.0,0.6041040326017588,0.2861883311057872,0.0,0.2645337560286638,0.0,0.8932886396617511,0.6857122173249418,0.3256,0.0,1.0,0.0,0.860018
0.020366068529546467,0.0,1.0,0.0,1.0,0.24196270767451197,0.0,1.0,0.0,1.0,0.5495927540329733,0.3145092941352111,0.9304,0.0,0.0,1.0,0.970113
0.28942659914159835,0.0,1.0,0.0,1.0,0.7486641937866477,0.0,1.0,0.0,1.0,0.16919821171946275,0.8901483774310253,0.9946,0.0,0.0,1.0,0.915523
0.19031391770518963,0.0,1.0,0.0,1.0,0.6722566095802814,0.0,1.0,0.0,1.0,0.302064727671463,0.0848165432053259,0.476,0.0,0.0,1.0,0.972248
0.13094668780406274,0.0,1.0,0.0,1.0,0.2950412975970105,0.0,1.0,0.0,1.0,0.03276681171559808,0.5682664335968356,0.123,0.0,0.0,1.0,0.962184
0.22521877204571655,0.5333333333333333,0.0,0.7273728439599159,0.0,0.7375470364693762,0.7004577483803115,0.0,0.3792154228782833,0.0,0.15250308304503224,0.6742280745366621,0.896,0.0,1.0,0.0,0.963099
0.757282394334178,0.6666666666666666,0.0,0.8812498189972421,0.0,0.3230148631926918,0.06430307306081341,0.0,0.015895102787753797,0.0,0.7123659550503487,0.30100305993902815,0.9234,0.0,1.0,0.0,0.871912
0.8454782159648971,0.0,1.0,0.0,1.0,0.3299380274648901,0.0,1.0,0.0,1.0,0.18809071325753784,0.33933998224267997,0.7792,0.0,0.0,1.0,0.971028
0.7579350909704857,0.0,1.0,0.0,1.0,0.777832278712355,0.0,1.0,0.0,1.0,0.8851066790827066,0.11826174092197864,0.5514,0.0,0.0,1.0,0.925892
0.9747215513477002,0.7333333333333333,0.0,0.8275305129756382,0.0,0.7182362273865589,0.006616261501975639,0.0,0.1064510886863959,0.0,0.08738915217160081,0.8516517944673234,0.5448,0.0,1.0,0.0,0.860018
0.15153652063091422,0.2,0.0,0.6655486354306122,0.0,0.5110909683599498,0.23363977382189335,0.0,0.6144080708172778,0.0,0.021255739153844648,0.47065841345363646,0.7768,0.0,1.0,0.0,0.968588
0.007093921187239693,0.0,1.0,0.0,1.0,0.32152939187423146,0.0,1.0,0.0,1.0,0.29608179986627603,0.8823009943218213,0.0996,0.0,0.0,1.0,0.860018
0.4412403045335458,0.0,1.0,0.0,1.0,0.9296984453408175,0.0,1.0,0.0,1.0,0.4207278683298058,0.2463957600868979,0.9158,0.0,0.0,1.0,0.974382
0.32305124330262114,0.06666666666666667,0.0,0.7913264496608564,0.0,0.981236083692244,0.13689767314376491,0.0,0.9695396633863036,0.0,0.5139302649113783,0.6716877328422325,0.6872,0.0,1.0,0.0,0.9509
0.054919469635045626,1.0,0.0,0.8240109256582768,0.0,0.6757086041322906,0.6483605065260881,0.0,0.846281223897141,0.0,0.048495895352423816,0.5524686588599135,0.2294,0.0,1.0,0.0,0.952425
0.10330867876643263,0.4666666666666667,0.0,0.7292183178596654,0.0,0.18741476164034554,0.8832100194350033,0.0,0.15512174375402024,0.0,0.5699260945648463,0.5807573572810059,0.2264,0.0,1.0,0.0,0.936261
0.7634850864767071,0.0,1.0,0.0,1.0,0.5787597058828453,0.0,1.0,0.0,1.0,0.4110126811762775,0.3279945265808442,0.1308,0.0,0.0,1.0,0.974077
0.4930712613498851,0.4666666666666667,0.0,0.740678685501936,0.0,0.4448052295389292,0.24406115246211132,0.0,0.40381359623314295,0.0,0.274376830940814,0.9358050347128387,0.537,0.0,1.0,0.0,0.863373
0.17693790828124706,0.26666666666666666,0.0,0.9099195118558498,0.0,0.5461382747785971,0.29537533249412146,0.0,0.9093914430511872,0.0,0.44123572189275506,0.3066513046090132,0.8382,0.0,1.0,0.0,0.924672
0.9824598961434075,0.5333333333333333,0.0,0.8734268189889459,0.0,0.03149306859581233,0.39474761786727136,0.0,0.5152627750614157,0.0,0.4727795860614091,0.6171876074365066,0.4688,0.0,1.0,0.0,0.909729
0.557125274466525,0.0,1.0,0.0,1.0,0.14286041270565902,0.0,1.0,0.0,1.0,0.9740929017972225,0.37255680972984895,0.136,0.0,0.0,1.0,0.917963
0.5005632564289865,0.2,0.0,0.6889355856940859,0.0,0.12450195245816853,0.6544206345148789,0.0,0.6832218664838252,0.0,0.14227623282760923,0.050801563416175644,0.9022,0.0,1.0,0.0,0.973772
0.123794238047185,0.0,1.0,0.991839803629617,0.0,0.35220357643062294,0.017048910408143794,0.0,0.9156521506435424,0.0,0.6808083209338227,0.21567906175434304,0.3822,0.0,1.0,0.0,0.860018
0.047272821004645624,0.13333333333333333,0.0,0.7775022552344011,0.0,0.12511675369760772,0.05090296783340155,0.0,0.7060734826659137,0.0,0.7180684180951424,0.85513876756011,0.4446,0.0,1.0,0.0,0.860018
0.4491102988809559,0.13333333333333333,0.0,0.9423541614843373,0.0,0.7617834059329546,0.15001965980824203,0.0,0.42209657564716885,0.0,0.6563681883122634,0.7692389977379916,0.2966,0.0,1.0,0.0,0.919183
0.47410026775668274,0.0,1.0,0.0,1.0,0.4347990293660909,0.0,1.0,0.0,1.0,0.4855423316944403,0.5164243193720532,0.5256,0.0,0.0,1.0,0.969808
0.23138489189699457,1.0,0.0,0.928746618277903,0.0,0.21553302601588373,0.007218894990634669,0.0,0.8712558725805748,0.0,0.9856460810166088,0.5280238112612761,0.1072,0.0,1.0,0.0,0.860018
0.8657346631184698,0.2,0.0,0.9838589124637896,0.0,0.5890875894445027,0.24193684749875988,0.0,0.3329636617453673,0.0,0.2732484705824365,0.34388707966580606,0.1038,0.0,1.0,0.0,0.860018
0.8582088501433811,0.0,1.0,0.0,1.0,0.44053142766221254,0.0,1.0,0.0,1.0,0.3900435968434508,0.10974412299375737,0.6028,0.0,0.0,1.0,0.974077
0.08215397127016782,0.5333333333333333,0.0,0.8487331117431767,0.0,0.5629334081567702,0.27402086383419555,0.0,0.8550016443753327,0.0,0.23362285261901997,0.7413017399860886,0.6504,0.0,1.0,0.0,0.921317
0.46987505997804335,0.13333333333333333,0.0,0.7319210458535547,0.0,0.641203904400646,0.05511472750163935,0.0,0.2628164384713335,0.0,0.3497122374242627,0.16063633493216167,0.5322,0.0,1.0,0.0,0.960964
0.0601714446850343,0.0,1.0,0.0,1.0,0.8955943062434611,0.0,1.0,0.0,1.0,0.4062006158384283,0.6618594190018646,0.427,0.0,0.0,1.0,0.950595
0.4747200128905556,1.0,0.0,0.9914386553263084,0.0,0.8398028009349826,0.2841403195376753,0.0,0.16301350317879548,0.0,0.4401076418090358,0.23074236640258053,0.0732,0.0,1.0,0.0,0.860018
0.46337437105053303,0.13333333333333333,0.0,0.7300145467034348,0.0,0.19548478463257635,0.49123856815210715,0.0,0.5498015505896058,0.0,0.36897139983401517,0.2772511069643107,0.3976,0.0,1.0,0.0,0.961879
0.9027409207304202,0.6666666666666666,0.0,0.7212574654882711,0.0,0.3424603143020322,0.37073748533844175,0.0,0.9434122232885488,0.0,0.3256285086745362,0.10972944083364318,0.924,0.0,1.0,0.0,0.969503
0.6883385892438959,0.26666666666666666,0.0,0.9259981058734573,0.0,0.07562280469628078,0.06558184497157085,0.0,0.31246929627625974,0.0,0.17508878818747117,0.8187534812889132,0.7986,0.0,1.0,0.0,0.860018
0.8086144183123943,0.5333333333333333,0.0,0.9393490772127124,0.0,0.28803878085630313,0.848884819536304,0.0,0.23802813438959572,0.0,0.4203973191035977,0.4711548037045872,0.5872,0.0,1.0,0.0,0.914303
0.031077003267331968,0.0,1.0,0.0,1.0,0.8087548910608419,0.0,1.0,0.0,1.0,0.4176746271202293,0.13168368215575643,0.9056,0.0,0.0,1.0,0.972248
0.8975700657057544,0.0,1.0,0.0,1.0,0.47659276458499233,0.0,1.0,0.0,1.0,0.6788291085248265,0.3454743273758841,0.1446,0.0,0.0,1.0,0.959744
0.41152864839488645,0.0,1.0,0.0,1.0,0.6686716869247263,0.0,1.0,0.0,1.0,0.520784664723617,0.9269664679047246,0.6146,0.0,0.0,1.0,0.915218
0.5651585399221196,0.26666666666666666,0.0,0.7496276604261721,0.0,0.5229069913345399,0.9462857194613595,0.0,0.33175808158042347,0.0,0.25010006043018096,0.04418494598269995,0.7686,0.0,1.0,0.0,0.973468
0.08364352328708077,0.0,1.0,0.0,1.0,0.8573530148280297,0.0,1.0,0.0,1.0,0.8217427066469787,0.319911835584716,0.4342,0.0,0.0,1.0,0.940531
0.28257870500299564,0.4666666666666667,0.0,0.7467744994391993,0.0,0.04411237823548798,0.4395307269787799,0.0,0.529512849182074,0.0,0.4737680964440137,0.840288522097076,0.9604,0.0,1.0,0.0,0.860018
0.9707028447672209,0.0,1.0,0.0,1.0,0.7797742663735938,0.0,1.0,0.0,1.0,0.1888896092918886,0.21690271236870223,0.4174,0.0,0.0,1.0,0.967063
0.7057020888237896,0.6,0.0,0.829005531298535,0.0,0.4068657736741908,0.1860972864076765,0.0,0.5659796313678345,0.0,0.8492922600064393,0.01781915772498179,0.0656,0.0,1.0,0.0,0.939616
0.8298660905838366,0.6,0.0,0.9980935473321502,0.0,0.4527830089682761,0.9293429426685587,0.0,0.576664225417263,0.0,0.8012011787734907,0.4541277675707532,0.7902,0.0,1.0,0.0,0.860018
0.05439716776536652,0.2,0.0,0.9912866351535793,0.0,0.6935772956959725,0.29051377600773726,0.0,0.5469414879699264,0.0,0.3269941923310312,0.970217471518218,0.093,0.0,1.0,0.0,0.860018
0.5337395849624808,1.0,0.0,0.8366297623446851,0.0,0.7559669008423784,0.9523465739031233,0.0,0.8804833516376999,0.0,0.5421430649555241,0.6924945673709564,0.7868,0.0,1.0,0.0,0.95212
0.5815847388740432,0.9333333333333333,0.0,0.7917792949791032,0.0,0.7579563165081135,0.8171236479832644,0.0,0.9348768125706725,0.0,0.9017435233057881,0.1351986703300134,0.4956,0.0,1.0,0.0,0.962184
0.5925942867360516,0.0,1.0,0.8969936553749968,0.0,0.03090689995201375,0.18747546735417825,0.0,0.47546780327003063,0.0,0.20570608509292013,0.669543411112252,0.8612,0.0,1.0,0.0,0.860018
0.31830458201875994,0.6666666666666666,0.0,0.897130680713394,0.0,0.6897405504654096,0.14663370626895,0.0,0.9360655771801845,0.0,0.19467583527700083,0.29063654219987933,0.0166,0.0,1.0,0.0,0.880146
0.5253987355276447,0.0,1.0,0.0,1.0,0.0814655800047587,0.0,1.0,0.0,1.0,0.9982774550560921,0.44173042265290696,0.7714,0.0,0.0,1.0,0.915523
0.5436706357100467,0.0,1.0,0.0,1.0,0.9441880384468264,0.0,1.0,0.0,1.0,0.4197821909243161,0.5688019698223307,0.4628,0.0,0.0,1.0,0.964013
0.655041361490322,0.0,1.0,0.0,1.0,0.8311379870625967,0.0,1.0,0.0,1.0,0.954278840859073,0.667263637064675,0.9974,0.0,0.0,1.0,0.917048
0.50096154051724,0.0,1.0,0.0,1.0,0.41423584691381893,0.0,1.0,0.0,1.0,0.5488386988112663,0.24231689655413916,0.0748,0.0,0.0,1.0,0.970723
0.7769027034034713,0.6,0.0,0.9730201730936697,0.0,0.1739493710467765,0.7641966897272603,0.0,0.6154306927285165,0.0,0.49451185438621215,0.6595827401304176,0.5582,0.0,1.0,0.0,0.860018
0.49993817335220564,0.0,1.0,0.0,1.0,0.382729322357832,0.0,1.0,0.0,1.0,0.6252170150359275,0.03617394209895514,0.5032,0.0,0.0,1.0,0.965233
0.18359166273154257,0.0,1.0,0.0,1.0,0.452692493065831,0.0,1.0,0.0,1.0,0.594315668214435,0.0967801596848551,0.8606,0.0,0.0,1.0,0.968893
0.3801009055450997,0.0,1.0,0.0,1.0,0.002825270825664556,0.0,1.0,0.0,1.0,0.9065845577952965,0.7052019084580874,0.8866,0.0,0.0,1.0,0.917658
0.9152296208723005,0.06666666666666667,0.0,0.8790609162734928,0.0,0.963886823717641,0.6056293490587276,0.0,0.21394096732614107,0.0,0.4780154797463021,0.7792178941567613,0.3702,0.0,1.0,0.0,0.911863
0.642208444385681,0.0,1.0,0.0,1.0,0.893373098618937,0.0,1.0,0.0,1.0,0.11358587712951793,0.7819355506060705,0.0384,0.0,0.0,1.0,0.923452
0.08914034495145365,0.2,0.0,0.8133739543311703,0.0,0.9980849338054846,0.7354379713674967,0.0,0.0008774054651638296,0.0,0.6332294506231573,0.8242733041492005,0.0234,0.0,1.0,0.0,0.860018
0.439702544819268,0.0,1.0,0.0,1.0,0.3193381016472769,0.0,1.0,0.0,1.0,0.6208809285008887,0.7059808131023985,0.6692,0.0,0.0,1.0,0.94236
0.015384284737465071,1.0,0.0,0.8415971227024979,0.0,0.20361319742524403,0.9769047006449406,0.0,0.9349021647778323,0.0,0.02120792570013817,0.6313393567579595,0.2618,0.0,1.0,0.0,0.910948
0.124150221262422,0.8666666666666667,0.0,0.871900746924242,0.0,0.47182680673302524,0.20040147679740297,0.0,0.7251946709862186,0.0,0.1529092054834983,0.2919481225079333,0.515,0.0,1.0,0.0,0.924062
0.7824878338728583,0.0,1.0,0.0,1.0,0.36646513372585204,0.0,1.0,0.0,1.0,0.2913759305179846,0.6874602472124947,0.5352,0.0,0.0,1.0,0.94968
0.9449617188855111,0.0,1.0,0.0,1.0,0.4946661263997727,0.0,1.0,0.0,1.0,0.6592618952149993,0.8498498498921533,0.5758,0.0,0.0,1.0,0.915218
0.9852749112408138,0.8666666666666667,0.0,0.9335288289213783,0.0,0.21450483987238195,0.27093794130526566,0.0,0.9070699375882165,0.0,0.03619899252526908,0.07816922170878782,0.4,0.0,1.0,0.0,0.873132
0.373499225961457,0.0,1.0,0.0,1.0,0.07200588423263947,0.0,1.0,0.0,1.0,0.2855742720482029,0.848558421586008,0.8242,0.0,0.0,1.0,0.915218
0.8337490127918268,0.0,1.0,0.7688850440121097,0.0,0.9156639531533526,0.36649045498128124,0.0,0.21633978625234157,0.0,0.5092189827062454,0.5848622572338259,0.2222,0.0,1.0,0.0,0.967978
0.2058812952673435,0.06666666666666667,0.0,0.6672232520586595,0.0,0.7232481780073207,0.7945718032086159,0.0,0.11471627074389325,0.0,0.41386842139607466,0.7402899886859345,0.285,0.0,1.0,0.0,0.89936
0.4339784417888461,0.6,0.0,0.6861406452931229,0.0,0.030822122117478163,0.4200525310486032,0.0,0.6793588031665689,0.0,0.02033554864616668,0.8077478923464447,0.901,0.0,1.0,0.0,0.860628
0.2078234832178634,0.0,1.0,0.6919984047221226,0.0,0.014122135796218682,0.6437900432390284,0.0,0.2484701370256256,0.0,0.6924945885906169,0.6770225239999582,0.1356,0.0,1.0,0.0,0.860933
0.4218769926340762,0.0,1.0,0.0,1.0,0.8545687817587793,0.0,1.0,0.0,1.0,0.17720100677682066,0.9112735490853798,0.979,0.0,0.0,1.0,0.915218
0.5663292259739511,0.8,0.0,0.8571420433588809,0.0,0.557582141300135,0.14659935389109446,0.0,0.9309699707403166,0.0,0.9567580115252966,0.060030972128835236,0.1412,0.0,1.0,0.0,0.915218
0.4251010150048723,0.3333333333333333,0.0,0.6890035961662732,0.0,0.9721248933536979,0.47563698583740915,0.0,0.24618862837443137,0.0,0.022236665951138785,0.17557406943103662,0.3686,0.0,1.0,0.0,0.976212
0.826722645385386,0.4666666666666667,0.0,0.8000203142176516,0.0,0.9202193429592136,0.7318347173494594,0.0,0.6138351349174574,0.0,0.2839108647339669,0.5363204640271179,0.5636,0.0,1.0,0.0,0.971333
0.9969059034339798,0.4666666666666667,0.0,0.9025572610971264,0.0,0.12810170877832236,0.4887580760775432,0.0,0.8707399246053323,0.0,0.9783975866222014,0.046480986683805174,0.0028,0.0,1.0,0.0,0.860018
0.9071166829573708,0.0,1.0,0.9350269992059231,0.0,0.08647033335977057,0.04491949204242654,0.0,0.9196034424822958,0.0,0.6562004301678902,0.45798597231904814,0.2318,0.0,1.0,0.0,0.860018
0.2274332490697055,0.0,1.0,0.0,1.0,0.11515015769556032,0.0,1.0,0.0,1.0,0.031180516900147753,0.8644275589494975,0.5116,0.0,0.0,1.0,0.915523
0.11204003920729014,0.4666666666666667,0.0,0.7828748807177676,0.0,0.39956497146887354,0.8698277560789084,0.0,0.3263484118539118,0.0,0.01902941097010518,0.5244568880322262,0.0684,0.0,1.0,0.0,0.94785
0.6026038188030056,0.0,1.0,0.0,1.0,0.5954502443230152,0.0,1.0,0.0,1.0,0.5338869071975346,0.6104783513958766,0.2288,0.0,0.0,1.0,0.959744
0.02436456918509507,0.0,1.0,0.0,1.0,0.3248661768542557,0.0,1.0,0.0,1.0,0.2530695862065921,0.5962391829335948,0.9662,0.0,0.0,1.0,0.961879
0.8579821731039109,0.26666666666666666,0.0,0.9068775409455111,0.0,0.8037389561105039,0.7980779283684655,0.0,0.6104212232559655,0.0,0.612119941704986,0.3814038718932875,0.1234,0.0,1.0,0.0,0.94419
0.15624406343436079,0.0,1.0,0.0,1.0,0.37943038524904166,0.0,1.0,0.0,1.0,0.01675823610788284,0.1275818448684481,0.2548,0.0,0.0,1.0,0.967063
0.11126104173146709,0.26666666666666666,0.0,0.8100861358816122,0.0,0.8144547618416667,0.5197631139299633,0.0,0.9999423932007686,0.0,0.6719592579323789,0.21614569254618743,0.157,0.0,1.0,0.0,0.94968
0.5837834995218615,0.26666666666666666,0.0,0.8899156719200705,0.0,0.3654062057042393,0.6962905684767526,0.0,0.24393446546116418,0.0,0.6957049634415119,0.359466484964645,0.6476,0.0,1.0,0.0,0.926502
0.38925981332937054,0.06666666666666667,0.0,0.9707381772408795,0.0,0.19619934126524055,0.17871148675068244,0.0,0.8455868414137309,0.0,0.07445843581013788,0.8409037742444395,0.3162,0.0,1.0,0.0,0.860018
0.28264393934161114,1.0,0.0,0.6616289912041579,0.0,0.43611403578178604,0.4024489491138841,0.0,0.7524324457878311,0.0,0.9059920819029662,0.32805103917092426,0.6388,0.0,1.0,0.0,0.959134
0.7754214714127112,0.0,1.0,0.0,1.0,0.15410801327577328,0.0,1.0,0.0,1.0,0.11733492481524663,0.8737387523597778,0.356,0.0,0.0,1.0,0.915218
0.30917866726127186,0.0,1.0,0.0,1.0,0.8444656148974464,0.0,1.0,0.0,1.0,0.2820539745073551,0.38564583018420334,0.949,0.0,0.0,1.0,0.973163
0.10049735171097122,0.0,1.0,0.0,1.0,0.5530704810946693,0.0,1.0,0.0,1.0,0.9594834598847565,0.5168554221288427,0.8082,0.0,0.0,1.0,0.922842
0.7915834668500565,0.0,1.0,0.8067163983525064,0.0,0.8274046006313187,0.05753851456630479,0.0,0.9611199722167092,0.0,0.08326344569248913,0.7174000617287976,0.8734,0.0,1.0,0.0,0.94785
0.4617989438405913,0.0,1.0,0.0,1.0,0.5893341517358632,0.0,1.0,0.0,1.0,0.1898036355058273,0.22533850884316264,0.575,0.0,0.0,1.0,0.967368
0.12404563143724463,0.0,1.0,0.0,1.0,0.554503049215202,0.0,1.0,0.0,1.0,0.06563926159045268,0.3899212001979097,0.8532,0.0,0.0,1.0,0.971943
0.8271505810385926,0.0,1.0,0.0,1.0,0.3069622817643032,0.0,1.0,0.0,1.0,0.7899243474460953,0.5398412176510927,0.5982,0.0,0.0,1.0,0.941446
0.7972693569501594,0.0,1.0,0.0,1.0,0.7810002565985557,0.0,1.0,0.0,1.0,0.6796532021169163,0.037979806599397384,0.072,0.0,0.0,1.0,0.959439
0.5421652901952195,0.0,1.0,0.0,1.0,0.2294452561910574,0.0,1.0,0.0,1.0,0.18861492394629645,0.6616657103354048,0.987,0.0,0.0,1.0,0.956389
0.14863417036252533,0.0,1.0,0.0,1.0,0.9753948751529162,0.0,1.0,0.0,1.0,0.035369288847861426,0.8841949821575573,0.6554,0.0,0.0,1.0,0.917048
0.2594572508827832,0.6666666666666666,0.0,0.8851968385030399,0.0,0.28698575202672627,0.1650036106400886,0.0,0.09902781621002436,0.0,0.7073953845926331,0.3921792696373598,0.785,0.0,1.0,0.0,0.860018
0.5387745463544862,0.9333333333333333,0.0,0.7470608198117817,0.0,0.27115369876986706,0.8731899399371829,0.0,0.48625577313570634,0.0,0.614177559178617,0.7201123379705059,0.286,0.0,1.0,0.0,0.943885
0.19702970925281482,0.0,1.0,0.0,1.0,0.5803652903486091,0.0,1.0,0.0,1.0,0.3256553562431203,0.1183038510176132,0.176,0.0,0.0,1.0,0.968283
0.3304333250743915,0.0,1.0,0.0,1.0,0.12714209445561442,0.0,1.0,0.0,1.0,0.005891083028606882,0.130280204052285,0.014,0.0,0.0,1.0,0.966758
0.11128755003826321,0.7333333333333333,0.0,0.8554567560138344,0.0,0.21310821803240734,0.9248453416834601,0.0,0.012798879649305796,0.0,0.6249839183144116,0.29275012732428835,0.8572,0.0,1.0,0.0,0.860018
0.9577938372241444,0.0,1.0,0.0,1.0,0.07947260284386248,0.0,1.0,0.0,1.0,0.28662501959122905,0.5675864955022046,0.122,0.0,0.0,1.0,0.965233
0.013178688243573704,0.0,1.0,0.0,1.0,0.7079881172651172,0.0,1.0,0.0,1.0,0.60163942764091,0.9291985636165216,0.6674,0.0,0.0,1.0,0.854529
0.7917023052093435,0.0,1.0,0.0,1.0,0.4705716311542176,0.0,1.0,0.0,1.0,0.5720995240851843,0.3150091069390238,0.2708,0.0,0.0,1.0,0.969503
0.7633266306184131,1.0,0.0,0.8600837054810098,0.0,0.6666059354439408,0.20370261252804553,0.0,0.9484439019325387,0.0,0.23279979115044172,0.23360129229861976,0.1722,0.0,1.0,0.0,0.958524
0.4089627883308468,0.0,1.0,0.0,1.0,0.10351436532914948,0.0,1.0,0.0,1.0,0.9844711474918499,0.7027817364215986,0.4486,0.0,0.0,1.0,0.915523
0.26095762547338763,0.0,1.0,0.0,1.0,0.035780141791904946,0.0,1.0,0.0,1.0,0.22904269403453173,0.25758490247506166,0.6446,0.0,0.0,1.0,0.972248
0.4546318744908811,1.0,0.0,0.9052593524763444,0.0,0.2708000403911186,0.9274960421555543,0.0,0.7584309030339054,0.0,0.5833678518297014,0.5447606754455798,0.8326,0.0,1.0,0.0,0.924977
0.3731946378976189,0.4666666666666667,0.0,0.6653624756649176,0.0,0.9474869916214618,0.502302735201971,0.0,0.2787116322974587,0.0,0.5630182976679405,0.44779641245770935,0.586,0.0,1.0,0.0,0.976822
0.7833824723949914,0.6666666666666666,0.0,0.6664303348990305,0.0,0.5007109865224857,0.1418521797538733,0.0,0.45023270125859,0.0,0.03304359386626647,0.9586369941451267,0.2842,0.0,1.0,0.0,0.89875
0.7851545738401949,0.06666666666666667,0.0,0.8494820350918358,0.0,0.35096905011948903,0.3849142847483432,0.0,0.7949314178464616,0.0,0.7513020635292017,0.6974521557382726,0.1394,0.0,1.0,0.0,0.929552
0.5406242502443582,0.8666666666666667,0.0,0.6611758945704089,0.0,0.6074231588896752,0.19450492855559057,0.0,0.5971824110411512,0.0,0.36528154311593397,0.1623155636378465,0.0198,0.0,1.0,0.0,0.969503
0.4187734942503845,0.0,1.0,0.0,1.0,0.9945300414740914,0.0,1.0,0.0,1.0,0.10392476437012907,0.7506436355952458,0.3576,0.0,0.0,1.0,0.937176
0.23622225835024657,0.0,1.0,0.0,1.0,0.6687953604030004,0.0,1.0,0.0,1.0,0.06877857619827778,0.49489244976147906,0.641,0.0,0.0,1.0,0.971638
0.3559241069743905,0.3333333333333333,0.0,0.7218504592177137,0.0,0.14278271408783866,0.28162117946637166,0.0,0.12892226343349755,0.0,0.010086885516106169,0.5541604599814309,0.5488,0.0,1.0,0.0,0.951815
0.989642703626859,0.0,1.0,0.7610836928198916,0.0,0.5942237665345825,0.6960334942319952,0.0,0.01445356024637776,0.0,0.6813615136553639,0.5480243243658188,0.696,0.0,1.0,0.0,0.961269
0.5325902178079562,0.26666666666666666,0.0,0.9476611220548701,0.0,0.3795855391686223,0.011866249366776606,0.0,0.23529491755754584,0.0,0.27492650312643085,0.3678884221436969,0.9764,0.0,1.0,0.0,0.860018
0.32541057700914494,0.2,0.0,0.9238091827733304,0.0,0.5687480584571762,0.7803946552409899,0.0,0.07398443984321099,0.0,0.020834071561886908,0.36615590092392014,0.043,0.0,1.0,0.0,0.860018
0.8784943549950661,0.0,1.0,0.0,1.0,0.49615647242159905,0.0,1.0,0.0,1.0,0.260696571658729,0.40381796082342,0.7976,0.0,0.0,1.0,0.972553
0.28484841385026266,0.0,1.0,0.0,1.0,0.643484630625851,0.0,1.0,0.0,1.0,0.7436589335337132,0.34836663125782824,0.651,0.0,0.0,1.0,0.950595
0.47677261005556976,0.0,1.0,0.0,1.0,0.28716688558196735,0.0,1.0,0.0,1.0,0.49178119887602323,0.9158301528083594,0.8032,0.0,0.0,1.0,0.915218
0.5853760356465876,0.0,1.0,0.0,1.0,0.674997913547329,0.0,1.0,0.0,1.0,0.5699663787613369,0.704097006861635,0.8212,0.0,0.0,1.0,0.945105
0.060459586042317756,0.6666666666666666,0.0,0.8549608075446984,0.0,0.4123704667899667,0.46163888105309875,0.0,0.20574924275627807,0.0,0.8626788110178747,0.7045626197880477,0.2732,0.0,1.0,0.0,0.860018
0.9726028852065725,0.0,1.0,0.0,1.0,0.8834709888234307,0.0,1.0,0.0,1.0,0.44078557745666036,0.44928156668843966,0.7716,0.0,0.0,1.0,0.972248
0.8831501977518033,0.7333333333333333,0.0,0.7506043105858534,0.0,0.49663449022035455,0.6396834849048166,0.0,0.4154473570345225,0.0,0.6645388334030857,0.19296223946431787,0.1934,0.0,1.0,0.0,0.971943
0.17803779410394308,0.0,1.0,0.0,1.0,0.8107518800262372,0.0,1.0,0.0,1.0,0.00467591172707053,0.6929083837089808,0.4904,0.0,0.0,1.0,0.94358
0.9569058051015134,0.6666666666666666,0.0,0.8800722449914657,0.0,0.6263708510020897,0.864679562669954,0.0,0.9919599276603699,0.0,0.9268152409203213,0.8073902071866081,0.3618,0.0,1.0,0.0,0.908509
0.1076147456466851,0.7333333333333333,0.0,0.843319400824205,0.0,0.20807864248109503,0.2974320680173731,0.0,0.6193303697692443,0.0,0.6917497830169808,0.45435640922831527,0.067,0.0,1.0,0.0,0.860018
0.130981368422676,0.06666666666666667,0.0,0.9430474353760987,0.0,0.0760105121888409,0.4592527403182838,0.0,0.2803558623415055,0.0,0.7278219224139418,0.2310428084747047,0.2724,0.0,1.0,0.0,0.860018
0.7810147115031505,0.9333333333333333,0.0,0.9516897915345953,0.0,0.06692471845876688,0.34712669588424,0.0,0.5091480268906869,0.0,0.33970501950479126,0.02509486864500229,0.4682,0.0,1.0,0.0,0.860018
0.3284435086197736,0.8,0.0,0.7087038291761505,0.0,0.24842806987065094,0.0917910358718229,0.0,0.28624029461030065,0.0,0.15597804825814895,0.49331525029539486,0.0128,0.0,1.0,0.0,0.885636
0.6418503571008223,0.0,1.0,0.0,1.0,0.27638707212703884,0.0,1.0,0.0,1.0,0.2246218088093038,0.46953036721584246,0.4682,0.0,0.0,1.0,0.972553
0.020353353170537863,0.0,1.0,0.0,1.0,0.5554181790756338,0.0,1.0,0.0,1.0,0.5461803944330613,0.2850356729051847,0.8984,0.0,0.0,1.0,0.969808
0.3289689972945139,0.6,0.0,0.8281604181369212,0.0,0.8833499280241064,0.685595758525145,0.0,0.7214406823475176,0.0,0.587390034758339,0.7133574865924064,0.6324,0.0,1.0,0.0,0.953644
0.020074761710943967,0.06666666666666667,0.0,0.9677213155432767,0.0,0.03312508486928179,0.3971612578740474,0.0,0.6394078696073446,0.0,0.6661852261135975,0.13457620540129567,0.9844,0.0,1.0,0.0,0.860018
0.1767789420022675,0.0,1.0,0.0,1.0,0.33279186406159367,0.0,1.0,0.0,1.0,0.3885597088857516,0.0705883552799583,0.2798,0.0,0.0,1.0,0.970723
0.6763925232048832,0.0,1.0,0.0,1.0,0.40474178653194615,0.0,1.0,0.0,1.0,0.5245603829936076,0.6147457072440822,0.0032,0.0,0.0,1.0,0.952425
0.14764084034191355,0.0,1.0,0.6948467206376314,0.0,0.06630659671184191,0.9738349040967693,0.0,0.5230716469600566,0.0,0.804385680984881,0.9359191305722185,0.452,0.0,1.0,0.0,0.139982
0.1441842963866858,0.0,1.0,0.0,1.0,0.21435587828830086,0.0,1.0,0.0,1.0,0.35366633122839336,0.6182536841706684,0.4352,0.0,0.0,1.0,0.959744
0.9504493431952559,0.26666666666666666,0.0,0.8192317124311768,0.0,0.5069486589056088,0.3081497710168422,0.0,0.34982621160365096,0.0,0.6056600173346841,0.9543030971920993,0.934,0.0,1.0,0.0,0.865813
0.23929516429089906,0.0,1.0,0.0,1.0,0.7781218192348076,0.0,1.0,0.0,1.0,0.011690124507551101,0.3738464313998442,0.5054,0.0,0.0,1.0,0.971638
0.37857835342006346,0.0,1.0,0.7014468939702599,0.0,0.7955818015210164,0.21303421624359462,0.0,0.6964791145508038,0.0,0.681518547155397,0.22410072866238506,0.0556,0.0,1.0,0.0,0.953339
0.004722770426106915,0.0,1.0,0.0,1.0,0.5864012157659216,0.0,1.0,0.0,1.0,0.519973695512509,0.628207716105883,0.8382,0.0,0.0,1.0,0.956084
0.21419549350547587,0.0,1.0,0.0,1.0,0.17438390582093222,0.0,1.0,0.0,1.0,0.47079094242479125,0.8433299990755323,0.1484,0.0,0.0,1.0,0.873132
0.6503338796987358,0.6666666666666666,0.0,0.6997463584793193,0.0,0.8747617202920754,0.9763873508727526,0.0,0.36699713217280816,0.0,0.25252251513941,0.018803199396409717,0.9512,0.0,1.0,0.0,0.971943
0.5477699000759872,0.5333333333333333,0.0,0.979235673558261,0.0,0.3250452593366102,0.5241496623748682,0.0,0.8585263630056073,0.0,0.7459947915049394,0.10358181920460359,0.316,0.0,1.0,0.0,0.860018
0.1846646845613138,0.0,1.0,0.0,1.0,0.6275422234076302,0.0,1.0,0.0,1.0,0.8780201129026465,0.9759116879931686,0.4986,0.0,0.0,1.0,0.911863
0.668795642320276,0.0,1.0,0.0,1.0,0.6009544603530442,0.0,1.0,0.0,1.0,0.23524700769842535,0.015140497043000271,0.353,0.0,0.0,1.0,0.968283
0.891325567253118,0.8,0.0,0.7957634925894222,0.0,0.0006143793363782472,0.25600646925000536,0.0,0.20980856268157622,0.0,0.08992339392175587,0.3339431517204247,0.6202,0.0,1.0,0.0,0.928942
0.22093545622371014,0.0,1.0,0.0,1.0,0.25398930731022573,0.0,1.0,0.0,1.0,0.43203521535586276,0.8665025483580915,0.9804,0.0,0.0,1.0,0.915523
0.252483742811246,0.9333333333333333,0.0,0.8780899234261702,0.0,0.8266892227778496,0.17185087859975964,0.0,0.528969394580122,0.0,0.13481495756531245,0.17896017143360515,0.458,0.0,1.0,0.0,0.94297
0.979533885852699,0.0,1.0,0.0,1.0,0.36359982145900704,0.0,1.0,0.0,1.0,0.7020850198432173,0.3257774064626804,0.8044,0.0,0.0,1.0,0.956084
0.9237495341950865,0.0,1.0,0.0,1.0,0.20867824380123579,0.0,1.0,0.0,1.0,0.1088549537068143,0.5298446488468695,0.5416,0.0,0.0,1.0,0.968893
0.8843752024372268,0.0,1.0,0.9037587629486405,0.0,0.46434127222317323,0.27220680458372476,0.0,0.1599642302278376,0.0,0.2644294495074008,0.6697058302273502,0.7794,0.0,1.0,0.0,0.924367
0.07209096571553879,0.0,1.0,0.8868237558184108,0.0,0.22493022891043998,0.9118913014002802,0.0,0.4726555902783174,0.0,0.10677065152740624,0.2676287266110572,0.4462,0.0,1.0,0.0,0.922842
0.8338323132793457,0.0,1.0,0.0,1.0,0.5507297475411195,0.0,1.0,0.0,1.0,0.6135548658427605,0.2720629390579282,0.4672,0.0,0.0,1.0,0.966148
0.9796622780364648,0.6,0.0,0.7896294717729185,0.0,0.5385403631750963,0.4838892194372803,0.0,0.7015804852795327,0.0,0.1214153086227595,0.6414663169955352,0.9688,0.0,1.0,0.0,0.961269
0.8536696956368698,0.0,1.0,0.0,1.0,0.36602738787822847,0.0,1.0,0.0,1.0,0.10982407034328287,0.3644417279239571,0.5046,0.0,0.0,1.0,0.970418
0.6067796719906455,0.4666666666666667,0.0,0.9978488195391921,0.0,0.23833184717979833,0.6368631357765231,0.0,0.15253113375663915,0.0,0.08525225613135004,0.5335270496709943,0.9198,0.0,1.0,0.0,0.860018
0.2395437150912847,0.0,1.0,0.0,1.0,0.12606221866758177,0.0,1.0,0.0,1.0,0.09127225786780885,0.9130851480842259,0.5578,0.0,0.0,1.0,0.915218
0.1630426833436654,0.9333333333333333,0.0,0.9261067884985774,0.0,0.6919612425858612,0.3258103734562602,0.0,0.9962065852273927,0.0,0.20509052247807363,0.37226409069586336,0.0716,0.0,1.0,0.0,0.919488
0.3826301961703977,0.3333333333333333,0.0,0.6660651140763015,0.0,0.4012304053985911,0.6793272826591675,0.0,0.634203505609793,0.0,0.8459137831151974,0.6174889775904252,0.3922,0.0,1.0,0.0,0.961574
0.6780905391967543,0.0,1.0,0.0,1.0,0.8250715786834008,0.0,1.0,0.0,1.0,0.2880232767953206,0.15898668088264764,0.6542,0.0,0.0,1.0,0.969503
0.4710158172369402,0.6666666666666666,0.0,0.9682721714209683,0.0,0.12604237525338294,0.4291039837627512,0.0,0.16563332205743597,0.0,0.07773567060846266,0.45692757994573396,0.277,0.0,1.0,0.0,0.860018
0.5018501832134086,0.3333333333333333,0.0,0.8587680208996232,0.0,0.21298555390831334,0.4799030692865178,0.0,0.8458077489307914,0.0,0.12288457510601171,0.02799166316795408,0.6408,0.0,1.0,0.0,0.930467
0.41431656394841576,0.0,1.0,0.0,1.0,0.5982442028166501,0.0,1.0,0.0,1.0,0.3971555378772928,0.9686471482891731,0.773,0.0,0.0,1.0,0.908814
0.9606107551497904,0.0,1.0,0.0,1.0,0.6385860711096839,0.0,1.0,0.0,1.0,0.09663244015540232,0.6920999261918319,0.2854,0.0,0.0,1.0,0.948765
0.6849533399930624,0.0,1.0,0.0,1.0,0.4394490020615823,0.0,1.0,0.0,1.0,0.9643309680240056,0.7063170525211964,0.1682,0.0,0.0,1.0,0.915523
0.052804724391330646,0.3333333333333333,0.0,0.7717608120854632,0.0,0.46346613490787114,0.5073696189647628,0.0,0.5926197921189466,0.0,0.12215146937430878,0.20517324392348435,0.4018,0.0,1.0,0.0,0.957304
0.7277961823017227,0.0,1.0,0.0,1.0,0.5293340183288118,0.0,1.0,0.0,1.0,0.49814601001410697,0.9190308724644431,0.578,0.0,0.0,1.0,0.915218
0.6434414822621679,0.6666666666666666,0.0,0.827472211341235,0.0,0.11854096163481004,0.8496420205639862,0.0,0.8122565995587534,0.0,0.668491885036723,0.8530237379389501,0.144,0.0,1.0,0.0,0.860018
0.3033164433077251,0.13333333333333333,0.0,0.9836117444913044,0.0,0.508651505997392,0.9178547855313778,0.0,0.20498844976050107,0.0,0.06809119539650436,0.7557655853386765,0.7764,0.0,1.0,0.0,0.860018
0.7459010767694435,0.0,1.0,0.0,1.0,0.6991383668889772,0.0,1.0,0.0,1.0,0.12721397754769478,0.1843676789638165,0.4236,0.0,0.0,1.0,0.965843
0.053394960683026814,0.0,1.0,0.0,1.0,0.0851720042226052,0.0,1.0,0.0,1.0,0.8516605038690634,0.049182548193009476,0.6476,0.0,0.0,1.0,0.931382
0.9928393726183434,0.0,1.0,0.0,1.0,0.09404321973194349,0.0,1.0,0.0,1.0,0.6887061366757592,0.8408919910417254,0.6722,0.0,0.0,1.0,0.915218
0.4406689320289102,0.0,1.0,0.0,1.0,0.9245098626283305,0.0,1.0,0.0,1.0,0.48556769586856036,0.9458928155419545,0.0086,0.0,0.0,1.0,0.860018
0.7733911303850336,0.0,1.0,0.0,1.0,0.9771996192849225,0.0,1.0,0.0,1.0,0.6635599216939111,0.6606984128754642,0.1708,0.0,0.0,1.0,0.94724
0.6979242787175702,0.06666666666666667,0.0,0.6743077159494436,0.0,0.9718517034375929,0.05245583813496143,0.0,0.019384678278571387,0.0,0.7722866176482187,0.03477262247957067,0.3906,0.0,1.0,0.0,0.89631
0.9391259410646735,0.0,1.0,0.0,1.0,0.467482709100488,0.0,1.0,0.0,1.0,0.18468007447831036,0.037287733666113876,0.3662,0.0,0.0,1.0,0.966453
0.762985163091198,0.0,1.0,0.0,1.0,0.4148781351842954,0.0,1.0,0.0,1.0,0.3347741544217243,0.030766435097347014,0.963,0.0,0.0,1.0,0.971638
0.4006505031404238,0.0,1.0,0.0,1.0,0.21804177221886123,0.0,1.0,0.0,1.0,0.10283751969560934,0.30998413815483356,0.5126,0.0,0.0,1.0,0.971638
0.9470367781607175,0.13333333333333333,0.0,0.8292519226187616,0.0,0.3250585232051601,0.8288985500796108,0.0,0.6085646870746338,0.0,0.8964843225995565,0.5411170410198531,0.0536,0.0,1.0,0.0,0.945715
0.9635209745815915,0.0,1.0,0.0,1.0,0.6566809641837478,0.0,1.0,0.0,1.0,0.9201821736454845,0.48964009538599684,0.808,0.0,0.0,1.0,0.920708
0.35102634145989847,0.5333333333333333,0.0,0.9539758012309733,0.0,0.7363372536551855,0.9517975256348111,0.0,0.5921671234949213,0.0,0.4623224494608318,0.5856972216703913,0.251,0.0,1.0,0.0,0.926197
0.3703046388992233,0.0,1.0,0.0,1.0,0.42138369668600584,0.0,1.0,0.0,1.0,0.9509388200029237,0.6615210204322153,0.0766,0.0,0.0,1.0,0.917963
0.6119871174551363,1.0,0.0,0.9203204917035136,0.0,0.43782462963778784,0.5369447621980927,0.0,0.9878865859632995,0.0,0.6883226208709401,0.19423253899810664,0.721,0.0,1.0,0.0,0.930467
0.6616545425184331,0.7333333333333333,0.0,0.9965564013879877,0.0,0.9428784320177795,0.9757878215735338,0.0,0.952433987758967,0.0,0.9092426646422088,0.4292020720895204,0.913,0.0,1.0,0.0,0.918573
0.8065493066960648,0.0,1.0,0.0,1.0,0.43314362657749017,0.0,1.0,0.0,1.0,0.40794225955865854,0.007329727286232577,0.9354,0.0,0.0,1.0,0.973468
0.2423750895439285,0.06666666666666667,0.0,0.964957680963921,0.0,0.37313223962806624,0.20692234198496762,0.0,0.8099578026976691,0.0,0.4390599132576568,0.7050854121300542,0.3278,0.0,1.0,0.0,0.860018
0.8786746203505599,0.0,1.0,0.0,1.0,0.5692598294322199,0.0,1.0,0.0,1.0,0.9425804635308963,0.37315649802611145,0.037,0.0,0.0,1.0,0.919793
0.9959832834388326,0.26666666666666666,0.0,0.823742796491428,0.0,0.052720912754099084,0.8306812160839082,0.0,0.34478086975333866,0.0,0.004680636087093074,0.7873171920955383,0.9344,0.0,1.0,0.0,0.887161
0.22853568993341075,0.8666666666666667,0.0,0.6946180098289213,0.0,0.19821680486955953,0.48950004301381633,0.0,0.08641508325291247,0.0,0.5790758470641553,0.1827864815142675,0.4536,0.0,1.0,0.0,0.954864
0.7639736056302966,0.0,1.0,0.0,1.0,0.8217505589541498,0.0,1.0,0.0,1.0,0.46497941965805784,0.9743891438255445,0.5194,0.0,0.0,1.0,0.908814
0.9038618743835803,0.8,0.0,0.7376569183019536,0.0,0.5459753785187262,0.4012363756960756,0.0,0.35329929122109033,0.0,0.9518045678629953,0.3788817510503203,0.226,0.0,1.0,0.0,0.965233
0.4853187004660963,0.0,1.0,0.0,1.0,0.9700313875434684,0.0,1.0,0.0,1.0,0.7682461345234008,0.5382073749580056,0.4868,0.0,0.0,1.0,0.94602
0.9955171147860242,0.8666666666666667,0.0,0.802046738680962,0.0,0.3795241753241422,0.9966367015486528,0.0,0.5566387815989595,0.0,0.23997880367349525,0.5932268743890018,0.6562,0.0,1.0,0.0,0.958524
0.47380358424534125,1.0,0.0,0.6625719986260612,0.0,0.9328664141463215,0.3773491278102564,0.0,0.560823146102587,0.0,0.5689419264763431,0.8259300089217121,0.308,0.0,1.0,0.0,0.921013
0.8026230698581063,0.9333333333333333,0.0,0.8017492337677664,0.0,0.8299065223427199,0.436482301652624,0.0,0.6177281745391705,0.0,0.09204140650455024,0.9820900931790235,0.112,0.0,1.0,0.0,0.89143
0.8435126245381019,0.0,1.0,0.0,1.0,0.7944977188099611,0.0,1.0,0.0,1.0,0.9375401845361867,0.5442838895629253,0.8296,0.0,0.0,1.0,0.919793
0.10445438426518115,0.6,0.0,0.8509089415219891,0.0,0.08157010858383669,0.06676672516378791,0.0,0.40244075995435313,0.0,0.22587953016823975,0.9059210369730518,0.8126,0.0,1.0,0.0,0.139982
0.8005118671115005,1.0,0.0,0.955273447143295,0.0,0.06379146212348726,0.7514957121316932,0.0,0.7449712908716652,0.0,0.6645645004098355,0.0916628104799032,0.6218,0.0,1.0,0.0,0.860018
0.3506358322511424,0.13333333333333333,0.0,0.9338389030046788,0.0,0.6019675702144035,0.6690405944541408,0.0,0.37102203004773965,0.0,0.759337731879502,0.0007279837394530266,0.7562,0.0,1.0,0.0,0.925282
0.11259441570762697,0.0,1.0,0.0,1.0,0.6178046893349007,0.0,1.0,0.0,1.0,0.6911814900229305,0.20964953391796426,0.3714,0.0,0.0,1.0,0.957914
0.36567776839488825,0.9333333333333333,0.0,0.8758874925718342,0.0,0.9502163714717358,0.9944392795591224,0.0,0.9479018105777994,0.0,0.6120140241759419,0.5908309665686815,0.469,0.0,1.0,0.0,0.952425
0.6254588676413617,0.9333333333333333,0.0,0.9926348568556919,0.0,0.6300549222741701,0.21884913003094345,0.0,0.5136756919680515,0.0,0.42810507075496235,0.4316787161702644,0.6186,0.0,1.0,0.0,0.860018
0.6603390689113448,0.0,1.0,0.0,1.0,0.8299102593979842,0.0,1.0,0.0,1.0,0.5293461986976061,0.6819500180313949,0.122,0.0,0.0,1.0,0.94907
0.6096534038473814,0.0,1.0,0.0,1.0,0.6216857639574087,0.0,1.0,0.0,1.0,0.3383150503767953,0.7881621680682627,0.3366,0.0,0.0,1.0,0.921622
0.9513334375633692,0.0,1.0,0.0,1.0,0.43938909974332613,0.0,1.0,0.0,1.0,0.6564222302847113,0.5989565278003525,0.3,0.0,0.0,1.0,0.95212
0.9000953774249724,1.0,0.0,0.6703797700755713,0.0,0.5147413244083904,0.029015878055880722,0.0,0.2717260713763173,0.0,0.8735392294454293,0.8500612427089481,0.863,0.0,1.0,0.0,0.860018
0.3044524838473929,0.3333333333333333,0.0,0.9285584325024137,0.0,0.2501236910575682,0.8319885976686247,0.0,0.19066062374885728,0.0,0.5162040023456494,0.6864731146106494,0.5562,0.0,1.0,0.0,0.860018
0.3140591366322605,0.26666666666666666,0.0,0.998360735787195,0.0,0.754141415471556,0.6278937647976598,0.0,0.10114379847641791,0.0,0.690133626179987,0.5359841584959703,0.4298,0.0,1.0,0.0,0.860018
0.9801264711735446,0.0,1.0,0.0,1.0,0.019173548090709182,0.0,1.0,0.0,1.0,0.47320196790917196,0.6298488164962333,0.1436,0.0,0.0,1.0,0.959134
0.33746650716962867,0.3333333333333333,0.0,0.8306478252678202,0.0,0.6518064233387885,0.862226277423461,0.0,0.07407516272293266,0.0,0.5454400308180876,0.06740309894501707,0.0278,0.0,1.0,0.0,0.904849
0.6159807015078049,0.8666666666666667,0.0,0.7238290973558461,0.0,0.17539413593777303,0.3998496409986401,0.0,0.6573685617800118,0.0,0.48563889951592165,0.5887945534523944,0.7472,0.0,1.0,0.0,0.962184
0.8735715365666598,0.0,1.0,0.0,1.0,0.8275259881028262,0.0,1.0,0.0,1.0,0.8915075274464968,0.03450330515954155,0.5372,0.0,0.0,1.0,0.925282
0.6123424419948434,0.26666666666666666,0.0,0.8994386887771195,0.0,0.5970271617330657,0.5283649774716044,0.0,0.29701228386580647,0.0,0.17725685261128957,0.9657730368540415,0.6916,0.0,1.0,0.0,0.860018
0.41100369674489506,0.4666666666666667,0.0,0.7486684061713498,0.0,0.21987884548790315,0.6295510017108372,0.0,0.42181031887833886,0.0,0.0365734535503055,0.7995752042411923,0.926,0.0,1.0,0.0,0.862153
0.6687960386807111,0.06666666666666667,0.0,0.8777528293651619,0.0,0.06865191694773785,0.2671727055039564,0.0,0.834391878341494,0.0,0.11203749618779799,0.1500775785541549,0.0558,0.0,1.0,0.0,0.917658
0.853411271825397,0.0,1.0,0.0,1.0,0.5331479677550965,0.0,1.0,0.0,1.0,0.7387455021913045,0.09864268508605686,0.8006,0.0,0.0,1.0,0.951205
0.3727153446721315,0.8,0.0,0.7040745711946369,0.0,0.559546572946928,0.6544248025388183,0.0,0.9090931182266164,0.0,0.10636686965454792,0.02949927347668731,0.6424,0.0,1.0,0.0,0.974077
0.32899055148988193,0.0,1.0,0.0,1.0,0.19099173915341947,0.0,1.0,0.0,1.0,0.5680635458831136,0.42321258568499875,0.5434,0.0,0.0,1.0,0.968588
0.5832001451374657,0.0,1.0,0.0,1.0,0.14809872852215264,0.0,1.0,0.0,1.0,0.23884493860449554,0.26167959579687466,0.366,0.0,0.0,1.0,0.968893
0.20670621285070942,0.0,1.0,0.0,1.0,0.20668137521325872,0.0,1.0,0.0,1.0,0.1672644958114488,0.4793175778296485,0.7608,0.0,0.0,1.0,0.972248
0.11679140197728002,0.0,1.0,0.0,1.0,0.6909440981018469,0.0,1.0,0.0,1.0,0.8375410205853925,0.8781590387813751,0.3806,0.0,0.0,1.0,0.915218
0.94462012973709,0.0,1.0,0.6677833406072097,0.0,0.20559098141915375,0.10661766958670724,0.0,0.4343602095149795,0.0,0.6311441198408655,0.13214116985797805,0.7324,0.0,1.0,0.0,0.974077
0.6646930423649232,0.0,1.0,0.0,1.0,0.03524551284474886,0.0,1.0,0.0,1.0,0.8010484683822279,0.2492557409059447,0.0588,0.0,0.0,1.0,0.946325
0.8427281353166913,0.8,0.0,0.9882766152112237,0.0,0.8723888657589621,0.8949177560642974,0.0,0.3970095667546175,0.0,0.08696771025443824,0.9030182018162333,0.738,0.0,1.0,0.0,0.860018
0.3345247559447022,0.0,1.0,0.0,1.0,0.07142334181305889,0.0,1.0,0.0,1.0,0.625289532262558,0.11116917202960887,0.8902,0.0,0.0,1.0,0.964928
0.08643849252162482,0.26666666666666666,0.0,0.8344953341163827,0.0,0.9099728461745902,0.46685340474102144,0.0,0.8411049944815069,0.0,0.5579419082947096,0.9667795723893814,0.3218,0.0,1.0,0.0,0.861543
0.18159854561709268,0.0,1.0,0.0,1.0,0.605545339843492,0.0,1.0,0.0,1.0,0.6241722023892781,0.6082948606772668,0.431,0.0,0.0,1.0,0.952425
0.6913302819635664,0.26666666666666666,0.0,0.6654870848740543,0.0,0.08003367593915628,0.15686915672122173,0.0,0.34889042865637326,0.0,0.23249490626446634,0.03752360518844138,0.6652,0.0,1.0,0.0,0.972858
0.30966214285140325,0.06666666666666667,0.0,0.7668085127916224,0.0,0.5937162781550201,0.5572593525421508,0.0,0.650800354511425,0.0,0.3612466224176577,0.9127225609264538,0.7446,0.0,1.0,0.0,0.860628
0.5827760422848551,0.0,1.0,0.0,1.0,0.9585104058969773,0.0,1.0,0.0,1.0,0.3878380803612814,0.5448564273020764,0.7614,0.0,0.0,1.0,0.966758
0.6425089361306087,0.0,1.0,0.0,1.0,0.11652953715836675,0.0,1.0,0.0,1.0,0.476018097635082,0.6609182322735276,0.1288,0.0,0.0,1.0,0.953949
0.4577023531600784,0.7333333333333333,0.0,0.9778216449720569,0.0,0.03892466913243162,0.018894907977355317,0.0,0.5817965093773118,0.0,0.6069287503994303,0.9864001950989291,0.0634,0.0,1.0,0.0,0.139982
0.9813490672101451,0.2,0.0,0.7338953380227327,0.0,0.1870142363974841,0.11313422145973628,0.0,0.9256177737002433,0.0,0.27891510526215735,0.724139543204354,0.9992,0.0,1.0,0.0,0.934431
0.24425515878081006,0.0,1.0,0.0,1.0,0.31715670565249815,0.0,1.0,0.0,1.0,0.5215848223783529,0.38698804460697084,0.403,0.0,0.0,1.0,0.970723
0.3163640806555354,0.0,1.0,0.0,1.0,0.1741575934795028,0.0,1.0,0.0,1.0,0.23831909720838243,0.23982754988269697,0.1538,0.0,0.0,1.0,0.969808
0.44971039909602545,0.13333333333333333,0.0,0.9102537790903489,0.0,0.30973315526844836,0.8570926163337166,0.0,0.38212274512277916,0.0,0.7000795761244362,0.9090758957178319,0.022,0.0,1.0,0.0,0.860018
0.21092595457104846,0.8,0.0,0.8380969787762289,0.0,0.538098443700332,0.5420623980146324,0.0,0.5133793485668446,0.0,0.24889413822471407,0.6202229861300099,0.9426,0.0,1.0,0.0,0.94907
0.5718586668808355,0.13333333333333333,0.0,0.6792901199829248,0.0,0.094782215774687,0.5035668425418243,0.0,0.051523190839703664,0.0,0.17936920290317232,0.12864039939148586,0.3536,0.0,1.0,0.0,0.962794
0.2590700651569284,0.6666666666666666,0.0,0.7098318512924502,0.0,0.32181439880147694,0.9367495526420512,0.0,0.929519167198438,0.0,0.9274605037625795,0.22371183652980972,0.9606,0.0,1.0,0.0,0.959134
0.31410665760015327,0.0,1.0,0.0,1.0,0.3615137785830669,0.0,1.0,0.0,1.0,0.26746575875122086,0.993698682692987,0.4182,0.0,0.0,1.0,0.909729
0.9976762862227714,0.0,1.0,0.0,1.0,0.6697328960635007,0.0,1.0,0.0,1.0,0.051917343901433786,0.6848733754252089,0.0314,0.0,0.0,1.0,0.95029
0.5111165993551884,0.8,0.0,0.8072460664558474,0.0,0.06338067127130682,0.5562087597434271,0.0,0.42991222350147645,0.0,0.6484711668683713,0.9714187367521352,0.608,0.0,1.0,0.0,0.139982
0.2597293016752664,0.0,1.0,0.0,1.0,0.748474708087519,0.0,1.0,0.0,1.0,0.5050208612073014,0.6502986059125349,0.6254,0.0,0.0,1.0,0.953034
0.24419839903912435,0.0,1.0,0.0,1.0,0.2210643795866097,0.0,1.0,0.0,1.0,0.5855930033891609,0.4048770085267813,0.8558,0.0,0.0,1.0,0.967978
0.40406994761091813,0.8666666666666667,0.0,0.6962349595304712,0.0,0.036756948198701046,0.10654525782529098,0.0,0.3873642327518118,0.0,0.44947239774175524,0.08675407654772065,0.8388,0.0,1.0,0.0,0.957304
0.35944892191620764,0.6666666666666666,0.0,0.9361496595276778,0.0,0.2718365290839433,0.6311585795094543,0.0,0.4770142476263294,0.0,0.49005199866505583,0.49060217748685025,0.3528,0.0,1.0,0.0,0.918573
0.07794903287199954,0.13333333333333333,0.0,0.7361159144929744,0.0,0.7464396887056347,0.7214450185783656,0.0,0.7474363775825573,0.0,0.1262311895757374,0.6536838910450923,0.4546,0.0,1.0,0.0,0.950595
0.5764711948758134,0.0,1.0,0.0,1.0,0.7226248853866694,0.0,1.0,0.0,1.0,0.767988044140907,0.13467643138866384,0.3642,0.0,0.0,1.0,0.94968
0.11491040686231008,0.7333333333333333,0.0,0.940161770291521,0.0,0.09801707158279789,0.8677804325455846,0.0,0.7729679452334265,0.0,0.014864060420341052,0.18504835635723513,0.104,0.0,1.0,0.0,0.860018
0.7639128323744443,0.0,1.0,0.8655420742983341,0.0,0.15798087289617238,0.6807025026112873,0.0,0.6730963036783021,0.0,0.349884949242259,0.2141986289600428,0.339,0.0,1.0,0.0,0.931382
0.9561797559731101,0.8,0.0,0.7597692691226228,0.0,0.2721481799346172,0.21669943670033057,0.0,0.3999940262064685,0.0,0.9721734469081486,0.09186548382452268,0.8334,0.0,1.0,0.0,0.957914
0.10188072464413128,0.3333333333333333,0.0,0.9427385525280145,0.0,0.4692355002478088,0.3322780024468778,0.0,0.8076312866317868,0.0,0.36015502928082355,0.11785589771683867,0.1182,0.0,1.0,0.0,0.860018
0.7278137740541489,0.9333333333333333,0.0,0.7631519764336917,0.0,0.49670510636172305,0.29723676486065986,0.0,0.6572009741095425,0.0,0.5700445428509012,0.5311162368356748,0.114,0.0,1.0,0.0,0.964928
0.7112363795794567,0.0,1.0,0.0,1.0,0.5843340132366369,0.0,1.0,0.0,1.0,0.1526362358602899,0.1208616881322341,0.2512,0.0,0.0,1.0,0.965843
0.8367322316103513,0.0,1.0,0.0,1.0,0.5326795736303725,0.0,1.0,0.0,1.0,0.7760492479049506,0.1944902835971629,0.9658,0.0,0.0,1.0,0.94968
0.2000349948007909,0.9333333333333333,0.0,0.9476487146429291,0.0,0.7929522592559002,0.28793468447338716,0.0,0.055940252678655836,0.0,0.7067619167700836,0.6186431159424209,0.2478,0.0,1.0,0.0,0.860018
0.42036472546099535,0.5333333333333333,0.0,0.673325193376065,0.0,0.09758511456184156,0.5448289037058002,0.0,0.5063987062789064,0.0,0.5351123847954041,0.841308552066906,0.6876,0.0,1.0,0.0,0.867033
0.7446391451969354,0.0,1.0,0.0,1.0,0.017222390557353338,0.0,1.0,0.0,1.0,0.7101164086183118,0.9365298667484178,0.0624,0.0,0.0,1.0,0.915218
0.07184497375308382,0.0,1.0,0.0,1.0,0.1967565608861025,0.0,1.0,0.0,1.0,0.28219103069354345,0.48072728223333205,0.0684,0.0,0.0,1.0,0.964318
0.8066751879694621,0.7333333333333333,0.0,0.8171600909985532,0.0,0.5876292430934696,0.36307014813278427,0.0,0.4936422428268246,0.0,0.7814561641334135,0.9924874038400423,0.8382,0.0,1.0,0.0,0.139982
0.7212130893189714,0.8,0.0,0.7740517998424198,0.0,0.6652791867582106,0.22946262917220128,0.0,0.11799879098575639,0.0,0.20652864163397838,0.038828795878932024,0.0376,0.0,1.0,0.0,0.955779
0.7767872049403969,0.6,0.0,0.7395611435979994,0.0,0.35749960937760417,0.6799538392687524,0.0,0.09978186794250686,0.0,0.5142422323712791,0.031456345641269284,0.9096,0.0,1.0,0.0,0.967673
0.02602551658919464,0.3333333333333333,0.0,0.751927924392211,0.0,0.7991474349176074,0.823607516224742,0.0,0.13415997215522307,0.0,0.19967228029472409,0.9114307845352283,0.588,0.0,1.0,0.0,0.861848
0.6894948193234978,0.0,1.0,0.0,1.0,0.0678197259646766,0.0,1.0,0.0,1.0,0.05842891227169661,0.5426622547858002,0.439,0.0,0.0,1.0,0.967063
0.6590202014866886,0.0,1.0,0.0,1.0,0.5576781160973265,0.0,1.0,0.0,1.0,0.12246916694725739,0.4120821306043723,0.0478,0.0,0.0,1.0,0.973163
0.045343791829560935,0.0,1.0,0.0,1.0,0.7355169662991246,0.0,1.0,0.0,1.0,0.8666629756938058,0.14441138125116507,0.3898,0.0,0.0,1.0,0.919183
0.2812382319688247,0.0,1.0,0.0,1.0,0.26179962289009834,0.0,1.0,0.0,1.0,0.2100286104427377,0.6853316246157256,0.3694,0.0,0.0,1.0,0.948765
0.7699575933830376,0.0,1.0,0.0,1.0,0.7536307150871738,0.0,1.0,0.0,1.0,0.6404712975310554,0.7384647193476431,0.8194,0.0,0.0,1.0,0.931991
0.13531135934544006,0.6666666666666666,0.0,0.8692586958657842,0.0,0.41484362598193597,0.49863426130696287,0.0,0.4823168082648883,0.0,0.10774788964398982,0.2704922704005728,0.0264,0.0,1.0,0.0,0.915218
0.4460410369071194,0.0,1.0,0.0,1.0,0.49241990099474675,0.0,1.0,0.0,1.0,0.9081009855751693,0.43572027139856795,0.668,0.0,0.0,1.0,0.921927
0.5731080322182533,0.3333333333333333,0.0,0.9214701856270281,0.0,0.4110727260352721,0.24608388789063357,0.0,0.12903804188895981,0.0,0.0035421923704655927,0.047975239105620064,0.7938,0.0,1.0,0.0,0.925892
0.3831845430526789,0.4666666666666667,0.0,0.8913393623639158,0.0,0.4602674372632024,0.1724259804520471,0.0,0.8910821554106911,0.0,0.5797466553298466,0.04784640718992996,0.4674,0.0,1.0,0.0,0.926807
0.9689586115340788,0.0,1.0,0.0,1.0,0.5479198636039379,0.0,1.0,0.0,1.0,0.4613389212816028,0.1349013804173582,0.0864,0.0,0.0,1.0,0.971638
0.3139503687832494,0.6,0.0,0.8240778314826692,0.0,0.6908100693714951,0.8546574009064443,0.0,0.9011922358723197,0.0,0.16979238194274832,0.21008382186358304,0.185,0.0,1.0,0.0,0.958829
0.7055363005860247,0.26666666666666666,0.0,0.8114389911877278,0.0,0.4952936506243108,0.5101689461272779,0.0,0.9224578833079551,0.0,0.6979562889006842,0.5636382147538815,0.0446,0.0,1.0,0.0,0.954864
0.40732407023042594,0.6666666666666666,0.0,0.67101869401817,0.0,0.8026682338959067,0.7010660598440431,0.0,0.3619520327034267,0.0,0.540026355868592,0.02243797288599344,0.7768,0.0,1.0,0.0,0.975602
0.26892600883736145,0.0,1.0,0.0,1.0,0.18586905644184096,0.0,1.0,0.0,1.0,0.36293413748114944,0.7612474448772106,0.1692,0.0,0.0,1.0,0.924062
0.30693572717155104,0.06666666666666667,0.0,0.9530817437039658,0.0,0.4420226975865486,0.9754022391946653,0.0,0.09401355523202153,0.0,0.09613514821721482,0.2428824820744559,0.073,0.0,1.0,0.0,0.860018
0.4912671088601544,0.0,1.0,0.0,1.0,0.6394568224492823,0.0,1.0,0.0,1.0,0.36860901845922206,0.7592218708612735,0.1864,0.0,0.0,1.0,0.931686
0.07093709917867212,0.0,1.0,0.0,1.0,0.5984602791192284,0.0,1.0,0.0,1.0,0.8667187904558221,0.08333590864058163,0.7734,0.0,0.0,1.0,0.931991
0.3415627955369887,0.9333333333333333,0.0,0.6679511851196954,0.0,0.033295394934554925,0.4351476084629651,0.0,0.6526270221907704,0.0,0.03310627351362828,0.24182931913115888,0.9828,0.0,1.0,0.0,0.971028
0.5027417700144133,0.0,1.0,0.0,1.0,0.4947827439451648,0.0,1.0,0.0,1.0,0.8566222621918013,0.6037712818641197,0.7016,0.0,0.0,1.0,0.927417
0.2486294903778111,0.0,1.0,0.0,1.0,0.02675750103607125,0.0,1.0,0.0,1.0,0.5716120237904687,0.576147147306005,0.1498,0.0,0.0,1.0,0.958829
0.601844726770147,1.0,0.0,0.874215177795309,0.0,0.4134886666036261,0.05114850009085612,0.0,0.9559099193687421,0.0,0.33147866465103215,0.8876577233614594,0.5754,0.0,1.0,0.0,0.860018
0.4465207815448957,0.6,0.0,0.9888995865852891,0.0,0.08283517164250834,0.42716551757774934,0.0,0.027350317553141344,0.0,0.834434517259713,0.1559942015209275,0.928,0.0,1.0,0.0,0.860018
0.7882186071436681,0.6,0.0,0.6950581410542642,0.0,0.1767635701768083,0.3130971025068043,0.0,0.03915963409436131,0.0,0.007378272069797318,0.5543746938975348,0.4276,0.0,1.0,0.0,0.961269
0.10443647319817201,1.0,0.0,0.8583517336542711,0.0,0.49709822897542255,0.8847415380728972,0.0,0.8087602760524341,0.0,0.8388547871873733,0.803903256640994,0.8034,0.0,1.0,0.0,0.860628
0.5546510393175579,0.0,1.0,0.0,1.0,0.19227848272074888,0.0,1.0,0.0,1.0,0.3731078334587949,0.06274036790161934,0.4314,0.0,0.0,1.0,0.973772
0.14366309820446443,0.8666666666666667,0.0,0.9618154212308466,0.0,0.23468073207838872,0.7709132578535113,0.0,0.887108966166173,0.0,0.43146573246780157,0.6887660951293604,0.0278,0.0,1.0,0.0,0.860018
0.8296141180487581,0.5333333333333333,0.0,0.7970666373773416,0.0,0.5745436919194697,0.23590952142296734,0.0,0.41732194186389865,0.0,0.39665331013320615,0.6158367798118577,0.5226,0.0,1.0,0.0,0.960354
0.8100357899832332,0.0,1.0,0.0,1.0,0.7476352055150839,0.0,1.0,0.0,1.0,0.7194294525379084,0.38478240464291774,0.1832,0.0,0.0,1.0,0.953644
0.9600660021433503,0.0,1.0,0.0,1.0,0.22172299448108385,0.0,1.0,0.0,1.0,0.670469611222415,0.6300022312424075,0.2014,0.0,0.0,1.0,0.94724
0.4131523826145366,1.0,0.0,0.7962929441925433,0.0,0.9613082288084445,0.3607127458310609,0.0,0.5683163171880835,0.0,0.9038204201903501,0.5998864660147339,0.72,0.0,1.0,0.0,0.960354
0.09171849861435133,0.13333333333333333,0.0,0.6848885769774944,0.0,0.24739659558419233,0.7286824506930667,0.0,0.10265072146941409,0.0,0.9027255784994983,0.09040373762239287,0.861,0.0,1.0,0.0,0.879536
0.043228374620857345,0.0,1.0,0.0,1.0,0.4538822636580304,0.0,1.0,0.0,1.0,0.13275376185464535,0.08419430183224991,0.5076,0.0,0.0,1.0,0.967063
0.4565812650042531,0.0,1.0,0.0,1.0,0.7139634793361432,0.0,1.0,0.0,1.0,0.7589569259383468,0.3326340888122856,0.5972,0.0,0.0,1.0,0.949375
0.38003573269413876,0.0,1.0,0.0,1.0,0.7133593835376362,0.0,1.0,0.0,1.0,0.23497929103519732,0.5680707256424258,0.2312,0.0,0.0,1.0,0.965233
0.20857061565892854,0.6,0.0,0.6552304096248243,0.0,0.10187917453783071,0.9429562455452731,0.0,0.7245844321721919,0.0,0.05364914945571622,0.8027767008707054,0.9884,0.0,1.0,0.0,0.884416
0.3792767419633742,0.0,1.0,0.0,1.0,0.42976324238653624,0.0,1.0,0.0,1.0,0.792986358444688,0.2844804541417831,0.0144,0.0,0.0,1.0,0.932906
0.8197569615862367,0.0,1.0,0.6721907130293968,0.0,0.06390183215069391,0.7011840514071651,0.0,0.7684340290098267,0.0,0.7527050844513353,0.4229958570006562,0.7488,0.0,1.0,0.0,0.971943
0.995947877388388,0.3333333333333333,0.0,0.7444041210859972,0.0,0.7062946249190908,0.6463088303286944,0.0,0.9915612738945383,0.0,0.865238268337022,0.8540678557150942,0.2932,0.0,1.0,0.0,0.935041
0.011549470487676324,0.8,0.0,0.7349093651978376,0.0,0.8672536817243783,0.1424087593836933,0.0,0.6436146768156222,0.0,0.21916695342635906,0.5953345325240383,0.4724,0.0,1.0,0.0,0.94724
0.4000590699305206,0.06666666666666667,0.0,0.7786668374104952,0.0,0.5974147572303867,0.6882687739096089,0.0,0.6183149159073204,0.0,0.2101022847416444,0.08507149400013898,0.2478,0.0,1.0,0.0,0.958524
0.12226646841418604,0.6,0.0,0.7260574501736505,0.0,0.7193249445118193,0.18002461383334495,0.0,0.5562752039161888,0.0,0.9729114735754207,0.4738200638716299,0.3212,0.0,1.0,0.0,0.89509
0.6585339331987285,0.0,1.0,0.0,1.0,0.7233272515355051,0.0,1.0,0.0,1.0,0.9792489625772456,0.3243970444332247,0.414,0.0,0.0,1.0,0.917963
0.7248632366949013,0.2,0.0,0.9442733932509721,0.0,0.3283947116533733,0.9478533651644688,0.0,0.15510787635165763,0.0,0.3953726262553031,0.16078197109095868,0.4542,0.0,1.0,0.0,0.916438
0.7076523426582251,0.7333333333333333,0.0,0.8650439002035542,0.0,0.8533954106689781,0.8651013850402225,0.0,0.08729808070925357,0.0,0.897668961057628,0.8886043145858722,0.3692,0.0,1.0,0.0,0.860018
0.6282180219584872,0.0,1.0,0.0,1.0,0.14930845405811252,0.0,1.0,0.0,1.0,0.08238437203809776,0.4949622935484555,0.9194,0.0,0.0,1.0,0.971028
0.4273975933113577,0.0,1.0,0.0,1.0,0.14310485686669253,0.0,1.0,0.0,1.0,0.7485843020903814,0.24337306393091976,0.773,0.0,0.0,1.0,0.950595
0.47950694864421806,0.8,0.0,0.958155345185006,0.0,0.5968918533232287,0.9322679424702099,0.0,0.4771640520803212,0.0,0.98058044964226,0.7276235610597019,0.9752,0.0,1.0,0.0,0.919183
0.7606516923810588,0.8,0.0,0.6941405582737642,0.0,0.6800181862758341,0.9285120171416827,0.0,0.7184281725999134,0.0,0.9631814269891692,0.04163733449503763,0.2586,0.0,1.0,0.0,0.975602
0.13089808850005563,0.26666666666666666,0.0,0.7167941379131452,0.0,0.8635846657789915,0.2508742198539728,0.0,0.15270136922340594,0.0,0.5644164885784485,0.13508420524160286,0.1086,0.0,1.0,0.0,0.925892
0.423757162598683,0.0,1.0,0.0,1.0,0.9504012472046847,0.0,1.0,0.0,1.0,0.278703618089785,0.6656715865470939,0.8178,0.0,0.0,1.0,0.955474
0.6976098421214783,0.26666666666666666,0.0,0.9780995379618024,0.0,0.41985873715024674,0.3224288475547112,0.0,0.9618707710154898,0.0,0.18300665600871563,0.3242541756932205,0.6642,0.0,1.0,0.0,0.860018
0.8269105199561417,0.8,0.0,0.8596140615448994,0.0,0.3905488280667574,0.3600877832269449,0.0,0.05146814592076267,0.0,0.4829658274655504,0.42498740978791566,0.0502,0.0,1.0,0.0,0.913998
0.5423587510926211,0.0,1.0,0.0,1.0,0.3403144787746927,0.0,1.0,0.0,1.0,0.28367670251062543,0.6117304143398364,0.6862,0.0,0.0,1.0,0.963403
0.17233997504675871,0.2,0.0,0.7969414867165859,0.0,0.5740174037071243,0.48164369601600937,0.0,0.06430183389321555,0.0,0.21258285098533275,0.7039736625225622,0.3298,0.0,1.0,0.0,0.89753
0.2890430605714086,0.8,0.0,0.8833326190116177,0.0,0.9695562406413748,0.09820265789934161,0.0,0.3798519526890104,0.0,0.17364200441678138,0.39164589296903907,0.2098,0.0,1.0,0.0,0.918268
0.7740201056839894,0.0,1.0,0.9739010820244771,0.0,0.031341892719172426,0.5446387723354534,0.0,0.2478146207086505,0.0,0.8481455201211002,0.6767860257827414,0.8332,0.0,1.0,0.0,0.860018
0.8968958857489391,0.3333333333333333,0.0,0.7197344256968334,0.0,0.07900953978564047,0.8093767986368805,0.0,0.8029035073409416,0.0,0.756771580513566,0.5899377022189546,0.5634,0.0,1.0,0.0,0.960964
0.32439337938142926,0.4666666666666667,0.0,0.8822826443972092,0.0,0.5294531968630418,0.06298118802873723,0.0,0.6448576441809367,0.0,0.07618006182706301,0.4202289939029894,0.1936,0.0,1.0,0.0,0.903629
0.6408544680785232,0.0,1.0,0.0,1.0,0.3532472791535591,0.0,1.0,0.0,1.0,0.8503964841048943,0.5886356280434591,0.3178,0.0,0.0,1.0,0.928942
0.7542410228213401,0.0,1.0,0.0,1.0,0.8652500487171136,0.0,1.0,0.0,1.0,0.08369148553430227,0.0792068221586255,0.1596,0.0,0.0,1.0,0.965233
0.5118749743773722,0.0,1.0,0.0,1.0,0.792275799398649,0.0,1.0,0.0,1.0,0.8487123805723789,0.8190698425511462,0.7372,0.0,0.0,1.0,0.915218
0.8515493555974143,0.0,1.0,0.0,1.0,0.9345113303620249,0.0,1.0,0.0,1.0,0.8691550017994464,0.6118770114243237,0.2344,0.0,0.0,1.0,0.923452
0.7274323422611023,0.3333333333333333,0.0,0.9931879934472504,0.0,0.10687423716137058,0.8271185612407916,0.0,0.9785421312146435,0.0,0.7793679444127429,0.1537077456575991,0.035,0.0,1.0,0.0,0.860018
0.3634672535732004,0.4666666666666667,0.0,0.752196829255742,0.0,0.37109232901129413,0.5216746010019617,0.0,0.3576577168985685,0.0,0.7609280255224962,0.4843857804979376,0.1198,0.0,1.0,0.0,0.94968
0.30484758879434815,0.0,1.0,0.0,1.0,0.7314338185042981,0.0,1.0,0.0,1.0,0.3927086805192387,0.7443559524885454,0.2232,0.0,0.0,1.0,0.940836
0.6038957098910936,0.8,0.0,0.934841673214769,0.0,0.409791181049432,0.986679249049495,0.0,0.48054271093720957,0.0,0.2691629460953011,0.3894974261001158,0.5898,0.0,1.0,0.0,0.925282
0.32673715972160716,0.0,1.0,0.0,1.0,0.770072771949595,0.0,1.0,0.0,1.0,0.519773791996814,0.9444219694617509,0.689,0.0,0.0,1.0,0.915218
0.8410697399472692,0.26666666666666666,0.0,0.6895765161978626,0.0,0.3949110523964552,0.9630964950919985,0.0,0.8301172531350398,0.0,0.9750490770553133,0.03269612112115826,0.9086,0.0,1.0,0.0,0.971943
0.074150428415233,0.9333333333333333,0.0,0.7617369489449036,0.0,0.5825678071086885,0.8526408498745408,0.0,0.7805949387657368,0.0,0.11457143972269518,0.41889552712993094,0.4584,0.0,1.0,0.0,0.969808
0.6839747901765189,0.0,1.0,0.0,1.0,0.6407954722007914,0.0,1.0,0.0,1.0,0.6697950425490407,0.12745985899548326,0.6464,0.0,0.0,1.0,0.961269
0.49364108881984364,0.0,1.0,0.0,1.0,0.9899221659494342,0.0,1.0,0.0,1.0,0.34358374458978114,0.3226361131378622,0.2574,0.0,0.0,1.0,0.973772
0.6257644624505271,0.0,1.0,0.0,1.0,0.6853045424616436,0.0,1.0,0.0,1.0,0.37827725150083075,0.4592451494599537,0.0436,0.0,0.0,1.0,0.973163
0.38292389847569874,0.0,1.0,0.0,1.0,0.13018420762197705,0.0,1.0,0.0,1.0,0.13143247535682365,0.7757209450629283,0.2812,0.0,0.0,1.0,0.922842
0.9228304263565528,0.3333333333333333,0.0,0.7410814745665795,0.0,0.04712643112283464,0.6103895029547626,0.0,0.19374411082878856,0.0,0.3968622668381663,0.4565364414391228,0.938,0.0,1.0,0.0,0.95212
0.838882977936361,0.4666666666666667,0.0,0.869610624231082,0.0,0.14809101551949136,0.31993876350683786,0.0,0.8518160134075926,0.0,0.8157726851939449,0.8218767459274359,0.6554,0.0,1.0,0.0,0.860018
0.28516269225736296,0.6,0.0,0.9180705943737176,0.0,0.8029288226013616,0.8248545889408633,0.0,0.35987681769885765,0.0,0.3303046106877432,0.06836648044397664,0.847,0.0,1.0,0.0,0.929247
0.6854706847215446,0.5333333333333333,0.0,0.8290373530102854,0.0,0.037475850293197284,0.28006361795502843,0.0,0.7069859204412136,0.0,0.5580532655676181,0.6947304240183158,0.6592,0.0,1.0,0.0,0.919183
0.1670519362990411,0.2,0.0,0.735791711569804,0.0,0.7701861751617818,0.786736451167438,0.0,0.9017082781456192,0.0,0.8978536452982603,0.2304691444890839,0.9644,0.0,1.0,0.0,0.956084
0.47812392691497446,0.0,1.0,0.0,1.0,0.3934651736068679,0.0,1.0,0.0,1.0,0.19106168332855952,0.24088212189565153,0.4726,0.0,0.0,1.0,0.967978
0.6441924443459425,0.6666666666666666,0.0,0.9435472542369079,0.0,0.7687019355581103,0.7720049976937741,0.0,0.3182838099121455,0.0,0.04368572389732644,0.7167455056525125,0.1026,0.0,1.0,0.0,0.923757
0.17817693661113643,0.6666666666666666,0.0,0.968286133751836,0.0,0.782361424378209,0.7691552544620118,0.0,0.295019354043983,0.0,0.7583961975972164,0.046574491477174275,0.4364,0.0,1.0,0.0,0.921927
0.6761197665199814,0.5333333333333333,0.0,0.9577609765343783,0.0,0.4785321689049127,0.8556219930820603,0.0,0.21591667203628084,0.0,0.8505244303638513,0.9602648752724741,0.2116,0.0,1.0,0.0,0.860018
0.5424185276483958,0.0,1.0,0.0,1.0,0.45237112424160075,0.0,1.0,0.0,1.0,0.8573057755419423,0.5116221410383837,0.2234,0.0,0.0,1.0,0.931686
0.018196699976702098,0.0,1.0,0.0,1.0,0.5733190719481059,0.0,1.0,0.0,1.0,0.15696058825982165,0.677093196427643,0.9814,0.0,0.0,1.0,0.948155
0.5045440779433122,0.0,1.0,0.0,1.0,0.8705753731922232,0.0,1.0,0.0,1.0,0.8768579990598262,0.9574641550150972,0.9912,0.0,0.0,1.0,0.910034
0.3303846213507542,0.0,1.0,0.0,1.0,0.7521391869451245,0.0,1.0,0.0,1.0,0.24229196993816376,0.8663317959847221,0.3528,0.0,0.0,1.0,0.915523
0.09253431733212078,1.0,0.0,0.839590371251191,0.0,0.8304391183783794,0.9335237458937585,0.0,0.3460397660395177,0.0,0.029937291034202715,0.3319330887622053,0.145,0.0,1.0,0.0,0.95212
0.7325445717287169,0.0,1.0,0.0,1.0,0.342480189149406,0.0,1.0,0.0,1.0,0.4023121278172368,0.14578939846526623,0.9692,0.0,0.0,1.0,0.973468
0.8847679736228786,0.0,1.0,0.0,1.0,0.09761069767381829,0.0,1.0,0.0,1.0,0.705586758925182,0.9694313560285253,0.2184,0.0,0.0,1.0,0.908814
0.7610094756520495,0.0,1.0,0.0,1.0,0.8587799412757234,0.0,1.0,0.0,1.0,0.6797109324137189,0.11185978217346011,0.29,0.0,0.0,1.0,0.959439
0.5648208048363209,0.13333333333333333,0.0,0.745306004165349,0.0,0.6276768011707742,0.03874094756209224,0.0,0.5159881129192274,0.0,0.16860692487656379,0.6992136061760541,0.887,0.0,1.0,0.0,0.94785
0.874700350978875,0.5333333333333333,0.0,0.7608738115596583,0.0,0.48782063396898456,0.5557287517496501,0.0,0.7147332790398958,0.0,0.06219510021389748,0.6557219741056545,0.1872,0.0,1.0,0.0,0.963403
0.8096690801521819,0.0,1.0,0.0,1.0,0.2608051920184283,0.0,1.0,0.0,1.0,0.005796512611141457,0.779374212279188,0.9848,0.0,0.0,1.0,0.922232
0.4634806476203601,0.13333333333333333,0.0,0.9687393927821883,0.0,0.490972853822398,0.07580635997820621,0.0,0.1156363264051629,0.0,0.1484835818753901,0.7127679610289241,0.996,0.0,1.0,0.0,0.860018
0.5340421031852682,0.0,1.0,0.0,1.0,0.31386522728690763,0.0,1.0,0.0,1.0,0.3595303466664923,0.9729557789599829,0.4622,0.0,0.0,1.0,0.908814
0.33127187916299666,0.0,1.0,0.0,1.0,0.9120681774373607,0.0,1.0,0.0,1.0,0.46541102250985344,0.8164450604405922,0.7666,0.0,0.0,1.0,0.915218
0.4742593186188295,0.2,0.0,0.9818561838804906,0.0,0.42441267567477114,0.3948089826538916,0.0,0.2666954332706371,0.0,0.7711218184125644,0.06156142910934791,0.6538,0.0,1.0,0.0,0.860018
0.4255951313632735,0.0,1.0,0.0,1.0,0.6166524513508321,0.0,1.0,0.0,1.0,0.7032413507985924,0.7974902787309238,0.3584,0.0,0.0,1.0,0.915523
0.8919688816275866,0.0,1.0,0.0,1.0,0.5253132288309909,0.0,1.0,0.0,1.0,0.9950505383967044,0.631466850858869,0.9346,0.0,0.0,1.0,0.915523
0.5991483355997973,0.9333333333333333,0.0,0.8755085186908936,0.0,0.3480136785461723,0.545691979899209,0.0,0.9617452067500925,0.0,0.9776622846444643,0.4331018216200262,0.2702,0.0,1.0,0.0,0.923452
0.528661376595287,0.3333333333333333,0.0,0.8089399818619802,0.0,0.47050158616528304,0.27865242530894846,0.0,0.6270964147502368,0.0,0.5683268166583688,0.29872945186130984,0.046,0.0,1.0,0.0,0.95151
0.3054119206239757,0.8666666666666667,0.0,0.774814072725297,0.0,0.09744167334182824,0.5136408167010192,0.0,0.021999061863792285,0.0,0.3953408573866458,0.6604194646589056,0.578,0.0,1.0,0.0,0.864593
0.755461149816489,0.8,0.0,0.8023433001482333,0.0,0.17157922908025772,0.9564250601851446,0.0,0.9310571759532726,0.0,0.6764924368135061,0.8950167303655483,0.539,0.0,1.0,0.0,0.889296
0.3196743171150753,0.0,1.0,0.0,1.0,0.4742297507312382,0.0,1.0,0.0,1.0,0.3013966973622888,0.4818156698621254,0.4314,0.0,0.0,1.0,0.971638
0.5562512641328565,0.0,1.0,0.0,1.0,0.06177253117198535,0.0,1.0,0.0,1.0,0.3708215318527686,0.4400032929176016,0.7012,0.0,0.0,1.0,0.972553
0.7498667082279783,0.13333333333333333,0.0,0.7981104329135922,0.0,0.8031962099533378,0.545057083050671,0.0,0.9053435546115376,0.0,0.013035740510632452,0.9728342889207371,0.9518,0.0,1.0,0.0,0.881976
0.8904998365322485,0.0,1.0,0.0,1.0,0.6074400103312797,0.0,1.0,0.0,1.0,0.7334651378059751,0.9813613302004399,0.5542,0.0,0.0,1.0,0.908204
0.8140224518469368,0.0,1.0,0.0,1.0,0.5266604370211526,0.0,1.0,0.0,1.0,0.5568886645248015,0.18746826583575635,0.3524,0.0,0.0,1.0,0.969808
0.4820224208252066,0.0,1.0,0.0,1.0,0.7826220894546375,0.0,1.0,0.0,1.0,0.8812347856308308,0.6937989581449707,0.7022,0.0,0.0,1.0,0.919793
0.7001017902440355,0.0,1.0,0.0,1.0,0.6387830153191747,0.0,1.0,0.0,1.0,0.6810723500150956,0.15763228035138369,0.7978,0.0,0.0,1.0,0.959134
0.6050235867216451,0.0,1.0,0.0,1.0,0.12698060407360492,0.0,1.0,0.0,1.0,0.5550871570212147,0.0463284120918571,0.7114,0.0,0.0,1.0,0.969808
0.832802056241798,0.0,1.0,0.0,1.0,0.4671837854260037,0.0,1.0,0.0,1.0,0.24852605318190468,0.023284981972548788,0.2772,0.0,0.0,1.0,0.968283
0.7614386541540625,0.7333333333333333,0.0,0.7721992676074931,0.0,0.12532953720046425,0.37752446491921626,0.0,0.9403770240315034,0.0,0.430965964170846,0.6767978086628185,0.5622,0.0,1.0,0.0,0.948765
0.6387389223780343,0.0,1.0,0.8830074930296873,0.0,0.8522208462827136,0.8826344779855327,0.0,0.7643002685687584,0.0,0.772887133549131,0.1611367929664735,0.5776,0.0,1.0,0.0,0.956694
0.8470827373942428,0.0,1.0,0.0,1.0,0.08216291288732326,0.0,1.0,0.0,1.0,0.5072467742489426,0.5945961125630632,0.6492,0.0,0.0,1.0,0.962184
0.9365884932738057,0.0,1.0,0.0,1.0,0.9345922407518272,0.0,1.0,0.0,1.0,0.8078745019151117,0.8497108919370268,0.9616,0.0,0.0,1.0,0.915218
0.24128520327818223,0.0,1.0,0.0,1.0,0.19500107696344648,0.0,1.0,0.0,1.0,0.8192514622819321,0.3402175119745658,0.0202,0.0,0.0,1.0,0.911863
0.9027439618273728,0.4666666666666667,0.0,0.7977878288136503,0.0,0.3439368930588306,0.28658538119679716,0.0,0.26357918751149145,0.0,0.39366659518776626,0.11734667253813322,0.5304,0.0,1.0,0.0,0.961879
0.5983912404045179,0.0,1.0,0.0,1.0,0.8316836267017417,0.0,1.0,0.0,1.0,0.7068900415642637,0.2873197303070964,0.7846,0.0,0.0,1.0,0.955779
0.8860448059811946,0.5333333333333333,0.0,0.6836383085661059,0.0,0.6408933332213289,0.24357699018180798,0.0,0.6297055835365071,0.0,0.7457433447055691,0.9008559790595214,0.9828,0.0,1.0,0.0,0.910948
0.7021121965883745,0.0,1.0,0.0,1.0,0.23797223139942913,0.0,1.0,0.0,1.0,0.08926065178885662,0.9922276181622894,0.5358,0.0,0.0,1.0,0.909119
0.8250501288486576,0.6,0.0,0.9979232094434881,0.0,0.007098827989291715,0.5009746420238527,0.0,0.613158957314182,0.0,0.6079810922801377,0.7114936172625128,0.148,0.0,1.0,0.0,0.139982
0.4655893908065095,1.0,0.0,0.9325604434849809,0.0,0.8718711301643094,0.6598790983174878,0.0,0.40667844430457173,0.0,0.056419415355609986,0.06864352401832105,0.4326,0.0,1.0,0.0,0.926502
0.9201858589169355,0.2,0.0,0.9917652043735611,0.0,0.016928008860255306,0.05164604517167248,0.0,0.3341553936003948,0.0,0.5786889027452394,0.36335228833308186,0.9174,0.0,1.0,0.0,0.139982
0.07256528214272476,0.9333333333333333,0.0,0.7921756779153262,0.0,0.5405686267527121,0.26631420968968483,0.0,0.02642818523911275,0.0,0.836536070047402,0.7132371165636362,0.6438,0.0,1.0,0.0,0.860018
0.673240249532257,0.9333333333333333,0.0,0.9045523603874877,0.0,0.864748833467955,0.5415744183636508,0.0,0.015466678776182475,0.0,0.482054624108059,0.15669631673711953,0.9366,0.0,1.0,0.0,0.928332
0.37923444208633816,0.0,1.0,0.0,1.0,0.7809916376219357,0.0,1.0,0.0,1.0,0.40454874806948954,0.10474922250632092,0.3102,0.0,0.0,1.0,0.974687
0.19208992937352737,0.0,1.0,0.0,1.0,0.5966450281573888,0.0,1.0,0.0,1.0,0.36977744928692013,0.08305705677415029,0.8838,0.0,0.0,1.0,0.974382
0.5922676986004998,0.4666666666666667,0.0,0.809322619789947,0.0,0.8298304314735977,0.8078111753602236,0.0,0.12429505546484487,0.0,0.6434392407312299,0.05832179905788392,0.359,0.0,1.0,0.0,0.959744
0.9410543605374618,0.0,1.0,0.0,1.0,0.2027772072190818,0.0,1.0,0.0,1.0,0.24896669330659377,0.520150138234751,0.2672,0.0,0.0,1.0,0.969808
0.22467480714129454,0.0,1.0,0.0,1.0,0.16427373308695997,0.0,1.0,0.0,1.0,0.1534690055599362,0.7659184708483381,0.14,0.0,0.0,1.0,0.918268
0.19247446649010105,0.5333333333333333,0.0,0.6835557274568769,0.0,0.2912553858644211,0.9439065538392843,0.0,0.016435588514347375,0.0,0.4252682287404935,0.891276332338623,0.4456,0.0,1.0,0.0,0.860018
0.6631033062022437,0.0,1.0,0.0,1.0,0.7510199111855222,0.0,1.0,0.0,1.0,0.9951605948281653,0.6151272381584456,0.2182,0.0,0.0,1.0,0.915523
0.9010502517058588,0.0,1.0,0.0,1.0,0.7739741039728604,0.0,1.0,0.0,1.0,0.010645993877305722,0.28852462819607416,0.4748,0.0,0.0,1.0,0.967063
0.6055216902330193,0.9333333333333333,0.0,0.6830932357850338,0.0,0.04892288690865615,0.5085758117039476,0.0,0.5709703744105062,0.0,0.5429899953360628,0.22652193592872602,0.8106,0.0,1.0,0.0,0.969198
0.7234179547805484,0.06666666666666667,0.0,0.9536784722244963,0.0,0.34970128636897735,0.04080534995827173,0.0,0.7396780839018223,0.0,0.5357476622243426,0.236793437992906,0.6512,0.0,1.0,0.0,0.860018
0.05578036710917203,0.0,1.0,0.0,1.0,0.19912133616185604,0.0,1.0,0.0,1.0,0.45084656290710456,0.20081270955598773,0.578,0.0,0.0,1.0,0.971638
0.8835998070795761,0.2,0.0,0.7348516819089083,0.0,0.7163614922841122,0.9698082292790826,0.0,0.7346256026408641,0.0,0.9708089842286293,0.034831382656410066,0.0152,0.0,1.0,0.0,0.955169
0.5450969681019422,0.3333333333333333,0.0,0.9141998703441209,0.0,0.7976569540823859,0.663992981719189,0.0,0.46588151219093393,0.0,0.46146195684385505,0.18995072914732283,0.0106,0.0,1.0,0.0,0.915523
0.5507638790265958,0.0,1.0,0.0,1.0,0.3974903218383059,0.0,1.0,0.0,1.0,0.21362105554843044,0.37487218339111195,0.0892,0.0,0.0,1.0,0.972858
0.8496343627353177,0.7333333333333333,0.0,0.6778620807722526,0.0,0.8838037460034286,0.429861453484899,0.0,0.432661866822162,0.0,0.6239431207157045,0.5149899484566122,0.8096,0.0,1.0,0.0,0.975297
0.8860993515447875,0.0,1.0,0.6615744536980774,0.0,0.6717021171948295,0.11517212834638237,0.0,0.4026820114040076,0.0,0.8725484071030989,0.2586198969949036,0.773,0.0,1.0,0.0,0.974992
0.41090052698255397,0.6,0.0,0.9833076432822647,0.0,0.8178333259353608,0.43707306322325473,0.0,0.5719421524394368,0.0,0.8494230470285419,0.22913693795375464,0.0274,0.0,1.0,0.0,0.860018
0.1624266570781871,0.4666666666666667,0.0,0.8809445755676172,0.0,0.046155373494511875,0.4889070245493783,0.0,0.6339696634262099,0.0,0.6662463321414248,0.5631702330992826,0.0912,0.0,1.0,0.0,0.860018
0.16016290988695828,0.0,1.0,0.0,1.0,0.8466913898787352,0.0,1.0,0.0,1.0,0.6927534523460046,0.34123891152725166,0.6224,0.0,0.0,1.0,0.957304
0.9574529258197391,0.26666666666666666,0.0,0.8184982191256103,0.0,0.5329799895657416,0.7679291159319354,0.0,0.9966702790405015,0.0,0.19374469329208058,0.3544668011933385,0.6282,0.0,1.0,0.0,0.958524
0.9768808963524368,0.0,1.0,0.0,1.0,0.37389023458037024,0.0,1.0,0.0,1.0,0.18026590532056716,0.4394893316271582,0.1696,0.0,0.0,1.0,0.972858
0.18949538568834218,0.0,1.0,0.0,1.0,0.567296217842041,0.0,1.0,0.0,1.0,0.6745828445496036,0.9026210123454593,0.9362,0.0,0.0,1.0,0.915523
0.696413086507057,0.0,1.0,0.0,1.0,0.2066987707980495,0.0,1.0,0.0,1.0,0.20224457229109374,0.46257971312206764,0.3112,0.0,0.0,1.0,0.972553
0.5225544356716335,0.0,1.0,0.0,1.0,0.773457029406239,0.0,1.0,0.0,1.0,0.6890739508912582,0.04444079782107936,0.67,0.0,0.0,1.0,0.958829
0.26770094812461054,0.0,1.0,0.0,1.0,0.07895802197580087,0.0,1.0,0.0,1.0,0.4399157569842126,0.15220062083090216,0.5046,0.0,0.0,1.0,0.974992
0.9608453966068861,0.0,1.0,0.0,1.0,0.052119129273089676,0.0,1.0,0.0,1.0,0.7743627057311325,0.040854874565464744,0.2494,0.0,0.0,1.0,0.94968
0.11979914755370995,0.6666666666666666,0.0,0.6962017481331295,0.0,0.8146245454594658,0.5891334698370289,0.0,0.07065047593683244,0.0,0.40391174292989945,0.01556811723743669,0.7956,0.0,1.0,0.0,0.970418
0.38707786501458635,0.3333333333333333,0.0,0.7811463591542324,0.0,0.82433421344035,0.8913519683927297,0.0,0.15002560528684494,0.0,0.39305518439344533,0.260834673556073,0.5378,0.0,1.0,0.0,0.968893
0.5552829863360625,0.9333333333333333,0.0,0.8488605281986694,0.0,0.43863327833687277,0.6911016226858088,0.0,0.6623490142271032,0.0,0.7593583647253196,0.3313470896917377,0.993,0.0,1.0,0.0,0.953644
0.9251900807294515,0.26666666666666666,0.0,0.9143174892294237,0.0,0.4585162333748074,0.2978307938398116,0.0,0.08947318110496602,0.0,0.9933278211194919,0.7301746584775922,0.9088,0.0,1.0,0.0,0.920098
0.6482671457103167,0.0,1.0,0.0,1.0,0.5375171243805201,0.0,1.0,0.0,1.0,0.010682134121997863,0.5517083660494961,0.5588,0.0,0.0,1.0,0.966758
0.44219596846043696,0.5333333333333333,0.0,0.9989468743611927,0.0,0.9106353646037385,0.16118161534490816,0.0,0.48945504495763764,0.0,0.18131775776670353,0.32294356811678915,0.4674,0.0,1.0,0.0,0.917048
0.5869914232099984,0.26666666666666666,0.0,0.9410557784653533,0.0,0.9355126495229751,0.9957966839505624,0.0,0.17800112384517106,0.0,0.58140074777974,0.8749904528519364,0.7988,0.0,1.0,0.0,0.860018
0.38030632390919944,0.13333333333333333,0.0,0.6826024613883448,0.0,0.3702165390501409,0.1280402641683379,0.0,0.10640641003431642,0.0,0.587622606141939,0.9817468444194187,0.6932,0.0,1.0,0.0,0.139982
0.196264055209513,0.0,1.0,0.0,1.0,0.21615543594641,0.0,1.0,0.0,1.0,0.974869855291871,0.19280459569810676,0.845,0.0,0.0,1.0,0.918573
0.6695861828975032,0.26666666666666666,0.0,0.9026678741923809,0.0,0.9871033039989213,0.9637514101438878,0.0,0.37486640302449653,0.0,0.634646395330931,0.7851052588218133,0.4886,0.0,1.0,0.0,0.928332
0.17639024697261255,0.0,1.0,0.0,1.0,0.26147528584278273,0.0,1.0,0.0,1.0,0.7029945234775767,0.9482219097316296,0.8366,0.0,0.0,1.0,0.910643
0.9619894658220473,0.0,1.0,0.0,1.0,0.8531868541132424,0.0,1.0,0.0,1.0,0.12131362427950407,0.2683109195410744,0.1404,0.0,0.0,1.0,0.968588
0.9875459009818104,0.0,1.0,0.0,1.0,0.015854326106237496,0.0,1.0,0.0,1.0,0.9504362416644756,0.31110523956489194,0.5154,0.0,0.0,1.0,0.919793
0.09845031221205218,0.3333333333333333,0.0,0.9632459043711731,0.0,0.9487747373249815,0.4193932402817309,0.0,0.2247132273684125,0.0,0.6348768576953747,0.020344479551836752,0.6134,0.0,1.0,0.0,0.904544
0.18540709781997733,0.0,1.0,0.0,1.0,0.28082407411765375,0.0,1.0,0.0,1.0,0.16129103826677554,0.7942907239774051,0.9536,0.0,0.0,1.0,0.922232
0.49726583751307113,0.0,1.0,0.0,1.0,0.14687101762190055,0.0,1.0,0.0,1.0,0.7711667898885902,0.3029162002494753,0.3918,0.0,0.0,1.0,0.94968
0.9096047909360344,0.0,1.0,0.0,1.0,0.4801579246212504,0.0,1.0,0.0,1.0,0.03352405706673166,0.430240913033755,0.0582,0.0,0.0,1.0,0.971638
0.2629142657960014,0.06666666666666667,0.0,0.949789221209304,0.0,0.027199038888806273,0.5445051084807624,0.0,0.7010640623214862,0.0,0.28819044586336945,0.004882696695895957,0.9272,0.0,1.0,0.0,0.860018
0.15686560153958626,0.0,1.0,0.0,1.0,0.7721207259666236,0.0,1.0,0.0,1.0,0.014397919716499655,0.8655151871421332,0.8292,0.0,0.0,1.0,0.915523
0.6261393560899,0.0,1.0,0.0,1.0,0.8907148520439723,0.0,1.0,0.0,1.0,0.05039512462920134,0.24902019981151963,0.9886,0.0,0.0,1.0,0.965843
0.8752733369594794,0.0,1.0,0.0,1.0,0.4606344670818115,0.0,1.0,0.0,1.0,0.9856840220737297,0.4546252733111062,0.1674,0.0,0.0,1.0,0.917353
0.15007268325390397,0.9333333333333333,0.0,0.9354676383305831,0.0,0.5379600725350462,0.4318965171929332,0.0,0.2644142731729999,0.0,0.010615016694372047,0.8578357801975514,0.7926,0.0,1.0,0.0,0.860018
0.57994886767799,0.9333333333333333,0.0,0.9208646551560391,0.0,0.34411537248989865,0.041849339020055346,0.0,0.054789821509767446,0.0,0.7820160109968547,0.9810114101814092,0.608,0.0,1.0,0.0,0.139982
0.41731099514278763,0.0,1.0,0.0,1.0,0.03973336579621306,0.0,1.0,0.0,1.0,0.6882934785391424,0.4523459209614822,0.2646,0.0,0.0,1.0,0.956694
0.7317830537291152,0.0,1.0,0.0,1.0,0.8121012913327176,0.0,1.0,0.0,1.0,0.9142201151604044,0.6376376562511751,0.458,0.0,0.0,1.0,0.919793
0.6201534986233573,0.0,1.0,0.0,1.0,0.570411567978062,0.0,1.0,0.0,1.0,0.5879582153188415,0.04048060498296222,0.4544,0.0,0.0,1.0,0.968588
0.1850533338204497,0.06666666666666667,0.0,0.662958806341825,0.0,0.2974228395612136,0.2916459867294624,0.0,0.38309431709299313,0.0,0.48473983721816466,0.8256580189299936,0.1716,0.0,1.0,0.0,0.860018
0.867561889471535,0.06666666666666667,0.0,0.7590580604564114,0.0,0.6766772365165236,0.7529810865698006,0.0,0.16451120219200738,0.0,0.4375175277235639,0.12013263407312409,0.6006,0.0,1.0,0.0,0.969198
0.14278037594518678,0.5333333333333333,0.0,0.7533451105140531,0.0,0.2809882882424969,0.27231376500500143,0.0,0.5951648368296799,0.0,0.46928848791311567,0.5337852167490282,0.2962,0.0,1.0,0.0,0.95029
0.9995459755086811,0.13333333333333333,0.0,0.775323339149088,0.0,0.007515242585760095,0.11178374375083855,0.0,0.07872471351014614,0.0,0.867880889903295,0.09309968631124353,0.8058,0.0,1.0,0.0,0.923147
0.6715724474501236,0.0,1.0,0.0,1.0,0.11246178323717157,0.0,1.0,0.0,1.0,0.7461792550455493,0.8616305417849696,0.3082,0.0,0.0,1.0,0.915218
0.5893191420340019,0.0,1.0,0.0,1.0,0.5174508515309311,0.0,1.0,0.0,1.0,0.5539733945930351,0.14825399496878672,0.3458,0.0,0.0,1.0,0.969808
0.4025373025809827,0.6666666666666666,0.0,0.8348850922607994,0.0,0.4411250021949085,0.6154722511000542,0.0,0.75903064891899,0.0,0.793697255461782,0.7122087468829241,0.4338,0.0,1.0,0.0,0.941751
0.7703652896989334,0.0,1.0,0.0,1.0,0.6166528474088383,0.0,1.0,0.0,1.0,0.578538754246301,0.17194111968958262,0.2336,0.0,0.0,1.0,0.969503
0.060532942808416194,0.8666666666666667,0.0,0.8763668852123052,0.0,0.6906757107092238,0.23349173807302576,0.0,0.054918439402357515,0.0,0.45278614832114317,0.8088916045812738,0.3954,0.0,1.0,0.0,0.860018
0.2848273153491727,0.9333333333333333,0.0,0.8949608560304058,0.0,0.6686502187646314,0.8695224379058645,0.0,0.6547279631022053,0.0,0.13958196834961403,0.5275830658427632,0.476,0.0,1.0,0.0,0.937786
0.00023251792348911229,1.0,0.0,0.8189195341706432,0.0,0.8959888664010369,0.8762428627523281,0.0,0.626345913048544,0.0,0.8106568324423493,0.20086515894608298,0.9816,0.0,1.0,0.0,0.948765
0.022279336994332738,0.7333333333333333,0.0,0.7124538460630969,0.0,0.40975043317674487,0.34857902253295864,0.0,0.5382881897798037,0.0,0.31023275699539843,0.8741089809790825,0.2252,0.0,1.0,0.0,0.865508
0.41766198010424865,0.0,1.0,0.0,1.0,0.11447639270919024,0.0,1.0,0.0,1.0,0.12342590308661919,0.35450554948600094,0.775,0.0,0.0,1.0,0.971333
0.7496191334860283,0.26666666666666666,0.0,0.9097822340254702,0.0,0.8028899751551585,0.7549593856615379,0.0,0.3441770751055195,0.0,0.13570907676927543,0.40660927917111306,0.6602,0.0,1.0,0.0,0.945715
0.5779247972120088,0.0,1.0,0.0,1.0,0.286962148739105,0.0,1.0,0.0,1.0,0.2671860993192984,0.9978537031597828,0.6432,0.0,0.0,1.0,0.909729
0.49257229760078797,0.0,1.0,0.0,1.0,0.9670089908944133,0.0,1.0,0.0,1.0,0.6848333597483249,0.40929647651829176,0.166,0.0,0.0,1.0,0.957914
0.5284801405975439,0.13333333333333333,0.0,0.7412415082697468,0.0,0.021075092198962486,0.23864842446232845,0.0,0.5294235109703603,0.0,0.07115947346240964,0.05219351837767318,0.3598,0.0,1.0,0.0,0.94968
0.3729232774981196,0.0,1.0,0.0,1.0,0.965090607219311,0.0,1.0,0.0,1.0,0.6524105095476547,0.6328497376933874,0.3426,0.0,0.0,1.0,0.947545
0.709163577893599,0.0,1.0,0.0,1.0,0.5965253313250262,0.0,1.0,0.0,1.0,0.6749157368877147,0.3657150415883397,0.2412,0.0,0.0,1.0,0.960659
0.7392960823167049,0.26666666666666666,0.0,0.8861464901607771,0.0,0.8075603463514376,0.4892933999727433,0.0,0.5004952046147074,0.0,0.8062011019331337,0.44322334397206187,0.3246,0.0,1.0,0.0,0.94785
0.8900229249946628,0.0,1.0,0.0,1.0,0.4905095970426818,0.0,1.0,0.0,1.0,0.041365179905185276,0.195104677033203,0.7192,0.0,0.0,1.0,0.965233
0.89282296885957,0.6,0.0,0.7044233933676587,0.0,0.8114370887838975,0.5848347276699806,0.0,0.08666017577674191,0.0,0.4002266850360623,0.2840573908285725,0.7384,0.0,1.0,0.0,0.972858
0.535806178117781,0.0,1.0,0.0,1.0,0.3027302364159371,0.0,1.0,0.0,1.0,0.3454894218083195,0.9303390579115789,0.1866,0.0,0.0,1.0,0.915523
0.5722420793025047,0.0,1.0,0.0,1.0,0.8294671419699894,0.0,1.0,0.0,1.0,0.796329727290772,0.34334039478765116,0.9708,0.0,0.0,1.0,0.94602
0.156459797944827,0.3333333333333333,0.0,0.9660499219569489,0.0,0.5347842410118323,0.24272430505998,0.0,0.24078851371865823,0.0,0.4120648853131287,0.20360123087351828,0.7182,0.0,1.0,0.0,0.860018
0.46818330814652315,0.0,1.0,0.0,1.0,0.39016214459719056,0.0,1.0,0.0,1.0,0.2738510070173096,0.6915632376877445,0.2782,0.0,0.0,1.0,0.948765
0.6224025386395834,0.0,1.0,0.0,1.0,0.21535271507847806,0.0,1.0,0.0,1.0,0.0065735992092969195,0.23969989376397438,0.8778,0.0,0.0,1.0,0.967063
0.19627033668448782,0.0,1.0,0.0,1.0,0.2801974686731827,0.0,1.0,0.0,1.0,0.5546724109587001,0.42228974283572107,0.4278,0.0,0.0,1.0,0.969198
0.3740902468932089,0.26666666666666666,0.0,0.887611986549716,0.0,0.32535123358869494,0.23045095540469918,0.0,0.6751768345320847,0.0,0.4161814320725525,0.4849974918507632,0.637,0.0,1.0,0.0,0.924672
0.48616375363959613,0.6,0.0,0.963910978518399,0.0,0.8867997397167318,0.19451550240460325,0.0,0.7989715193621428,0.0,0.8838326894369566,0.5799032201438531,0.0818,0.0,1.0,0.0,0.89692
0.7897037476885749,0.06666666666666667,0.0,0.6848959401507101,0.0,0.6403232218075756,0.6708079788681812,0.0,0.6024921786124208,0.0,0.011379029436235881,0.8138919915353003,0.2146,0.0,1.0,0.0,0.880756
0.6999490976488322,0.6,0.0,0.8214205797634977,0.0,0.09776449274888094,0.46466452160082644,0.0,0.02534765267934971,0.0,0.9447722580775229,0.18524095448945088,0.5204,0.0,1.0,0.0,0.860018
0.5226555606658462,0.0,1.0,0.0,1.0,0.35728951702021683,0.0,1.0,0.0,1.0,0.06483027036564545,0.35318910973407297,0.0806,0.0,0.0,1.0,0.971943
0.6696554977472207,0.6,0.0,0.8053217293672637,0.0,0.830882767143453,0.10630662477555397,0.0,0.32432892560381965,0.0,0.5931492599897866,0.031742125020882785,0.3266,0.0,1.0,0.0,0.959439
0.7021221920206273,0.0,1.0,0.0,1.0,0.34396102791636834,0.0,1.0,0.0,1.0,0.714173682841873,0.575288895263138,0.9132,0.0,0.0,1.0,0.948765
0.30574406945184596,0.0,1.0,0.0,1.0,0.20737537501506773,0.0,1.0,0.0,1.0,0.3035461569190768,0.5458983767367249,0.2124,0.0,0.0,1.0,0.967063
0.12049151780108901,0.0,1.0,0.0,1.0,0.757705412480334,0.0,1.0,0.0,1.0,0.8052381829903752,0.24143013789415546,0.5954,0.0,0.0,1.0,0.9448
0.950992855481327,0.0,1.0,0.0,1.0,0.8461413514577791,0.0,1.0,0.0,1.0,0.8529147839184299,0.3011245518453805,0.6394,0.0,0.0,1.0,0.934126
0.28268041640478886,0.0,1.0,0.0,1.0,0.3108166204922405,0.0,1.0,0.0,1.0,0.7386921334819972,0.5209654885152508,0.0694,0.0,0.0,1.0,0.945715
0.34673021322807784,0.8666666666666667,0.0,0.892589562525861,0.0,0.20621862997936213,0.49735017511329355,0.0,0.9569207568169142,0.0,0.9562921504654245,0.5208151612891614,0.5812,0.0,1.0,0.0,0.918573
0.6310668269914379,0.0,1.0,0.0,1.0,0.35459741225887575,0.0,1.0,0.0,1.0,0.2626054489289105,0.32437280774661664,0.8064,0.0,0.0,1.0,0.971943
0.5841054053580541,0.0,1.0,0.0,1.0,0.04862755988792092,0.0,1.0,0.0,1.0,0.09697318876332289,0.2475931347867695,0.5862,0.0,0.0,1.0,0.966758
0.9237368110763964,0.0,1.0,0.0,1.0,0.6637467326221484,0.0,1.0,0.0,1.0,0.6546765283680129,0.7582572125951549,0.9036,0.0,0.0,1.0,0.923147
0.2721986779853539,0.0,1.0,0.0,1.0,0.17021127569302807,0.0,1.0,0.0,1.0,0.7265890420164187,0.31281598773451585,0.1224,0.0,0.0,1.0,0.953949
0.832538614904986,0.6666666666666666,0.0,0.9728193432035248,0.0,0.05210726546144455,0.7676512320691921,0.0,0.4046353930865382,0.0,0.32421834292730545,0.9541989684711473,0.661,0.0,1.0,0.0,0.139982
0.48855154475659734,0.0,1.0,0.0,1.0,0.1639076558099753,0.0,1.0,0.0,1.0,0.9813089065841689,0.18431198492670248,0.6918,0.0,0.0,1.0,0.917658
0.1662684523695583,0.0,1.0,0.8661795427587455,0.0,0.19010451240612677,0.14240136865603065,0.0,0.6302298059915952,0.0,0.4061202639485102,0.9680720435432187,0.8128,0.0,1.0,0.0,0.139982
0.31434125836145227,0.0,1.0,0.0,1.0,0.8671585844948694,0.0,1.0,0.0,1.0,0.6696781510522072,0.628393752169978,0.7692,0.0,0.0,1.0,0.946935
0.4776643697177181,0.0,1.0,0.0,1.0,0.17294010511347807,0.0,1.0,0.0,1.0,0.8551385430300388,0.13245950162250528,0.7958,0.0,0.0,1.0,0.934126
0.7590471920511211,0.5333333333333333,0.0,0.7261885460783045,0.0,0.7556319375191632,0.8860718725447101,0.0,0.38246101413848105,0.0,0.5683599699769807,0.7402415450113882,0.0516,0.0,1.0,0.0,0.956694
0.76822460886423,0.0,1.0,0.0,1.0,0.41401786878772606,0.0,1.0,0.0,1.0,0.46243728249510857,0.18989965865694955,0.4272,0.0,0.0,1.0,0.971333
0.8350046045655081,0.13333333333333333,0.0,0.7056667860478911,0.0,0.006396227372253702,0.2553089398147043,0.0,0.7551233931085233,0.0,0.878490202943249,0.9501490281392188,0.8782,0.0,1.0,0.0,0.139982
0.30700994096205453,0.5333333333333333,0.0,0.7704246980202565,0.0,0.02011494770336743,0.7271903113944753,0.0,0.8436366241877152,0.0,0.40165210448578176,0.9592231254152247,0.7706,0.0,1.0,0.0,0.139982
0.46227586321959,0.0,1.0,0.0,1.0,0.12571654524666842,0.0,1.0,0.0,1.0,0.20356748817637377,0.5313128213191246,0.9914,0.0,0.0,1.0,0.968893
0.9010033589483676,0.13333333333333333,0.0,0.970080722534106,0.0,0.05336899311097822,0.5529989361247535,0.0,0.026847647908450123,0.0,0.15089268212966328,0.6827718769440684,0.0082,0.0,1.0,0.0,0.860018
0.08988979874432106,0.6666666666666666,0.0,0.7421743799441467,0.0,0.8892761532900993,0.21696027406462956,0.0,0.12898876870959053,0.0,0.8149454279477892,0.14867769698756583,0.8528,0.0,1.0,0.0,0.922842
0.4991964621092682,0.8,0.0,0.935630321485765,0.0,0.12721834132641932,0.17108060141854256,0.0,0.7658629249729267,0.0,0.2866881768718067,0.14255949720944425,0.79,0.0,1.0,0.0,0.860018
0.5380147659375492,0.13333333333333333,0.0,0.7139280657721139,0.0,0.6024560687650997,0.017792790570086193,0.0,0.08316724141242951,0.0,0.3495137149775111,0.0011074704283373625,0.4368,0.0,1.0,0.0,0.928637
0.2902489040699108,0.0,1.0,0.0,1.0,0.8220961890671339,0.0,1.0,0.0,1.0,0.7802926727657481,0.18591728604812008,0.7246,0.0,0.0,1.0,0.94907
0.8677405109778956,0.6,0.0,0.6821512901616281,0.0,0.0066415013691109815,0.8748458026434848,0.0,0.9021161065302765,0.0,0.9338456704599082,0.34178239906868835,0.8854,0.0,1.0,0.0,0.959439
0.5765597050863372,0.3333333333333333,0.0,0.7941061830086316,0.0,0.21941787471495225,0.46848628801675213,0.0,0.6758702572708294,0.0,0.5739585734138175,0.8001700597915781,0.4308,0.0,1.0,0.0,0.860628
0.25383922153333077,0.0,1.0,0.0,1.0,0.31613454373521876,0.0,1.0,0.0,1.0,0.18699002088232394,0.06690430640233914,0.4136,0.0,0.0,1.0,0.969808
0.18617665015561322,0.0,1.0,0.0,1.0,0.9481733100866244,0.0,1.0,0.0,1.0,0.6830164785910303,0.11976782715847774,0.1644,0.0,0.0,1.0,0.960049
0.5583097930438227,0.8,0.0,0.9822408297979296,0.0,0.7289668763286923,0.541465900958067,0.0,0.3398493719677367,0.0,0.32030878779043614,0.3133080049240206,0.8478,0.0,1.0,0.0,0.917963
0.039044606042673534,0.0,1.0,0.0,1.0,0.540759238458026,0.0,1.0,0.0,1.0,0.13567569133021076,0.6321841356701701,0.464,0.0,0.0,1.0,0.956999
0.28147323539986685,0.0,1.0,0.0,1.0,0.018112097032906546,0.0,1.0,0.0,1.0,0.3481800363847731,0.0604450064260132,0.686,0.0,0.0,1.0,0.973468
0.7434432217801534,0.6666666666666666,0.0,0.8488616987762354,0.0,0.6285816279349156,0.3914758506279732,0.0,0.658085669396573,0.0,0.2910053205488129,0.43389914359975207,0.3198,0.0,1.0,0.0,0.960049
0.715255617850072,0.4666666666666667,0.0,0.9107834009707502,0.0,0.7748102716018329,0.023133287956022604,0.0,0.9594695916110219,0.0,0.6588801958898585,0.3619162137657092,0.0252,0.0,1.0,0.0,0.884416
0.9044927735736443,0.0,1.0,0.820865730540003,0.0,0.8939434226140897,0.013789204849429882,0.0,0.3504777399277513,0.0,0.5444839886482346,0.121637678681747,0.7642,0.0,1.0,0.0,0.956389
0.9516297686427424,0.0,1.0,0.0,1.0,0.9883022477229744,0.0,1.0,0.0,1.0,0.007339359130750767,0.05970613404187056,0.0524,0.0,0.0,1.0,0.964623
0.033434400585193966,1.0,0.0,0.8631002769814541,0.0,0.747032563559137,0.8900036448963045,0.0,0.45588686093270736,0.0,0.5091972101667551,0.12863376551162684,0.514,0.0,1.0,0.0,0.94907
0.16333772143546738,0.0,1.0,0.0,1.0,0.0830563126445338,0.0,1.0,0.0,1.0,0.7100359509759078,0.5791530542081192,0.116,0.0,0.0,1.0,0.9448
0.3826224445024201,0.0,1.0,0.0,1.0,0.7019789093481467,0.0,1.0,0.0,1.0,0.4062626496890775,0.6716211725421458,0.3008,0.0,0.0,1.0,0.954559
0.9396979726776813,0.0,1.0,0.0,1.0,0.4715819942217475,0.0,1.0,0.0,1.0,0.5842762065771322,0.7674593004197339,0.2198,0.0,0.0,1.0,0.922232
0.2794568606669926,0.06666666666666667,0.0,0.8425652119687965,0.0,0.7904348819687096,0.18142402373815508,0.0,0.0170317890253364,0.0,0.1009844342736681,0.7894245200000481,0.0466,0.0,1.0,0.0,0.860018
0.4086566217338708,0.0,1.0,0.0,1.0,0.017199461103872042,0.0,1.0,0.0,1.0,0.9829305553827632,0.6126980081537962,0.806,0.0,0.0,1.0,0.916438
0.22217863506326693,0.0,1.0,0.0,1.0,0.1461635592986945,0.0,1.0,0.0,1.0,0.6493733592051161,0.6781734543346962,0.0058,0.0,0.0,1.0,0.89814
0.09394453815811385,0.6,0.0,0.6730584055920569,0.0,0.5136059560273162,0.09722413668645788,0.0,0.48797148529772627,0.0,0.5097315183051833,0.575167592204645,0.9638,0.0,1.0,0.0,0.955474
0.812190724771904,0.0,1.0,0.0,1.0,0.5877133768971718,0.0,1.0,0.0,1.0,0.6500494870452155,0.43523342031535406,0.4386,0.0,0.0,1.0,0.963708
0.915627486596345,0.0,1.0,0.0,1.0,0.062303548098062565,0.0,1.0,0.0,1.0,0.8622689044548718,0.5522269692811589,0.7552,0.0,0.0,1.0,0.927722
0.11362074727326589,0.6,0.0,0.8473615681808533,0.0,0.4871134089497901,0.7243205357562749,0.0,0.3470766993689055,0.0,0.8119512977357289,0.7659685758774003,0.5636,0.0,1.0,0.0,0.881976
0.6283960577224627,0.0,1.0,0.0,1.0,0.1665132690466413,0.0,1.0,0.0,1.0,0.4200178614545858,0.2552579163528514,0.6266,0.0,0.0,1.0,0.974382
0.5350921004982826,0.0,1.0,0.0,1.0,0.6563262850417404,0.0,1.0,0.0,1.0,0.8631892206365214,0.044300249319351,0.522,0.0,0.0,1.0,0.931686
0.35348750529446177,0.06666666666666667,0.0,0.978781453064632,0.0,0.8050634155297312,0.5990471230427801,0.0,0.7746866088082026,0.0,0.4600640619427045,0.47630208794332085,0.4476,0.0,1.0,0.0,0.918573
0.667976589051667,0.0,1.0,0.0,1.0,0.6718090754419245,0.0,1.0,0.0,1.0,0.8666088911840437,0.4157064752597198,0.2046,0.0,0.0,1.0,0.929552
0.09078901661553823,0.0,1.0,0.0,1.0,0.3816740999583086,0.0,1.0,0.0,1.0,0.4047354367749214,0.753647760276641,0.3852,0.0,0.0,1.0,0.925892
0.8547709300694094,0.7333333333333333,0.0,0.990289129603536,0.0,0.8421082797378253,0.9640301578337256,0.0,0.7603808133837765,0.0,0.20135199293105027,0.16456797079118451,0.0296,0.0,1.0,0.0,0.916743
0.45626618583609246,0.0,1.0,0.0,1.0,0.38462652263412156,0.0,1.0,0.0,1.0,0.7065639022310757,0.154332767110476,0.8168,0.0,0.0,1.0,0.955779
0.06988193821222782,0.0,1.0,0.0,1.0,0.6344272091781606,0.0,1.0,0.0,1.0,0.7334740071080493,0.6270727460534381,0.7002,0.0,0.0,1.0,0.941141
0.07693983036638247,0.7333333333333333,0.0,0.7507110018588142,0.0,0.830214067787883,0.4129410381719665,0.0,0.36285992880491624,0.0,0.1358868301213229,0.1895512395242256,0.4842,0.0,1.0,0.0,0.968588
0.7031830813503455,0.3333333333333333,0.0,0.9854942400523784,0.0,0.6856332959864836,0.9824368465703199,0.0,0.7418086192687917,0.0,0.16688197250378944,0.30586730242272014,0.0426,0.0,1.0,0.0,0.918878
0.250395131140305,0.26666666666666666,0.0,0.9197766664774172,0.0,0.26475187512825066,0.5435159330899325,0.0,0.3834625316789694,0.0,0.12293968544229601,0.8333588434893231,0.3036,0.0,1.0,0.0,0.860018
0.17771492363164493,0.0,1.0,0.0,1.0,0.05269851719891791,0.0,1.0,0.0,1.0,0.11281762802702215,0.6483721999907768,0.5206,0.0,0.0,1.0,0.956084
0.7393259791289989,0.5333333333333333,0.0,0.8425095820531522,0.0,0.26041458475725376,0.025152274700927624,0.0,0.541298423800975,0.0,0.11467523544994387,0.3267234719187467,0.6476,0.0,1.0,0.0,0.929857
0.4619059112080566,0.0,1.0,0.0,1.0,0.0355032297221889,0.0,1.0,0.0,1.0,0.2106637121119837,0.5145605790051221,0.0428,0.0,0.0,1.0,0.967978
0.1537835182610653,0.0,1.0,0.0,1.0,0.6493079739454672,0.0,1.0,0.0,1.0,0.17225151154829654,0.5745874635995114,0.3818,0.0,0.0,1.0,0.963403
0.7273506184063752,0.0,1.0,0.0,1.0,0.9824091050588672,0.0,1.0,0.0,1.0,0.6339764632145463,0.2951590911984643,0.2232,0.0,0.0,1.0,0.965843
0.004138456659998728,1.0,0.0,0.9511519939729145,0.0,0.7882256936918389,0.17684225712222063,0.0,0.13505878374491773,0.0,0.638163366568205,0.49313830370454104,0.6854,0.0,1.0,0.0,0.860018
0.6506364533345885,0.26666666666666666,0.0,0.91366422019056,0.0,0.18081671791645612,0.5654718724480826,0.0,0.23939692702801446,0.0,0.7005225339987834,0.6344408506831208,0.8646,0.0,1.0,0.0,0.915828
0.5839599674935206,0.26666666666666666,0.0,0.9979991676785348,0.0,0.058782341419840414,0.9037096394471279,0.0,0.9420356199770222,0.0,0.5787503384741606,0.12178864193656856,0.485,0.0,1.0,0.0,0.860018
0.9467610960805058,0.0,1.0,0.0,1.0,0.3544544013241035,0.0,1.0,0.0,1.0,0.10972812948123911,0.4159180994497732,0.3862,0.0,0.0,1.0,0.972553
0.5746807138547513,0.0,1.0,0.0,1.0,0.3168763848295683,0.0,1.0,0.0,1.0,0.1364680020924095,0.7206319932890957,0.6922,0.0,0.0,1.0,0.94297
0.6620793304799559,0.26666666666666666,0.0,0.8481718620380748,0.0,0.36298563980237475,0.5923288093338541,0.0,0.6166002952744101,0.0,0.8015669170485957,0.6491737475917783,0.3342,0.0,1.0,0.0,0.936871
0.4696364382966223,0.0,1.0,0.6766563212891525,0.0,0.126603313069604,0.8729734392552216,0.0,0.6067048073868972,0.0,0.7435789852648981,0.8101170416096309,0.972,0.0,1.0,0.0,0.885941
0.17730827444170244,0.2,0.0,0.7748908503980928,0.0,0.1754843642848747,0.4979164258811702,0.0,0.09049103712257048,0.0,0.03273817435439682,0.4313436642699665,0.5986,0.0,1.0,0.0,0.938701
0.7498419807893889,0.06666666666666667,0.0,0.7703020776413249,0.0,0.5763510554827366,0.9240790883997746,0.0,0.5994044329856841,0.0,0.7859788082303335,0.7313219972686276,0.1502,0.0,1.0,0.0,0.935956
0.5389711563295491,0.0,1.0,0.0,1.0,0.016486812581356848,0.0,1.0,0.0,1.0,0.6116770727313546,0.5433198869413728,0.0882,0.0,0.0,1.0,0.959134
0.13083181818223724,0.0,1.0,0.0,1.0,0.7120653039329099,0.0,1.0,0.0,1.0,0.47608113766052745,0.037992642087178806,0.0278,0.0,0.0,1.0,0.963403
0.5520985376147284,0.0,1.0,0.0,1.0,0.38455247445570573,0.0,1.0,0.0,1.0,0.9331794267337603,0.926405971948856,0.8574,0.0,0.0,1.0,0.915523
0.7593505309600977,0.0,1.0,0.0,1.0,0.27211452804300457,0.0,1.0,0.0,1.0,0.8316661109388425,0.09819970322246921,0.3634,0.0,0.0,1.0,0.937481
0.7711212173950667,0.06666666666666667,0.0,0.8419297975493766,0.0,0.22752057191063058,0.3603470449799369,0.0,0.5292718261432684,0.0,0.9359719097244145,0.4907878841450533,0.9542,0.0,1.0,0.0,0.927722
0.5302080026577354,0.0,1.0,0.0,1.0,0.8788112434373747,0.0,1.0,0.0,1.0,0.5535615792577223,0.02582905209991327,0.5876,0.0,0.0,1.0,0.969808
0.8174527329854988,1.0,0.0,0.8827237675711067,0.0,0.26582861807649505,0.8734411306113611,0.0,0.16637068536223584,0.0,0.36123580210942513,0.4187823833572322,0.3552,0.0,1.0,0.0,0.928942
0.7526324980292041,0.0,1.0,0.0,1.0,0.46229429985256043,0.0,1.0,0.0,1.0,0.8361970858630611,0.42495169429946533,0.168,0.0,0.0,1.0,0.937481
0.8982122996176443,0.8666666666666667,0.0,0.8796609180580152,0.0,0.4548021485429255,0.08943391087955242,0.0,0.37507916551780895,0.0,0.6351393469851502,0.3778798948349658,0.894,0.0,1.0,0.0,0.935041
0.7509788033577549,0.0,1.0,0.0,1.0,0.4546799018979641,0.0,1.0,0.0,1.0,0.9894289174674368,0.1810601022032051,0.2684,0.0,0.0,1.0,0.916743
0.6898129873800963,0.0,1.0,0.0,1.0,0.536532572606536,0.0,1.0,0.0,1.0,0.8978567618163914,0.10151086498825142,0.9216,0.0,0.0,1.0,0.923757
0.484115071795388,0.0,1.0,0.0,1.0,0.8568434160018061,0.0,1.0,0.0,1.0,0.37291693336086784,0.4417024803902768,0.2232,0.0,0.0,1.0,0.973163
0.401823830908295,0.2,0.0,0.9386169664748757,0.0,0.812562932447233,0.5684607260691411,0.0,0.6869455135004128,0.0,0.5418150528189424,0.6953899872614635,0.9472,0.0,1.0,0.0,0.924977
0.23855810706355166,0.0,1.0,0.0,1.0,0.4515718195777087,0.0,1.0,0.0,1.0,0.45183704996788937,0.5289285760922929,0.1138,0.0,0.0,1.0,0.967063
0.18833849547026707,0.0,1.0,0.0,1.0,0.8470651037874063,0.0,1.0,0.0,1.0,0.576389657861933,0.3510935008004008,0.178,0.0,0.0,1.0,0.969198
0.6165897913841654,0.3333333333333333,0.0,0.7119213191606081,0.0,0.660819858132562,0.1520176841937669,0.0,0.38135099795250316,0.0,0.08575519996514003,0.9132806327722227,0.532,0.0,1.0,0.0,0.863983
0.045514179322088864,0.9333333333333333,0.0,0.7298487106589034,0.0,0.4328987539939215,0.240491139022906,0.0,0.7024285412312735,0.0,0.581583890545846,0.9013910875448878,0.5942,0.0,1.0,0.0,0.860628
0.4598475535075799,0.0,1.0,0.0,1.0,0.10740637566970347,0.0,1.0,0.0,1.0,0.6834217948860895,0.9420246263760003,0.9416,0.0,0.0,1.0,0.915218
0.5508537652857505,0.0,1.0,0.0,1.0,0.2919337929486612,0.0,1.0,0.0,1.0,0.6892134994428912,0.39616942375645886,0.2588,0.0,0.0,1.0,0.956694
0.3499807909845748,0.0,1.0,0.0,1.0,0.22310375607224286,0.0,1.0,0.0,1.0,0.03270361483135854,0.9190875782808083,0.6892,0.0,0.0,1.0,0.915218
0.6363084107655327,1.0,0.0,0.7861445444567222,0.0,0.6274601376499157,0.662985263616192,0.0,0.009158001180316901,0.0,0.42551106294334506,0.15468884912663552,0.4824,0.0,1.0,0.0,0.954864
0.6666092601233009,1.0,0.0,0.9320595145992039,0.0,0.17068340291476447,0.3510556031704988,0.0,0.5057237866815565,0.0,0.42838842449895037,0.7068925898326486,0.1712,0.0,1.0,0.0,0.860018
0.05466932081825016,0.0,1.0,0.0,1.0,0.8135082882160279,0.0,1.0,0.0,1.0,0.2923370177516159,0.5444617125755156,0.416,0.0,0.0,1.0,0.966453
0.9084207450571501,0.0,1.0,0.0,1.0,0.6771411189328455,0.0,1.0,0.0,1.0,0.8133711611244249,0.39371369722851857,0.9138,0.0,0.0,1.0,0.939921
0.3898667217653373,0.7333333333333333,0.0,0.7460713135995481,0.0,0.3961634634857201,0.6857796244714278,0.0,0.6779630028662184,0.0,0.3164673802551154,0.9240600343498392,0.4666,0.0,1.0,0.0,0.880146
0.3035017242064977,0.0,1.0,0.0,1.0,0.8041394596994001,0.0,1.0,0.0,1.0,0.7139087708758101,0.7610956621930829,0.6598,0.0,0.0,1.0,0.921622
0.4152392778066957,0.0,1.0,0.0,1.0,0.629644867656803,0.0,1.0,0.0,1.0,0.7948262153702506,0.8675001393427362,0.1212,0.0,0.0,1.0,0.915828
0.9094336287963775,0.0,1.0,0.0,1.0,0.2842679509939775,0.0,1.0,0.0,1.0,0.658656627939625,0.3272416169895615,0.3616,0.0,0.0,1.0,0.963403
0.8188856217708865,0.0,1.0,0.0,1.0,0.42781914614134237,0.0,1.0,0.0,1.0,0.47308069596051255,0.19410312106307678,0.4806,0.0,0.0,1.0,0.971028
0.09951943490943742,0.0,1.0,0.0,1.0,0.5706124150237118,0.0,1.0,0.0,1.0,0.9159515637698785,0.47226172257168314,0.9216,0.0,0.0,1.0,0.926197
0.03409102090414697,1.0,0.0,0.6755232144889346,0.0,0.2753875909919005,0.13554244182463585,0.0,0.22033436206327503,0.0,0.10014940986626013,0.2809538386627468,0.8708,0.0,1.0,0.0,0.953949
0.249070981447847,0.0,1.0,0.0,1.0,0.05733873606374869,0.0,1.0,0.0,1.0,0.010682629975865755,0.849750631291598,0.2772,0.0,0.0,1.0,0.918268
0.7573357113432424,0.8666666666666667,0.0,0.7881927907726738,0.0,0.6554475880939844,0.45294036061486503,0.0,0.20075643749659922,0.0,0.684921013926324,0.8831704267498293,0.2312,0.0,1.0,0.0,0.862763
0.41665754513354736,0.0,1.0,0.9991136849136101,0.0,0.32305951134031646,0.08550459449782073,0.0,0.962934779761709,0.0,0.048914949587272515,0.09828576962064636,0.0902,0.0,1.0,0.0,0.860018
0.8362331777740595,0.0,1.0,0.0,1.0,0.5954207327626625,0.0,1.0,0.0,1.0,0.30924886544067964,0.5917466867645698,0.3146,0.0,0.0,1.0,0.963403
0.005363386564329311,0.0,1.0,0.0,1.0,0.15754154398071482,0.0,1.0,0.0,1.0,0.22537561292544325,0.5579137197980263,0.3902,0.0,0.0,1.0,0.965538
0.6538403167364126,0.3333333333333333,0.0,0.9706488626815275,0.0,0.8773668713446477,0.7621980171221593,0.0,0.23799827589950237,0.0,0.6492598895982025,0.25692314214001166,0.818,0.0,1.0,0.0,0.925282
0.9877440808252297,0.0,1.0,0.0,1.0,0.2556987914587263,0.0,1.0,0.0,1.0,0.7581281260745181,0.5033406942171029,0.7016,0.0,0.0,1.0,0.948765
0.4064554184188618,0.4666666666666667,0.0,0.9045908410424885,0.0,0.9729122424676414,0.2197322367680917,0.0,0.8508431699270393,0.0,0.044129367540507794,0.08814543431432059,0.473,0.0,1.0,0.0,0.941446
0.10925160952575344,0.6666666666666666,0.0,0.8570639409313224,0.0,0.8588224151789821,0.18593694543020892,0.0,0.06892191083327247,0.0,0.9004154600337376,0.815324561083528,0.8902,0.0,1.0,0.0,0.860018
0.8414439696061576,0.5333333333333333,0.0,0.7868007115399914,0.0,0.11117701390607972,0.8962825111353513,0.0,0.2329205015714006,0.0,0.8161140631145318,0.9934789114437078,0.7242,0.0,1.0,0.0,0.139982
0.19921537449402096,0.0,1.0,0.0,1.0,0.4978553042163065,0.0,1.0,0.0,1.0,0.39069505671542526,0.9424513327898754,0.3966,0.0,0.0,1.0,0.912778
0.9721098634947373,0.13333333333333333,0.0,0.8050918751928438,0.0,0.7326594059189419,0.41924974486395283,0.0,0.3787608610752494,0.0,0.3830737079839917,0.0026607789676033615,0.6606,0.0,1.0,0.0,0.963099
0.28846724154563586,0.13333333333333333,0.0,0.7202874935258339,0.0,0.9729021463646289,0.8227343584007782,0.0,0.2975305122241772,0.0,0.605349131584801,0.3055291400641495,0.2796,0.0,1.0,0.0,0.965538
0.9255304026484373,0.6,0.0,0.6837017723634126,0.0,0.5123349704927729,0.39282444677710066,0.0,0.3326159589658093,0.0,0.35234895204444716,0.0570914774886768,0.8614,0.0,1.0,0.0,0.970418
0.9619144207191683,0.0,1.0,0.9384796267391804,0.0,0.31052791143548103,0.06596438067185943,0.0,0.5903387076925902,0.0,0.6429194623303857,0.5983448394577051,0.5052,0.0,1.0,0.0,0.915523
0.13809736655836655,0.5333333333333333,0.0,0.8458909421918762,0.0,0.4124468258888496,0.8443529243827241,0.0,0.582072767758119,0.0,0.1574082038835237,0.16402853687015384,0.273,0.0,1.0,0.0,0.94602
0.9394611478667966,0.26666666666666666,0.0,0.9604107665655599,0.0,0.796566253174517,0.5785685040410605,0.0,0.496530820014664,0.0,0.5425509546403762,0.7684327841919708,0.5454,0.0,1.0,0.0,0.921013
0.5146346818617781,0.0,1.0,0.0,1.0,0.33190396417867524,0.0,1.0,0.0,1.0,0.6249437887997311,0.024723346829442088,0.8478,0.0,0.0,1.0,0.965233
0.9056369175543834,0.0,1.0,0.9942631314787138,0.0,0.7258135470006165,0.11171627862193469,0.0,0.4854820035631591,0.0,0.2242675893401696,0.8702757826445074,0.9734,0.0,1.0,0.0,0.860018
0.3910130626563973,0.0,1.0,0.0,1.0,0.44124663484518317,0.0,1.0,0.0,1.0,0.5250029763852607,0.09154322640766281,0.1894,0.0,0.0,1.0,0.970723
0.5545645335834554,0.0,1.0,0.0,1.0,0.05672671188712205,0.0,1.0,0.0,1.0,0.018711679112414482,0.5883470344478844,0.473,0.0,0.0,1.0,0.963403
0.2642756173152614,0.0,1.0,0.0,1.0,0.8489986785339504,0.0,1.0,0.0,1.0,0.9993199392415004,0.8359201950540037,0.4762,0.0,0.0,1.0,0.915828
0.957430234743958,0.06666666666666667,0.0,0.7198499538223286,0.0,0.2463158319835921,0.7937565311134714,0.0,0.02800115179697728,0.0,0.24625293632493597,0.6935730174930481,0.4176,0.0,1.0,0.0,0.939311
0.4686719769167897,0.6,0.0,0.7079329887390835,0.0,0.5850606397428725,0.5561208919964726,0.0,0.17892672493067555,0.0,0.48823131494020167,0.46499393581597437,0.1574,0.0,1.0,0.0,0.972553
0.4958713029436261,0.0,1.0,0.0,1.0,0.6439814300960018,0.0,1.0,0.0,1.0,0.48070811863451357,0.9788867186165474,0.7556,0.0,0.0,1.0,0.908509
0.9079163753219098,0.8666666666666667,0.0,0.9377996042716543,0.0,0.4161421146133594,0.5291130135499376,0.0,0.2724995585203647,0.0,0.5726260815012812,0.7936030778499116,0.6608,0.0,1.0,0.0,0.860018
0.4330707693587783,0.13333333333333333,0.0,0.7853047426464459,0.0,0.7174392129205228,0.9407747435864021,0.0,0.7348574254490269,0.0,0.2062206024234112,0.21503388692730718,0.1286,0.0,1.0,0.0,0.963708
0.38979833571258166,0.8666666666666667,0.0,0.7002459695551879,0.0,0.7578356836656479,0.7165850914887483,0.0,0.7433202704361996,0.0,0.5188676282062659,0.3163663112060167,0.2202,0.0,1.0,0.0,0.977432
0.10985358683585483,0.9333333333333333,0.0,0.7895631894973796,0.0,0.5185134444279262,0.5762197111384316,0.0,0.2751714413351814,0.0,0.9421445457829123,0.3177739171123977,0.1996,0.0,1.0,0.0,0.881976
0.2971323446840987,0.8666666666666667,0.0,0.7377997862931273,0.0,0.26415634615057637,0.98929691011435,0.0,0.7733858916831464,0.0,0.23403494440122338,0.5027779562602318,0.1488,0.0,1.0,0.0,0.964623
0.12782695158507487,0.0,1.0,0.0,1.0,0.8422009177288482,0.0,1.0,0.0,1.0,0.25128328551557644,0.30044983271759745,0.5082,0.0,0.0,1.0,0.968893
0.8009280432241253,1.0,0.0,0.9522250730430674,0.0,0.6811995411592786,0.0092487808585276,0.0,0.6437637736849371,0.0,0.2002820321608613,0.547684341309381,0.2784,0.0,1.0,0.0,0.922842
0.6100617306824939,0.0,1.0,0.0,1.0,0.09341157799430122,0.0,1.0,0.0,1.0,0.14497525968357264,0.8647911174566564,0.8306,0.0,0.0,1.0,0.915218
0.6300320989042452,0.0,1.0,0.7339626102735274,0.0,0.2987229007827472,0.8541454706597141,0.0,0.2965378470592798,0.0,0.6963559483674397,0.10471400546474917,0.492,0.0,1.0,0.0,0.967978
0.7953182456123616,0.8,0.0,0.9407595086235517,0.0,0.06803548001899992,0.5715403010934533,0.0,0.5854501755941228,0.0,0.11012615435256039,0.37726590150022316,0.3378,0.0,1.0,0.0,0.860018
0.5910632226161018,0.0,1.0,0.0,1.0,0.6781903161747923,0.0,1.0,0.0,1.0,0.5356417953698344,0.7966490247422219,0.8732,0.0,0.0,1.0,0.919793
0.5693272346686203,0.13333333333333333,0.0,0.709775526744237,0.0,0.553033286334962,0.4666292760699945,0.0,0.071100779425896,0.0,0.6949540604168736,0.5993001769437079,0.571,0.0,1.0,0.0,0.958219
0.786801039128741,0.2,0.0,0.7506302564764409,0.0,0.6645124864462656,0.781833108034926,0.0,0.7958248828527611,0.0,0.6861552660416987,0.0033014553447898868,0.6584,0.0,1.0,0.0,0.971028
0.7381434669547001,0.6666666666666666,0.0,0.9088060713470738,0.0,0.14111116582346353,0.5211730220116005,0.0,0.4539733389223096,0.0,0.16837477584048904,0.7766444370588564,0.9222,0.0,1.0,0.0,0.860018
0.5171854929205554,0.4666666666666667,0.0,0.9412153767227275,0.0,0.5734240482752997,0.6386322185072284,0.0,0.9383898044808892,0.0,0.2258704603555923,0.2630426341868501,0.8252,0.0,1.0,0.0,0.925892
0.9405340134764434,0.0,1.0,0.0,1.0,0.6458253732600953,0.0,1.0,0.0,1.0,0.46757110084463427,0.5636821039110455,0.6322,0.0,0.0,1.0,0.963403
0.7456758053498981,0.0,1.0,0.0,1.0,0.7949171034922209,0.0,1.0,0.0,1.0,0.3162151155738564,0.9518389197504975,0.7812,0.0,0.0,1.0,0.912168
0.04378511112939919,0.9333333333333333,0.0,0.9127610690417906,0.0,0.3622146459515449,0.6160212439530435,0.0,0.7082401495556748,0.0,0.6243970437496893,0.49209028882876316,0.0952,0.0,1.0,0.0,0.915218
0.4921749357037935,0.0,1.0,0.8673848853678603,0.0,0.09760169870503729,0.5558170621206756,0.0,0.3605570268350989,0.0,0.6648850028109943,0.7837816253870211,0.568,0.0,1.0,0.0,0.860018
0.18549905411805473,0.5333333333333333,0.0,0.6922090324935545,0.0,0.7887755481705104,0.7564538274900849,0.0,0.4602988928434667,0.0,0.6249614973903789,0.33729750321410845,0.7876,0.0,1.0,0.0,0.975297
0.8854293553568465,0.13333333333333333,0.0,0.8505933029514441,0.0,0.8378962589518837,0.9188186973558438,0.0,0.34926881253104824,0.0,0.881128071333806,0.7617527038053091,0.986,0.0,1.0,0.0,0.942056
0.0031627027943549415,0.9333333333333333,0.0,0.9475367576798036,0.0,0.3323174845946493,0.09389807570232561,0.0,0.7654674468396752,0.0,0.6556564705249197,0.36225276596669065,0.007,0.0,1.0,0.0,0.860018
0.531815864642538,0.3333333333333333,0.0,0.7959988581151046,0.0,0.9846689165806968,0.0555676776833396,0.0,0.650760326965468,0.0,0.48924481595741937,0.3092954906467818,0.284,0.0,1.0,0.0,0.963403
0.2928852618113413,0.2,0.0,0.8132716059896028,0.0,0.6751408595202055,0.5250207390973308,0.0,0.18871668560924054,0.0,0.25296944303145974,0.8151064748383682,0.2886,0.0,1.0,0.0,0.863678
0.32904487638608987,0.6666666666666666,0.0,0.7470609066533141,0.0,0.7592545417993821,0.8146919213929685,0.0,0.19931601349315925,0.0,0.26378524676988113,0.22395333400652503,0.6938,0.0,1.0,0.0,0.973468
0.7498955266979933,1.0,0.0,0.9100582743843573,0.0,0.5505534686651488,0.9759179875105852,0.0,0.07207852687106489,0.0,0.9749477136308142,0.20972395007734723,0.8614,0.0,1.0,0.0,0.923147
0.4222670678878244,0.26666666666666666,0.0,0.9346930415571713,0.0,0.24397938940770483,0.23206793960514488,0.0,0.7562970784110187,0.0,0.004351218826334485,0.4983191602277072,0.1828,0.0,1.0,0.0,0.860018
0.3933407416899776,0.0,1.0,0.7542373080843197,0.0,0.974610810922193,0.7010864743368059,0.0,0.07688908262588905,0.0,0.3377027652663229,0.5027951818737855,0.7274,0.0,1.0,0.0,0.967978
0.6669332445723197,0.0,1.0,0.0,1.0,0.25363223808271756,0.0,1.0,0.0,1.0,0.7480067622758387,0.7585541592139511,0.4716,0.0,0.0,1.0,0.920403
0.1409595768610879,0.6666666666666666,0.0,0.75359989348738,0.0,0.18952593475770185,0.6390044648859204,0.0,0.11179375370636602,0.0,0.6267404123684,0.0807619954719205,0.9138,0.0,1.0,0.0,0.94968
0.9621659151856045,0.0,1.0,0.0,1.0,0.5056705857721712,0.0,1.0,0.0,1.0,0.6037249638740815,0.46542209358736497,0.3382,0.0,0.0,1.0,0.965843
0.8473859009563646,0.0,1.0,0.0,1.0,0.47248109781963255,0.0,1.0,0.0,1.0,0.3919643040541553,0.6127962177474922,0.7606,0.0,0.0,1.0,0.962489
0.40259234939476535,0.06666666666666667,0.0,0.8996780696755098,0.0,0.5699182608500872,0.5365186614389139,0.0,0.30526355288533863,0.0,0.3653374390265498,0.265605036337652,0.5898,0.0,1.0,0.0,0.921622
0.19346271185699215,0.0,1.0,0.0,1.0,0.9432531741405348,0.0,1.0,0.0,1.0,0.0813406929514358,0.7592477215460479,0.9124,0.0,0.0,1.0,0.933516
0.3577391085036606,0.0,1.0,0.0,1.0,0.7237928422866843,0.0,1.0,0.0,1.0,0.5278543449106357,0.27350059135633453,0.6668,0.0,0.0,1.0,0.970113
0.2825797014402981,0.0,1.0,0.0,1.0,0.14590587548429876,0.0,1.0,0.0,1.0,0.22640069747386987,0.17788947702625924,0.0208,0.0,0.0,1.0,0.967978
0.9806124282487908,0.0,1.0,0.0,1.0,0.26429226250130355,0.0,1.0,0.0,1.0,0.12152805330191158,0.2802962860326755,0.9074,0.0,0.0,1.0,0.969198
0.33891970079976114,0.0,1.0,0.0,1.0,0.027284882191558515,0.0,1.0,0.0,1.0,0.9468888974285918,0.3983234144562993,0.5208,0.0,0.0,1.0,0.919793
0.7867514716930832,0.8666666666666667,0.0,0.8620362503167283,0.0,0.746148730430565,0.41616205452170396,0.0,0.8168411347463334,0.0,0.9887776637099013,0.9706715080618726,0.1024,0.0,1.0,0.0,0.860933
0.4990506247770996,0.06666666666666667,0.0,0.8746250705073255,0.0,0.3630575277067249,0.6042600862538339,0.0,0.48640933717172596,0.0,0.987051950923558,0.9665464736381462,0.7138,0.0,1.0,0.0,0.139982
0.2485847472713877,0.6,0.0,0.7558487418356212,0.0,0.794650035827277,0.7841126774199134,0.0,0.18986500659717284,0.0,0.416408032780096,0.3873101251010295,0.7236,0.0,1.0,0.0,0.971638
0.7228231840286666,0.0,1.0,0.0,1.0,0.9329440221900303,0.0,1.0,0.0,1.0,0.10632131978424378,0.09848767764114105,0.8838,0.0,0.0,1.0,0.965233
0.06629366347054033,0.4666666666666667,0.0,0.677617905394137,0.0,0.9363331876459223,0.329317109814526,0.0,0.5575345935791138,0.0,0.27291424989673685,0.002547910786901856,0.8298,0.0,1.0,0.0,0.974992
0.9450406014205024,0.0,1.0,0.8428174204720609,0.0,0.7441310151280068,0.7237243867917603,0.0,0.8448728009287767,0.0,0.4940110020282086,0.28573250125629057,0.7544,0.0,1.0,0.0,0.960049
0.16306007660794336,0.26666666666666666,0.0,0.7296245725097903,0.0,0.670206435449735,0.10946835813868477,0.0,0.2670854020690329,0.0,0.2004581913936015,0.1874440661103945,0.4612,0.0,1.0,0.0,0.952729
0.38371926290072306,0.5333333333333333,0.0,0.9196116700324439,0.0,0.5468420419156905,0.9473917643714385,0.0,0.7030616048317057,0.0,0.12443566820414013,0.17049573139293786,0.4814,0.0,1.0,0.0,0.925892
0.17968858759042391,0.0,1.0,0.0,1.0,0.05895226776753834,0.0,1.0,0.0,1.0,0.953673545892859,0.3395552208218136,0.8924,0.0,0.0,1.0,0.919488
0.7095701201936957,0.0,1.0,0.976040848066151,0.0,0.7589797243433208,0.8620032253929957,0.0,0.3990295545306698,0.0,0.44938140085403133,0.7938604953218957,0.6044,0.0,1.0,0.0,0.860018
0.6428311382366518,0.5333333333333333,0.0,0.8689398258745248,0.0,0.7463735421289306,0.5200789877906947,0.0,0.8274832115482739,0.0,0.4143557092089768,0.24083869124410107,0.6698,0.0,1.0,0.0,0.958219
0.16331300555180533,0.0,1.0,0.0,1.0,0.9922209737011632,0.0,1.0,0.0,1.0,0.9509598468322156,0.9512972271311187,0.6012,0.0,0.0,1.0,0.912473
0.047299033268274206,0.2,0.0,0.7284722883047924,0.0,0.7778238206270248,0.18921499136530925,0.0,0.6333205624039383,0.0,0.17888548371332982,0.8948523357131387,0.8924,0.0,1.0,0.0,0.860018
0.9953939941399247,0.5333333333333333,0.0,0.831043991237591,0.0,0.7538333962003825,0.3378337818433425,0.0,0.6814236803101118,0.0,0.5639652380420836,0.7724104075977662,0.8676,0.0,1.0,0.0,0.938701
0.27060684811564084,0.0,1.0,0.0,1.0,0.1734782759973759,0.0,1.0,0.0,1.0,0.6020570049514239,0.7851669280639904,0.1558,0.0,0.0,1.0,0.911253
0.671788279670452,0.0,1.0,0.0,1.0,0.6563954492032569,0.0,1.0,0.0,1.0,0.17297021704903562,0.33399978455544876,0.5586,0.0,0.0,1.0,0.970418
0.5886576036923421,0.6666666666666666,0.0,0.6732955870318394,0.0,0.6492551282586081,0.6088153068344984,0.0,0.08350990192355523,0.0,0.004908010451275413,0.18439763818311944,0.3616,0.0,1.0,0.0,0.976822
0.09144272937168015,0.0,1.0,0.0,1.0,0.7294980434354955,0.0,1.0,0.0,1.0,0.7253906482109765,0.42422905590652715,0.1264,0.0,0.0,1.0,0.94663
0.8311957628498142,0.2,0.0,0.6924234838593049,0.0,0.8722381259885224,0.9670054370290163,0.0,0.9944003704472842,0.0,0.03146466757208848,0.40268588092908963,0.1542,0.0,1.0,0.0,0.972858
0.36219376938252484,0.6,0.0,0.7501342477914393,0.0,0.7446184819720426,0.7263169232942318,0.0,0.5642873696190803,0.0,0.5189427462598349,0.24334044947315814,0.1636,0.0,1.0,0.0,0.973163
0.14949153153720549,0.0,1.0,0.0,1.0,0.26843151036438634,0.0,1.0,0.0,1.0,0.8318832081529164,0.6708886716257174,0.8318,0.0,0.0,1.0,0.931686
0.38863683846261177,0.0,1.0,0.0,1.0,0.07906454225398991,0.0,1.0,0.0,1.0,0.8782930374127182,0.6522590460081231,0.035,0.0,0.0,1.0,0.906374
0.7868338238003612,0.6,0.0,0.9397632075129995,0.0,0.007152789903125165,0.9553256397345422,0.0,0.48743094858033237,0.0,0.24735815400813269,0.68772183748784,0.3746,0.0,1.0,0.0,0.860018
0.859291938755988,0.0,1.0,0.0,1.0,0.8869613048398466,0.0,1.0,0.0,1.0,0.0845910542491818,0.4912294509786499,0.7366,0.0,0.0,1.0,0.971028
0.5821146164519092,0.2,0.0,0.8260124825100246,0.0,0.6009522900669311,0.6490029028373978,0.0,0.4468552936554213,0.0,0.7339667039378635,0.1345559341893946,0.7596,0.0,1.0,0.0,0.961269
0.4804847987973946,0.7333333333333333,0.0,0.6741927898906848,0.0,0.8405433148508267,0.6211576471699276,0.0,0.802787317699385,0.0,0.2966185610831029,0.8555255735492924,0.5854,0.0,1.0,0.0,0.920098
0.07122236612894146,0.3333333333333333,0.0,0.8715363430863193,0.0,0.28793460502730195,0.1860789069145919,0.0,0.6977640371006204,0.0,0.9840952065725157,0.4149809532754133,0.9358,0.0,1.0,0.0,0.860018
0.06557091161448775,0.13333333333333333,0.0,0.7064004418484855,0.0,0.2295406689165104,0.1803320412812255,0.0,0.452318641561139,0.0,0.08855098376681393,0.14720201721957327,0.7416,0.0,1.0,0.0,0.95029
0.829084399127741,0.26666666666666666,0.0,0.9985860827031904,0.0,0.5715979845340561,0.18607223192937922,0.0,0.3778709966248708,0.0,0.6018936587006798,0.663682952155753,0.5208,0.0,1.0,0.0,0.860018
0.8852988296230432,0.6,0.0,0.9395291866560259,0.0,0.37508667366246207,0.9875069479144102,0.0,0.5036070991588333,0.0,0.7921608838821704,0.3613726643234618,0.8598,0.0,1.0,0.0,0.921317
0.3473553522760387,0.4666666666666667,0.0,0.9337923495386183,0.0,0.24495973519001918,0.10212454792927511,0.0,0.3802986493356153,0.0,0.5577252342732637,0.041343261289685594,0.2236,0.0,1.0,0.0,0.860018
0.008463489657437102,0.0,1.0,0.0,1.0,0.25164131502160686,0.0,1.0,0.0,1.0,0.8503765542003553,0.5241031022617094,0.2122,0.0,0.0,1.0,0.907289
0.22768292470740764,0.0,1.0,0.0,1.0,0.015325235684539022,0.0,1.0,0.0,1.0,0.1638065808899039,0.30722671978422816,0.8862,0.0,0.0,1.0,0.972248
0.41260241572619605,0.6,0.0,0.7775319564466026,0.0,0.21862145654788956,0.36096437796512315,0.0,0.2056654953715677,0.0,0.4620408860903244,0.4589622263837173,0.3128,0.0,1.0,0.0,0.951205
0.08491858681187914,0.0,1.0,0.0,1.0,0.8083618769498052,0.0,1.0,0.0,1.0,0.9897841077804942,0.7696796692263399,0.307,0.0,0.0,1.0,0.867338
0.7935851543235428,0.3333333333333333,0.0,0.9779946564969746,0.0,0.972895407091883,0.07804474762886889,0.0,0.3293953662368499,0.0,0.5144276337762117,0.1002522209407044,0.8414,0.0,1.0,0.0,0.923452
0.785103762172193,0.6,0.0,0.8235167601279675,0.0,0.07660973770791017,0.8680597972547748,0.0,0.562079378526874,0.0,0.030718717423191953,0.8154876176450514,0.3902,0.0,1.0,0.0,0.861848
0.1934707625382329,0.0,1.0,0.0,1.0,0.6433478981767627,0.0,1.0,0.0,1.0,0.4861809320572387,0.918763968653815,0.9318,0.0,0.0,1.0,0.915523
0.9332404577789555,0.4666666666666667,0.0,0.8311161861995876,0.0,0.7109363742302919,0.40175345444542343,0.0,0.707727829843684,0.0,0.12449650121244524,0.12574539647272615,0.5068,0.0,1.0,0.0,0.961879
0.20174440862162296,0.5333333333333333,0.0,0.9467091737614869,0.0,0.5869673654354169,0.1126420302442047,0.0,0.58658385803114,0.0,0.33096685541140836,0.9938732623755041,0.1786,0.0,1.0,0.0,0.139982
0.35729638529870006,0.0,1.0,0.0,1.0,0.3167087407632226,0.0,1.0,0.0,1.0,0.6741549874890191,0.2920752324738429,0.6888,0.0,0.0,1.0,0.960354
0.8442138622853513,0.6,0.0,0.9394808965488328,0.0,0.413988734891152,0.13070501335616944,0.0,0.33272135276046944,0.0,0.9483211857589797,0.09723790412071585,0.8818,0.0,1.0,0.0,0.918573
0.5457834262102702,0.8666666666666667,0.0,0.9154366889681382,0.0,0.1680996017404137,0.47363746733370016,0.0,0.7692612201777322,0.0,0.9707816821535243,0.04963062520006249,0.582,0.0,1.0,0.0,0.860018
0.44374030323280783,0.9333333333333333,0.0,0.671602562209257,0.0,0.627003479042916,0.33615216568059325,0.0,0.5588134770951145,0.0,0.7488510278143491,0.5560500333258931,0.5552,0.0,1.0,0.0,0.974077
0.7555409623007555,0.06666666666666667,0.0,0.8542805156543243,0.0,0.7432073869012109,0.8619565773328779,0.0,0.33504313669374997,0.0,0.7387261470593427,0.3256503926414497,0.335,0.0,1.0,0.0,0.954254
0.17151000913413852,0.0,1.0,0.0,1.0,0.8060581400105402,0.0,1.0,0.0,1.0,0.25378898553023826,0.16464339945091233,0.0686,0.0,0.0,1.0,0.968283
0.7166892021974578,0.0,1.0,0.0,1.0,0.4643591574669807,0.0,1.0,0.0,1.0,0.5194968599878359,0.4861743077867285,0.5798,0.0,0.0,1.0,0.970113
0.9468229576687556,0.6,0.0,0.8355221833797597,0.0,0.12525358533582778,0.0627501221974814,0.0,0.30544286075649496,0.0,0.676675540113121,0.7872160381847841,0.1312,0.0,1.0,0.0,0.860018
0.5972010413272028,0.2,0.0,0.7826448655386907,0.0,0.6817473883386717,0.38897438199094214,0.0,0.06719269216268761,0.0,0.6878174536007154,0.2019188969670467,0.4202,0.0,1.0,0.0,0.957304
0.18857521450619125,0.0,1.0,0.0,1.0,0.29154180449048706,0.0,1.0,0.0,1.0,0.5697212837911885,0.31325310197740813,0.1826,0.0,0.0,1.0,0.969198
0.04183206912953954,1.0,0.0,0.706714171456334,0.0,0.9645399201107556,0.21186568310599638,0.0,0.4721121093660423,0.0,0.6172752802835931,0.8913776073828795,0.1196,0.0,1.0,0.0,0.865813
0.6640477132776298,0.0,1.0,0.0,1.0,0.7307529407724931,0.0,1.0,0.0,1.0,0.5413780552113304,0.8602337123568629,0.9674,0.0,0.0,1.0,0.915218
0.1746567332467329,0.8,0.0,0.697656179535844,0.0,0.564539899295009,0.5694839325220882,0.0,0.5043914529315275,0.0,0.5560387956462768,0.9420054159349874,0.1504,0.0,1.0,0.0,0.885941
0.1342270569197369,0.0,1.0,0.0,1.0,0.6659010499843292,0.0,1.0,0.0,1.0,0.6053080158327124,0.14774881571627,0.2924,0.0,0.0,1.0,0.967673
0.694986940380658,0.0,1.0,0.0,1.0,0.3664539926443964,0.0,1.0,0.0,1.0,0.004453753736038512,0.34374463673269323,0.1492,0.0,0.0,1.0,0.969808
0.6262790421013364,0.8666666666666667,0.0,0.8313352253531642,0.0,0.6861936500770011,0.5837265020039535,0.0,0.09351556393511423,0.0,0.2162222741478449,0.69585112032455,0.1202,0.0,1.0,0.0,0.945715
0.43413033678012314,0.6,0.0,0.6888505070789794,0.0,0.8654200651732479,0.4219244469232063,0.0,0.8720958868871773,0.0,0.969558566542139,0.6936019538446885,0.9562,0.0,1.0,0.0,0.964318
0.8651711926376354,0.9333333333333333,0.0,0.7154583589940322,0.0,0.1388387102487299,0.09973797365105001,0.0,0.6437747343788068,0.0,0.8207028558590017,0.4739530976372728,0.6112,0.0,1.0,0.0,0.957304
0.8450057122074004,0.3333333333333333,0.0,0.7903137190785207,0.0,0.5896985586306376,0.5860762367342369,0.0,0.6816352960924883,0.0,0.22244801735182698,0.19707496738119312,0.3196,0.0,1.0,0.0,0.966758
0.9753935307707133,0.6,0.0,0.8328452210288437,0.0,0.5699704930079359,0.3630348641721246,0.0,0.684001598254735,0.0,0.5486236495167799,0.12952358025585592,0.698,0.0,1.0,0.0,0.958219
0.7687882521901541,0.7333333333333333,0.0,0.9342021124450444,0.0,0.39111365311896873,0.7612412161546916,0.0,0.6371043969596581,0.0,0.7617397839626975,0.34771060013826266,0.9176,0.0,1.0,0.0,0.923452
0.6200904441794366,0.0,1.0,0.0,1.0,0.07229352409576928,0.0,1.0,0.0,1.0,0.22196022387238218,0.9184188872395925,0.3736,0.0,0.0,1.0,0.915218
0.11113259618743251,0.13333333333333333,0.0,0.7876609785893552,0.0,0.747460970726849,0.5003957567951628,0.0,0.3161573193497195,0.0,0.030927856047945665,0.011877794803782336,0.3106,0.0,1.0,0.0,0.945715
0.6500624988028875,0.26666666666666666,0.0,0.8755132471237617,0.0,0.3260925885166031,0.08738706908699916,0.0,0.4823127001293045,0.0,0.17986914229290177,0.2522554224691118,0.6296,0.0,1.0,0.0,0.924062
0.8102955669942512,0.2,0.0,0.8662257021897664,0.0,0.9415897579878219,0.9267032290991867,0.0,0.8492691258101476,0.0,0.7370443830341469,0.11366961563159901,0.933,0.0,1.0,0.0,0.960964
0.08909533869228156,0.3333333333333333,0.0,0.8712538386993922,0.0,0.762681427996778,0.7439979153128018,0.0,0.45726754257697566,0.0,0.877651742663362,0.7192347935060336,0.109,0.0,1.0,0.0,0.882586
0.5005460665625608,0.8,0.0,0.7953618837840805,0.0,0.8963201464546421,0.6250919669965197,0.0,0.29926374543079437,0.0,0.2668851025578784,0.3306714039968258,0.1688,0.0,1.0,0.0,0.966758
0.26760782578634695,0.0,1.0,0.0,1.0,0.6296552976499861,0.0,1.0,0.0,1.0,0.3589731626552503,0.466655350484431,0.608,0.0,0.0,1.0,0.973163
0.7667570129067489,0.8666666666666667,0.0,0.875203906248839,0.0,0.8434094150425957,0.5726767713442521,0.0,0.048499220269276846,0.0,0.29089316407899884,0.7997279794168122,0.4316,0.0,1.0,0.0,0.89936
0.30787154191087557,0.13333333333333333,0.0,0.7125106879722252,0.0,0.6017941289392115,0.6610503291102647,0.0,0.9654924329375392,0.0,0.686167534125069,0.5705641317693363,0.3774,0.0,1.0,0.0,0.960964
0.6066178611794896,0.7333333333333333,0.0,0.713479605456541,0.0,0.6697508278749752,0.126525996460207,0.0,0.24695187637936775,0.0,0.5273895209116595,0.7224289209409522,0.0726,0.0,1.0,0.0,0.936871
0.8052409732170631,0.2,0.0,0.9341022489726788,0.0,0.5139415300854816,0.3071290251905077,0.0,0.3768533285048758,0.0,0.018108277228045238,0.7278758875364827,0.8942,0.0,1.0,0.0,0.925282
0.39781736399796463,0.0,1.0,0.0,1.0,0.6199951716128355,0.0,1.0,0.0,1.0,0.9229609725240171,0.8144586366986715,0.8166,0.0,0.0,1.0,0.915218
0.8669409667364231,0.0,1.0,0.0,1.0,0.3269144354238269,0.0,1.0,0.0,1.0,0.2665036929366478,0.31471916530482796,0.9708,0.0,0.0,1.0,0.971638
0.42841248160827977,0.06666666666666667,0.0,0.8164916667854994,0.0,0.8382363281869306,0.8206065606422128,0.0,0.12429072799896561,0.0,0.5112633968277691,0.7522099517581715,0.4158,0.0,1.0,0.0,0.928027
0.6716730913519571,0.0,1.0,0.0,1.0,0.5044684433150823,0.0,1.0,0.0,1.0,0.3036992884827785,0.9780121033453817,0.6698,0.0,0.0,1.0,0.908509
0.9594437142943862,0.0,1.0,0.0,1.0,0.04654419628269333,0.0,1.0,0.0,1.0,0.49983196363385046,0.9637932200882445,0.8292,0.0,0.0,1.0,0.908814
0.6418223858718626,0.0,1.0,0.0,1.0,0.2766163983278677,0.0,1.0,0.0,1.0,0.6952345636284237,0.9767730746998102,0.0478,0.0,0.0,1.0,0.908814
0.01578175132248473,0.7333333333333333,0.0,0.6638016717049471,0.0,0.6432453931956484,0.2148688620537339,0.0,0.5566138417420683,0.0,0.22671792398866902,0.7401696201100701,0.1928,0.0,1.0,0.0,0.923757
0.743767518541056,0.13333333333333333,0.0,0.754931274335001,0.0,0.7632154664659184,0.061950107244657625,0.0,0.4060040085377441,0.0,0.2539967584734858,0.3866364474228843,0.922,0.0,1.0,0.0,0.966758
0.9221239808590284,0.0,1.0,0.0,1.0,0.1679312470514729,0.0,1.0,0.0,1.0,0.6414624264696873,0.30466689027733623,0.6084,0.0,0.0,1.0,0.964928
0.8236331460449468,0.0,1.0,0.0,1.0,0.38052851369977314,0.0,1.0,0.0,1.0,0.48964517132037577,0.41465917680164166,0.4706,0.0,0.0,1.0,0.970418
0.5743335727691626,0.0,1.0,0.0,1.0,0.6390957288440052,0.0,1.0,0.0,1.0,0.2569764562135901,0.740779016588412,0.1812,0.0,0.0,1.0,0.939616
0.515577842041527,0.0,1.0,0.7323999302252799,0.0,0.8518875496162955,0.46922228220568746,0.0,0.7320589951078419,0.0,0.8568674744818061,0.41858242159172704,0.1358,0.0,1.0,0.0,0.964928
0.5852925935053219,0.8,0.0,0.7548230349331876,0.0,0.40568604493367194,0.05525533596735794,0.0,0.21991113841490215,0.0,0.9032824701267154,0.014740703394242622,0.5938,0.0,1.0,0.0,0.922537
0.46886061941031865,0.5333333333333333,0.0,0.9830501707816766,0.0,0.5496088083844579,0.5806974783274714,0.0,0.9116774421525556,0.0,0.22964008744246803,0.6162119569538306,0.5998,0.0,1.0,0.0,0.860018
0.09244106965483864,0.0,1.0,0.0,1.0,0.5562399067696313,0.0,1.0,0.0,1.0,0.11564953155833475,0.10458141639213682,0.927,0.0,0.0,1.0,0.969198
0.5869304378670293,0.13333333333333333,0.0,0.6943876430175876,0.0,0.8612374127520824,0.9702365231345964,0.0,0.64813704024669,0.0,0.03079984814627963,0.9103546036880928,0.0466,0.0,1.0,0.0,0.881976
0.705991062158755,0.0,1.0,0.0,1.0,0.5817558746905751,0.0,1.0,0.0,1.0,0.8369953033258941,0.14098740361106474,0.4016,0.0,0.0,1.0,0.937481
0.16959777649486074,0.0,1.0,0.0,1.0,0.2691670808895567,0.0,1.0,0.0,1.0,0.26968635670583296,0.439700135659866,0.8916,0.0,0.0,1.0,0.971943
0.3089824090601536,0.0,1.0,0.0,1.0,0.09328345101720902,0.0,1.0,0.0,1.0,0.07984262834732324,0.4920773465366522,0.432,0.0,0.0,1.0,0.971943
0.6902922093949584,0.13333333333333333,0.0,0.9348782611017246,0.0,0.9555613603083646,0.5254994057143171,0.0,0.4747409536164604,0.0,0.6102161768662829,0.8199175360118065,0.1346,0.0,1.0,0.0,0.874962
0.6515659163167592,0.9333333333333333,0.0,0.9061051185003144,0.0,0.3863052711911455,0.8581661345447138,0.0,0.5315915939608145,0.0,0.10249754103271398,0.030340244146655353,0.253,0.0,1.0,0.0,0.928637
0.6995492112624083,0.0,1.0,0.0,1.0,0.01181781489841132,0.0,1.0,0.0,1.0,0.8404657350446105,0.24518252880789315,0.005,0.0,0.0,1.0,0.935956
0.35080586496515864,0.0,1.0,0.0,1.0,0.3751711648730082,0.0,1.0,0.0,1.0,0.3175565220947414,0.8589835612445279,0.6222,0.0,0.0,1.0,0.915218
0.8279963396894555,0.6,0.0,0.901871478540369,0.0,0.2401082146054927,0.8106521832278085,0.0,0.7267330876674617,0.0,0.8607403602176714,0.2705489155322747,0.4704,0.0,1.0,0.0,0.926197
0.29304759049164353,0.5333333333333333,0.0,0.8107819683970102,0.0,0.21631869915949686,0.5888291167753893,0.0,0.7242125942124924,0.0,0.36090688374722407,0.2972717825608268,0.0838,0.0,1.0,0.0,0.94602
0.7777565091412653,0.0,1.0,0.0,1.0,0.0047140803069020696,0.0,1.0,0.0,1.0,0.9388076940835856,0.8261533014130658,0.9722,0.0,0.0,1.0,0.915218
0.04820533681591797,0.0,1.0,0.0,1.0,0.5654311820860843,0.0,1.0,0.0,1.0,0.5141495830305467,0.23293603296201304,0.0804,0.0,0.0,1.0,0.963708
0.31907804172426163,0.0,1.0,0.0,1.0,0.29475982538851725,0.0,1.0,0.0,1.0,0.5855641381520531,0.38133151025842343,0.9612,0.0,0.0,1.0,0.969198
0.821875646267691,0.5333333333333333,0.0,0.6814707337857938,0.0,0.7691365061893694,0.15004746433015495,0.0,0.8327094219607893,0.0,0.549678982576628,0.17261264643668897,0.055,0.0,1.0,0.0,0.974992
0.35162017576215354,0.06666666666666667,0.0,0.8557388594292628,0.0,0.1930521549109371,0.34619687170140234,0.0,0.6532517123566066,0.0,0.3515063254037354,0.006933226591746219,0.9142,0.0,1.0,0.0,0.923452
0.5551691738624559,0.0,1.0,0.0,1.0,0.6124409788991675,0.0,1.0,0.0,1.0,0.9147907442602305,0.4552658175589056,0.2338,0.0,0.0,1.0,0.921317
0.40352669916180844,0.06666666666666667,0.0,0.7446988693117631,0.0,0.153517542478072,0.3767404240153498,0.0,0.06381026557455767,0.0,0.7842915091498667,0.21431419757778813,0.4764,0.0,1.0,0.0,0.901494
0.5761543109472449,0.8,0.0,0.9824087104787058,0.0,0.019813717066666826,0.5833485587903516,0.0,0.18294294226203048,0.0,0.20728783124337505,0.5190868577104542,0.2414,0.0,1.0,0.0,0.860018
0.3179176133418332,0.0,1.0,0.0,1.0,0.428624363734734,0.0,1.0,0.0,1.0,0.04766770290413081,0.7590293858931815,0.7926,0.0,0.0,1.0,0.931686
0.7200747267700468,0.2,0.0,0.8687705758007102,0.0,0.7401688065908946,0.384185148787727,0.0,0.9027222206774547,0.0,0.1424692875644813,0.7879409694313299,0.0658,0.0,1.0,0.0,0.924367
0.665571445538791,0.3333333333333333,0.0,0.8615060294379469,0.0,0.5133948009957701,0.3918991077428654,0.0,0.4193528423698715,0.0,0.6111408733561924,0.2778697256367343,0.9468,0.0,1.0,0.0,0.951815
0.30825900664999767,0.0,1.0,0.0,1.0,0.39722309724032423,0.0,1.0,0.0,1.0,0.23916405749621739,0.2781754921109227,0.2366,0.0,0.0,1.0,0.970723
0.020175437120586535,0.2,0.0,0.85618202811206,0.0,0.07341322711371483,0.5403431806925055,0.0,0.4661136896063564,0.0,0.753160176077924,0.63540283845914,0.7724,0.0,1.0,0.0,0.860018
0.05224938855637442,0.0,1.0,0.0,1.0,0.8519549327973922,0.0,1.0,0.0,1.0,0.8000432093991396,0.23084853026401495,0.485,0.0,0.0,1.0,0.942056
0.05303391750461414,0.0,1.0,0.0,1.0,0.8443784146128811,0.0,1.0,0.0,1.0,0.5963216924523712,0.41242221075998653,0.2486,0.0,0.0,1.0,0.964013
0.19479956482465088,0.0,1.0,0.0,1.0,0.06050934711867024,0.0,1.0,0.0,1.0,0.09243354206144835,0.5921366107862059,0.4388,0.0,0.0,1.0,0.962794
0.11227021863335455,0.0,1.0,0.0,1.0,0.17568752411369856,0.0,1.0,0.0,1.0,0.5862347294808126,0.2729282655998138,0.4662,0.0,0.0,1.0,0.967673
0.026898682146687624,0.0,1.0,0.0,1.0,0.679741144980842,0.0,1.0,0.0,1.0,0.7535989273129267,0.10312607816061041,0.8064,0.0,0.0,1.0,0.95029
0.16966224117098558,0.4666666666666667,0.0,0.9179040592545166,0.0,0.5726016858640033,0.24384936767070917,0.0,0.7962191958811358,0.0,0.5542636356192409,0.19106527030234907,0.6412,0.0,1.0,0.0,0.920708
0.34364450657766915,0.0,1.0,0.0,1.0,0.7120252000910549,0.0,1.0,0.0,1.0,0.2600774373205424,0.29685104253587963,0.4642,0.0,0.0,1.0,0.972248
0.2743739792855273,0.13333333333333333,0.0,0.8659367935833865,0.0,0.2509214752871372,0.09045268084693167,0.0,0.6410408013471947,0.0,0.371894332550995,0.23992660134684887,0.0606,0.0,1.0,0.0,0.860018
0.4217291086477277,0.0,1.0,0.0,1.0,0.8804834422520562,0.0,1.0,0.0,1.0,0.7477595192601445,0.8436469037404347,0.403,0.0,0.0,1.0,0.915218
0.10213319480762119,0.0,1.0,0.0,1.0,0.9837571039680119,0.0,1.0,0.0,1.0,0.3440163983858048,0.16727897606312536,0.7676,0.0,0.0,1.0,0.972858
0.6927295900084202,0.0,1.0,0.0,1.0,0.36281199991608376,0.0,1.0,0.0,1.0,0.041197643602812195,0.9309821078626342,0.592,0.0,0.0,1.0,0.915523
0.4276069068923928,0.0,1.0,0.0,1.0,0.6226309984174324,0.0,1.0,0.0,1.0,0.2118475141748464,0.12288266565377004,0.999,0.0,0.0,1.0,0.967978
0.07818692823301643,0.13333333333333333,0.0,0.711115589296063,0.0,0.7008036445841722,0.09277094479615748,0.0,0.9893107338893242,0.0,0.011003908787835262,0.40317443049894613,0.3134,0.0,1.0,0.0,0.930467
0.7408116685445294,0.7333333333333333,0.0,0.8144906875217471,0.0,0.7923987541049853,0.7387033004173106,0.0,0.5625375795363915,0.0,0.8512338500861736,0.5076631979838252,0.9896,0.0,1.0,0.0,0.963403
0.39816877836530057,0.0,1.0,0.0,1.0,0.506678890781665,0.0,1.0,0.0,1.0,0.4401319280795953,0.14640659744757806,0.7566,0.0,0.0,1.0,0.972858
0.11107891958363726,0.3333333333333333,0.0,0.8653587113595689,0.0,0.5950818840661641,0.021476262459286948,0.0,0.17224238180534904,0.0,0.6963554287554574,0.32988137793130745,0.0338,0.0,1.0,0.0,0.860018
0.7295522874376962,0.0,1.0,0.0,1.0,0.3638259133025334,0.0,1.0,0.0,1.0,0.819131317564917,0.15942344512606918,0.5218,0.0,0.0,1.0,0.938701
0.659322436738136,0.0,1.0,0.0,1.0,0.20587452961423425,0.0,1.0,0.0,1.0,0.3824936877325354,0.007333524228776914,0.639,0.0,0.0,1.0,0.973163
0.0005174013241301308,0.7333333333333333,0.0,0.9080765311343758,0.0,0.18277340070348563,0.46802763005677955,0.0,0.3937771646492785,0.0,0.08218811790811392,0.38129006343888416,0.8588,0.0,1.0,0.0,0.860018
0.983583798864722,0.06666666666666667,0.0,0.739691749092741,0.0,0.45535785005784696,0.4808891484043829,0.0,0.12419466179553429,0.0,0.3037415414102913,0.6109504532928544,0.4652,0.0,1.0,0.0,0.964928
0.07644234390597905,0.0,1.0,0.0,1.0,0.6830168164175958,0.0,1.0,0.0,1.0,0.6333913216933705,0.4477065880643273,0.786,0.0,0.0,1.0,0.963099
0.2124058179732091,0.8,0.0,0.73652083787954,0.0,0.5367293622113725,0.8012707518233544,0.0,0.8559176796797028,0.0,0.12308207259913825,0.5449782232039657,0.2142,0.0,1.0,0.0,0.970418
0.5784760115476142,0.0,1.0,0.0,1.0,0.1554049181408474,0.0,1.0,0.0,1.0,0.551842032520573,0.07033165480333974,0.4548,0.0,0.0,1.0,0.969808
0.19526270739923596,0.06666666666666667,0.0,0.9160395270906677,0.0,0.6059521417093292,0.8899497269511821,0.0,0.8719675109098491,0.0,0.6670105501697898,0.570812382085067,0.7584,0.0,1.0,0.0,0.917963
0.23374341453868233,0.06666666666666667,0.0,0.7671522392595491,0.0,0.7865239947258826,0.20519581472978737,0.0,0.008405792567381401,0.0,0.4505224673093714,0.16901785944867956,0.9732,0.0,1.0,0.0,0.880451
0.8702751488380286,0.8666666666666667,0.0,0.8971800079716277,0.0,0.8126714432603412,0.6705983049814788,0.0,0.71444269247684,0.0,0.9895983690150607,0.7224638802453258,0.3606,0.0,1.0,0.0,0.933211
0.04709227626475054,0.5333333333333333,0.0,0.8639994957462616,0.0,0.2557896880518479,0.5390150109108521,0.0,0.4997188012159446,0.0,0.6304882478598071,0.5885787908572456,0.9904,0.0,1.0,0.0,0.921317
0.7557819836577042,0.2,0.0,0.7915179132522472,0.0,0.8122836724357538,0.8548271559693782,0.0,0.20653040157111208,0.0,0.06811543463411632,0.37078677314032005,0.8318,0.0,1.0,0.0,0.969503
0.08276161595736263,0.0,1.0,0.0,1.0,0.16603947726365254,0.0,1.0,0.0,1.0,0.5647145684301631,0.03509577409523261,0.2414,0.0,0.0,1.0,0.969503
0.1984140516576251,0.0,1.0,0.0,1.0,0.2385115075668987,0.0,1.0,0.0,1.0,0.24367031683479243,0.48267432699099094,0.5264,0.0,0.0,1.0,0.970723
0.6595556422821569,0.13333333333333333,0.0,0.8107371912613326,0.0,0.3134139614485668,0.6235138121732203,0.0,0.6642619993206641,0.0,0.40607284159230783,0.7512867996081796,0.2616,0.0,1.0,0.0,0.924672
0.4643125183154179,0.3333333333333333,0.0,0.8874387025149364,0.0,0.37435646819819085,0.4503165307535052,0.0,0.9739497907091531,0.0,0.3249896458782419,0.5460378560326701,0.8918,0.0,1.0,0.0,0.927112
0.8683755642998567,0.3333333333333333,0.0,0.7393777191824035,0.0,0.5823314377810874,0.4487093760206109,0.0,0.06238874635238327,0.0,0.6809598450450556,0.36214345589006847,0.314,0.0,1.0,0.0,0.966758
0.9427627457018385,0.3333333333333333,0.0,0.9575112972693076,0.0,0.879723086086204,0.08928872436307145,0.0,0.8068731442263232,0.0,0.5357300390065604,0.36697944872195126,0.6162,0.0,1.0,0.0,0.928942
0.03761627251072125,0.7333333333333333,0.0,0.7123876843963715,0.0,0.8936537684665306,0.9657826045584847,0.0,0.47160455741036306,0.0,0.95658650732095,0.8479015009451906,0.3802,0.0,1.0,0.0,0.918268
0.3910910639872539,0.0,1.0,0.8714670386009084,0.0,0.8989672386763649,0.9562954535237473,0.0,0.13325009626021306,0.0,0.6446061491351878,0.4827570904742195,0.0702,0.0,1.0,0.0,0.940226
0.2514548459682682,0.2,0.0,0.7518685900693944,0.0,0.692515108869033,0.4483269758317421,0.0,0.752501745313253,0.0,0.0004310589353567584,0.2469296602051068,0.2362,0.0,1.0,0.0,0.969503
0.06522779028394793,0.13333333333333333,0.0,0.6985501808978739,0.0,0.2710201115009979,0.5493085824906476,0.0,0.20914903788227174,0.0,0.07226283824227574,0.6849470232389744,0.8912,0.0,1.0,0.0,0.930162
0.42028472716493653,0.9333333333333333,0.0,0.8842750308221531,0.0,0.8272788451126608,0.9677152290836561,0.0,0.6309608231535996,0.0,0.10071680223415996,0.6105581415407121,0.4088,0.0,1.0,0.0,0.948765
0.589021467755277,0.0,1.0,0.0,1.0,0.6161958611983024,0.0,1.0,0.0,1.0,0.8898414771599035,0.7313623093356383,0.4148,0.0,0.0,1.0,0.917048
0.5741292816957749,0.4666666666666667,0.0,0.7650304986741454,0.0,0.14975826535537906,0.9672638177249393,0.0,0.09495559840608778,0.0,0.42077185878054707,0.0013640773492085518,0.678,0.0,1.0,0.0,0.958524
0.5571413923298876,0.0,1.0,0.0,1.0,0.8854314550005528,0.0,1.0,0.0,1.0,0.43864024433082466,0.8115986755165555,0.6638,0.0,0.0,1.0,0.915523
0.9709388370278055,0.0,1.0,0.0,1.0,0.27765762574647157,0.0,1.0,0.0,1.0,0.34625693872838403,0.2567563817896769,0.8124,0.0,0.0,1.0,0.973772
0.4004542287772852,0.0,1.0,0.0,1.0,0.589830720230386,0.0,1.0,0.0,1.0,0.08462437974284416,0.24574503972145173,0.2324,0.0,0.0,1.0,0.969808
0.5126059063909549,0.4666666666666667,0.0,0.9523592183221232,0.0,0.31318125583215534,0.10640658447196656,0.0,0.5714528682292617,0.0,0.7546491770115754,0.41040555055615796,0.8526,0.0,1.0,0.0,0.860018
0.7729666583847684,0.0,1.0,0.0,1.0,0.25391939969590865,0.0,1.0,0.0,1.0,0.07119587911781759,0.46526272460362406,0.1444,0.0,0.0,1.0,0.972553
0.10297902736108394,0.4666666666666667,0.0,0.9008262257631727,0.0,0.018800243278991498,0.19126970655764516,0.0,0.8507341434452683,0.0,0.7704006041141692,0.4021141620780496,0.1416,0.0,1.0,0.0,0.860018
0.6983368127036473,0.13333333333333333,0.0,0.8372071825582421,0.0,0.21931500720455127,0.6757250778068677,0.0,0.8978388461005993,0.0,0.5135448809655699,0.5637643507716168,0.8782,0.0,1.0,0.0,0.947545
0.5172138229059506,0.6666666666666666,0.0,0.9703712441541322,0.0,0.7266913556701273,0.3765323248086039,0.0,0.8378617746428083,0.0,0.4449400312947045,0.49095020375101767,0.9044,0.0,1.0,0.0,0.921927
0.7841965421475791,0.0,1.0,0.0,1.0,0.9175635546913832,0.0,1.0,0.0,1.0,0.4452841754514173,0.7169303808232783,0.0094,0.0,0.0,1.0,0.944495
0.9976455234284762,0.06666666666666667,0.0,0.9786332966244744,0.0,0.26310860251834867,0.6118683390832652,0.0,0.3288329630807065,0.0,0.10461364422090469,0.5208143376111556,0.8952,0.0,1.0,0.0,0.860018
0.41293201087501513,0.13333333333333333,0.0,0.6783986742490885,0.0,0.6035002325079366,0.5275595432261609,0.0,0.5584059527925851,0.0,0.24234307818452844,0.7802828142956708,0.4512,0.0,1.0,0.0,0.918573
0.05968567646461425,0.6,0.0,0.7439825098577977,0.0,0.7872174650533188,0.8174134512628846,0.0,0.4097536762299376,0.0,0.6998068826876802,0.5980331141898295,0.9236,0.0,1.0,0.0,0.965843
0.7493745338349577,0.0,1.0,0.0,1.0,0.8862741069442965,0.0,1.0,0.0,1.0,0.9066980922910028,0.4782831390965319,0.715,0.0,0.0,1.0,0.921927
0.529152238431858,0.0,1.0,0.0,1.0,0.23264521209408512,0.0,1.0,0.0,1.0,0.29647665333354867,0.9348228359557106,0.8072,0.0,0.0,1.0,0.915523
0.9696074376430944,0.0,1.0,0.0,1.0,0.49020734913529984,0.0,1.0,0.0,1.0,0.8987431147226745,0.17132693626284512,0.84,0.0,0.0,1.0,0.923757
0.7348771744449517,0.0,1.0,0.0,1.0,0.3033141237097376,0.0,1.0,0.0,1.0,0.45146813707854194,0.8879301688856689,0.4908,0.0,0.0,1.0,0.915523
0.2302153576030478,0.0,1.0,0.0,1.0,0.18156797010343897,0.0,1.0,0.0,1.0,0.5855438960251731,0.058528134959987946,0.5386,0.0,0.0,1.0,0.968893
0.7817116743152726,0.0,1.0,0.0,1.0,0.6708797622343593,0.0,1.0,0.0,1.0,0.4774699880400482,0.2699058681907589,0.4958,0.0,0.0,1.0,0.971333
0.055784568091580986,0.0,1.0,0.0,1.0,0.7357583290776427,0.0,1.0,0.0,1.0,0.40659719521624565,0.6890724257843683,0.5734,0.0,0.0,1.0,0.943275
0.533736478782217,0.0,1.0,0.0,1.0,0.5455674727663455,0.0,1.0,0.0,1.0,0.6548551349611145,0.5612531758868536,0.3758,0.0,0.0,1.0,0.956084
0.3303573006748922,0.0,1.0,0.0,1.0,0.44130991425063837,0.0,1.0,0.0,1.0,0.9241152952415169,0.47452895575167103,0.2578,0.0,0.0,1.0,0.923147
0.1180747138938511,0.0,1.0,0.0,1.0,0.8414305839746967,0.0,1.0,0.0,1.0,0.8192810435052668,0.5287015518124761,0.0222,0.0,0.0,1.0,0.89448
0.06495411792872367,0.6666666666666666,0.0,0.869664788618283,0.0,0.6292440343688258,0.45305126460473866,0.0,0.5215450745803997,0.0,0.21925161572826246,0.8857079887090735,0.0898,0.0,1.0,0.0,0.860018
0.8222925474921657,0.0,1.0,0.0,1.0,0.5650715972732134,0.0,1.0,0.0,1.0,0.8660246812165182,0.4650013206404122,0.7158,0.0,0.0,1.0,0.928332
0.39143773835477247,0.0,1.0,0.0,1.0,0.3482326269096042,0.0,1.0,0.0,1.0,0.19689552617187608,0.6519038195559236,0.1974,0.0,0.0,1.0,0.954559
0.6642887193920332,0.0,1.0,0.0,1.0,0.6544572889385575,0.0,1.0,0.0,1.0,0.7964120505414584,0.12775944375615178,0.1028,0.0,0.0,1.0,0.94602
0.13241753808259918,0.0,1.0,0.0,1.0,0.5730881254253093,0.0,1.0,0.0,1.0,0.8772113747925219,0.35701124314304306,0.158,0.0,0.0,1.0,0.911253
0.6440588477839095,1.0,0.0,0.9709028046635847,0.0,0.44185896497138083,0.17332665827050747,0.0,0.6919444518591303,0.0,0.5887401479107978,0.2830415396923371,0.4914,0.0,1.0,0.0,0.860018
0.630475118559561,0.4666666666666667,0.0,0.7345718133481678,0.0,0.9330450502775898,0.0702226771038944,0.0,0.21973903584661397,0.0,0.01696032895566684,0.41835850266472524,0.5706,0.0,1.0,0.0,0.967673
0.6333979292430705,0.13333333333333333,0.0,0.9236885119479151,0.0,0.010391455412062026,0.18492332629382133,0.0,0.5395225159506074,0.0,0.24830235480846558,0.44046468929254157,0.2274,0.0,1.0,0.0,0.860018
0.17816919162413825,0.0,1.0,0.0,1.0,0.9456934546969997,0.0,1.0,0.0,1.0,0.17434925732865408,0.7133884655562526,0.0656,0.0,0.0,1.0,0.917658
0.7545182768669991,0.0,1.0,0.0,1.0,0.934003440569175,0.0,1.0,0.0,1.0,0.0007718698612316226,0.5525856876372935,0.8722,0.0,0.0,1.0,0.966453
0.3788879518339129,0.3333333333333333,0.0,0.9218698050994028,0.0,0.12798681726350292,0.8808174596033786,0.0,0.3420814693685796,0.0,0.10937454538683447,0.645281348081438,0.5834,0.0,1.0,0.0,0.860018
0.8803008885786751,0.0,1.0,0.0,1.0,0.4271834655899543,0.0,1.0,0.0,1.0,0.866027430298646,0.24259631155044276,0.1722,0.0,0.0,1.0,0.930467
0.8127037352561651,0.0,1.0,0.0,1.0,0.2319364268252125,0.0,1.0,0.0,1.0,0.698231360645413,0.889806554433624,0.8696,0.0,0.0,1.0,0.915523
0.4665507650614831,0.0,1.0,0.0,1.0,0.4329502652842869,0.0,1.0,0.0,1.0,0.5931418392540402,0.6951456815604111,0.7456,0.0,0.0,1.0,0.946325
0.09917038701909102,0.13333333333333333,0.0,0.8996932064163277,0.0,0.25169018755513006,0.5426009502016541,0.0,0.9427203780049497,0.0,0.6968514244303875,0.27848528711773135,0.1478,0.0,1.0,0.0,0.917658
0.04629587264932861,1.0,0.0,0.7221692312743077,0.0,0.03979908697728076,0.536041721544766,0.0,0.8710697854940658,0.0,0.057640679808762134,0.6332955420945318,0.0816,0.0,1.0,0.0,0.913998
0.5156591694427082,0.8,0.0,0.6745573237193392,0.0,0.9634429148721492,0.5198791051861935,0.0,0.16020097911991257,0.0,0.8290769354712442,0.9231920384119129,0.2498,0.0,1.0,0.0,0.902104
0.4122757522911753,1.0,0.0,0.93144166521456,0.0,0.45003381899968536,0.47125843792155814,0.0,0.2752116085819629,0.0,0.9476079259732666,0.43189590517112275,0.2686,0.0,1.0,0.0,0.860018
0.282836954035564,0.0,1.0,0.0,1.0,0.15107695084959347,0.0,1.0,0.0,1.0,0.86726523876788,0.5097233556839579,0.6492,0.0,0.0,1.0,0.929857
0.8826387469118644,0.0,1.0,0.0,1.0,0.7143995017144165,0.0,1.0,0.0,1.0,0.10987838426200205,0.9847378639620289,0.0012,0.0,0.0,1.0,0.854834
0.08008182895531998,0.0,1.0,0.0,1.0,0.0554535493141538,0.0,1.0,0.0,1.0,0.6514413101571056,0.06601432527308587,0.389,0.0,0.0,1.0,0.963403
0.278252203261642,1.0,0.0,0.9692718464587927,0.0,0.48364536648126777,0.0667004032669685,0.0,0.46299289192867366,0.0,0.12869963675589208,0.5696583035209936,0.8148,0.0,1.0,0.0,0.860018
0.7368225802268566,0.0,1.0,0.0,1.0,0.33221885660463896,0.0,1.0,0.0,1.0,0.5101118139168229,0.43767539266917455,0.5122,0.0,0.0,1.0,0.970418
0.9619976978582636,0.0,1.0,0.0,1.0,0.2907770691012442,0.0,1.0,0.0,1.0,0.5330946758165463,0.7596446062125456,0.3836,0.0,0.0,1.0,0.930162
0.5277116746910214,0.0,1.0,0.0,1.0,0.27090195745543766,0.0,1.0,0.0,1.0,0.17095849166773947,0.28572926496351736,0.9724,0.0,0.0,1.0,0.969198
0.3959633789619032,0.8,0.0,0.7077118507955407,0.0,0.07235328391696433,0.09481159124873072,0.0,0.0975671658555178,0.0,0.6886146850321807,0.29502159958178126,0.5186,0.0,1.0,0.0,0.901494
0.49130097376928195,0.0,1.0,0.0,1.0,0.16731018502206313,0.0,1.0,0.0,1.0,0.2077571351306908,0.10788126155934324,0.8306,0.0,0.0,1.0,0.967368
0.9678578908133687,0.6,0.0,0.8009656619242452,0.0,0.5371552135126901,0.8687796658175447,0.0,0.4577191762507248,0.0,0.4968861899658105,0.15525369229063057,0.0734,0.0,1.0,0.0,0.961879
0.8182806527435602,0.0,1.0,0.0,1.0,0.08887021343834277,0.0,1.0,0.0,1.0,0.4630377747771238,0.9503920070327072,0.1874,0.0,0.0,1.0,0.913388
0.9224972562604976,0.0,1.0,0.0,1.0,0.6188350071133534,0.0,1.0,0.0,1.0,0.560362276460557,0.03259904395580864,0.4192,0.0,0.0,1.0,0.969808
0.32538053268499634,0.5333333333333333,0.0,0.7302306167253193,0.0,0.43823272981017786,0.9823957467947929,0.0,0.9853095281100862,0.0,0.09145006038555008,0.21028302306693167,0.8506,0.0,1.0,0.0,0.974382
0.5950321797802764,0.0,1.0,0.0,1.0,0.7543419421316578,0.0,1.0,0.0,1.0,0.2749846437201399,0.9770282649840835,0.9006,0.0,0.0,1.0,0.908509
0.1389069757651746,0.0,1.0,0.0,1.0,0.08721377149225551,0.0,1.0,0.0,1.0,0.30601529592907883,0.98509161003325,0.993,0.0,0.0,1.0,0.910643
0.9812587983678555,0.5333333333333333,0.0,0.9660977667862343,0.0,0.5585747856032651,0.8887563472591671,0.0,0.8484452886262072,0.0,0.7352940259668364,0.5578763308285616,0.249,0.0,1.0,0.0,0.919183
0.4762547413721323,0.0,1.0,0.0,1.0,0.2842400674392587,0.0,1.0,0.0,1.0,0.3605262426627814,0.2669275806723883,0.1552,0.0,0.0,1.0,0.974687
0.8133053859688778,0.0,1.0,0.0,1.0,0.06739317707970896,0.0,1.0,0.0,1.0,0.8425491938562023,0.5788111311280152,0.21,0.0,0.0,1.0,0.930772
0.662904223037175,0.06666666666666667,0.0,0.9026780707288293,0.0,0.2676024717795316,0.2901488453830358,0.0,0.40119299223586813,0.0,0.04085674211244442,0.28401582309388,0.1306,0.0,1.0,0.0,0.926197
0.8061951149709642,0.0,1.0,0.0,1.0,0.23232828233269745,0.0,1.0,0.0,1.0,0.35521367040045404,0.31910125706625664,0.7664,0.0,0.0,1.0,0.973468
0.5242959158556089,0.0,1.0,0.8932230682295799,0.0,0.8495833898426156,0.17738409231787716,0.0,0.060394711497036305,0.0,0.945805297393786,0.4210400634829177,0.8622,0.0,1.0,0.0,0.862763
0.9245072517947768,0.2,0.0,0.9109079493394874,0.0,0.2314010276488459,0.21842494901688406,0.0,0.5128863254969321,0.0,0.8788485117401237,0.012831992568389405,0.5068,0.0,1.0,0.0,0.921013
0.9118587959449298,0.0,1.0,0.0,1.0,0.2818475578581571,0.0,1.0,0.0,1.0,0.5975875193157216,0.14583721830484733,0.2082,0.0,0.0,1.0,0.967978
0.6399935318517577,0.06666666666666667,0.0,0.7056507474628471,0.0,0.34874796031116184,0.247257938112598,0.0,0.5247563427449811,0.0,0.753126491692526,0.9774646679854656,0.0316,0.0,1.0,0.0,0.139982
0.20931028174177474,0.0,1.0,0.0,1.0,0.541705055013885,0.0,1.0,0.0,1.0,0.7200730395358534,0.8732286702686716,0.6058,0.0,0.0,1.0,0.915523
0.06193922252012114,1.0,0.0,0.779291773745321,0.0,0.4711011220578517,0.7380993183338991,0.0,0.30369136283122466,0.0,0.8258355983408701,0.04547070515914824,0.3156,0.0,1.0,0.0,0.922537
0.76512355198171,0.2,0.0,0.9247376905424701,0.0,0.36976711798992273,0.5794794458018319,0.0,0.8821302231915065,0.0,0.5201868117253973,0.7156976196098993,0.1464,0.0,1.0,0.0,0.924367
0.3746248344759025,0.0,1.0,0.0,1.0,0.523691691446755,0.0,1.0,0.0,1.0,0.7718536688720168,0.7360584434446413,0.0432,0.0,0.0,1.0,0.913388
0.988790763220383,0.9333333333333333,0.0,0.8315322496442029,0.0,0.23644193357917975,0.5808173069784037,0.0,0.9955054614806872,0.0,0.6700129694542826,0.43650907860176474,0.6448,0.0,1.0,0.0,0.945715
0.326674324989206,0.0,1.0,0.0,1.0,0.621443520817149,0.0,1.0,0.0,1.0,0.09490908383503878,0.8068873356111148,0.4708,0.0,0.0,1.0,0.917963
0.6296823582725743,0.0,1.0,0.7022066542019931,0.0,0.5588516937147304,0.3057427112304197,0.0,0.8836454805028688,0.0,0.7579118503973179,0.9650150655944595,0.5818,0.0,1.0,0.0,0.890515
0.27579000126274195,0.0,1.0,0.0,1.0,0.9449829515468968,0.0,1.0,0.0,1.0,0.012421852058547506,0.5719288701739368,0.6354,0.0,0.0,1.0,0.964318
0.6493981353059263,0.6,0.0,0.8558950812990311,0.0,0.6852518986456201,0.47577648809220474,0.0,0.37786616903003867,0.0,0.8626341290552708,0.09757679501428237,0.1698,0.0,1.0,0.0,0.94785
0.020054641077539792,1.0,0.0,0.8905171304843383,0.0,0.8439055637296011,0.9548396839070392,0.0,0.39567341009152135,0.0,0.16962108788095223,0.4390586517265807,0.0986,0.0,1.0,0.0,0.934736
0.5494334126434098,0.0,1.0,0.0,1.0,0.3037616611078309,0.0,1.0,0.0,1.0,0.28623717434560764,0.7604128808204236,0.4992,0.0,0.0,1.0,0.931077
0.15636963062100792,0.0,1.0,0.0,1.0,0.0642510826669381,0.0,1.0,0.0,1.0,0.2854366159718785,0.7034404934992601,0.4102,0.0,0.0,1.0,0.938396
0.0758890268448023,0.13333333333333333,0.0,0.8822116241228619,0.0,0.8449229652671372,0.7648385782200003,0.0,0.4142130841828665,0.0,0.13237630708597198,0.48719230411227565,0.4738,0.0,1.0,0.0,0.945715
0.18214429929018414,0.6,0.0,0.7530209260833232,0.0,0.47571264150243897,0.010750756376957576,0.0,0.7741719810057529,0.0,0.499815199434324,0.13000586992852511,0.832,0.0,1.0,0.0,0.901494
0.32218977102243723,0.2,0.0,0.8857421616645362,0.0,0.5396005101053895,0.5731747862911267,0.0,0.8443600085623286,0.0,0.6002465824185518,0.29361488551042775,0.1346,0.0,1.0,0.0,0.928637
0.4484391081090155,0.0,1.0,0.0,1.0,0.11828873694799939,0.0,1.0,0.0,1.0,0.9381156468571754,0.7626280947124613,0.5406,0.0,0.0,1.0,0.915218
0.5383933859155193,0.9333333333333333,0.0,0.6787369561702656,0.0,0.9519370414066519,0.32524600285112976,0.0,0.24602608832759176,0.0,0.7013790340241022,0.14018815674317842,0.7708,0.0,1.0,0.0,0.978042
0.8217064982170461,0.0,1.0,0.0,1.0,0.8236975738278633,0.0,1.0,0.0,1.0,0.8200490136183874,0.1681132514602937,0.138,0.0,0.0,1.0,0.938091
0.8182937423476009,0.0,1.0,0.0,1.0,0.9361887505763529,0.0,1.0,0.0,1.0,0.8649716465314061,0.8246817796655493,0.0236,0.0,0.0,1.0,0.915218
0.8329348301275696,0.0,1.0,0.0,1.0,0.39791020898569085,0.0,1.0,0.0,1.0,0.0786945195697659,0.3980236041912665,0.776,0.0,0.0,1.0,0.971333
0.23817412914757916,0.0,1.0,0.0,1.0,0.13352017720215437,0.0,1.0,0.0,1.0,0.11144711346446122,0.7113463545948663,0.276,0.0,0.0,1.0,0.940836
0.8992406376831212,0.8,0.0,0.79641038768667,0.0,0.8715526592459876,0.7614160640720816,0.0,0.34363480633073434,0.0,0.30798274857593916,0.727797723363572,0.5276,0.0,1.0,0.0,0.953339
0.8596857469913183,0.0,1.0,0.0,1.0,0.2186259249483623,0.0,1.0,0.0,1.0,0.15415685689620828,0.8792516845446459,0.9248,0.0,0.0,1.0,0.915218
0.4607585764619476,0.0,1.0,0.0,1.0,0.8587387267950131,0.0,1.0,0.0,1.0,0.9214122708239187,0.3457415673372118,0.8228,0.0,0.0,1.0,0.920708
0.8580838300533166,0.0,1.0,0.6973795542290515,0.0,0.9302981260588297,0.803025130400783,0.0,0.2958386621271865,0.0,0.3790057705276318,0.0038267118011616683,0.6082,0.0,1.0,0.0,0.971638
0.14062881692240103,0.0,1.0,0.0,1.0,0.4159657253720177,0.0,1.0,0.0,1.0,0.018776237313554003,0.37020334294117163,0.5892,0.0,0.0,1.0,0.971333
0.06398495877080707,0.8666666666666667,0.0,0.9695975761289021,0.0,0.4760112114954946,0.4158611102009432,0.0,0.998468824478169,0.0,0.2717517317358314,0.9621206780172636,0.5432,0.0,1.0,0.0,0.500152
0.80827366810781,0.0,1.0,0.0,1.0,0.12488919171283837,0.0,1.0,0.0,1.0,0.01804685681021209,0.2708522987164303,0.155,0.0,0.0,1.0,0.966453
0.8250575612878015,0.13333333333333333,0.0,0.7937308062053535,0.0,0.1258335085569867,0.6870237424797778,0.0,0.2997560916502113,0.0,0.9521053397118663,0.5926646823942553,0.198,0.0,1.0,0.0,0.931991
0.9269263330716501,0.0,1.0,0.8566123688116042,0.0,0.7961539658703624,0.329820517510547,0.0,0.17431305606744704,0.0,0.18664710821048647,0.319614440876901,0.3588,0.0,1.0,0.0,0.957914
0.28266202304410804,0.0,1.0,0.0,1.0,0.7201214136704772,0.0,1.0,0.0,1.0,0.04095488866660441,0.7328469726703385,0.99,0.0,0.0,1.0,0.942056
0.19526743365338367,0.0,1.0,0.0,1.0,0.19128475548652532,0.0,1.0,0.0,1.0,0.6937696053492113,0.172746667568591,0.7096,0.0,0.0,1.0,0.955779
0.10530712142824514,0.0,1.0,0.0,1.0,0.9006257153966559,0.0,1.0,0.0,1.0,0.4140332461514167,0.24928554550573565,0.6714,0.0,0.0,1.0,0.973163
0.47952813711237124,0.0,1.0,0.0,1.0,0.03426416981584895,0.0,1.0,0.0,1.0,0.7262680193650269,0.013446471657417792,0.8988,0.0,0.0,1.0,0.953949
0.022080300949772463,0.0,1.0,0.0,1.0,0.38115090849580724,0.0,1.0,0.0,1.0,0.6849612221425009,0.6652813571294866,0.6492,0.0,0.0,1.0,0.937176
0.719048936426497,0.13333333333333333,0.0,0.6768539105417806,0.0,0.49841860394459114,0.018185405572554374,0.0,0.17306940905762033,0.0,0.5166495287660429,0.6615637933453502,0.4412,0.0,1.0,0.0,0.94236
0.09473563628099788,0.0,1.0,0.0,1.0,0.36410282001696814,0.0,1.0,0.0,1.0,0.6462952143159222,0.6873336388488271,0.2908,0.0,0.0,1.0,0.934126
0.5085854526161584,0.5333333333333333,0.0,0.978078232546014,0.0,0.2855225239871764,0.5377128788802245,0.0,0.8480783534669504,0.0,0.45396166623118445,0.17736642502421765,0.2676,0.0,1.0,0.0,0.860018
0.8653521382605799,0.0,1.0,0.0,1.0,0.8169072661778409,0.0,1.0,0.0,1.0,0.14168593383947822,0.24668661751504417,0.415,0.0,0.0,1.0,0.967978
0.7947593809175982,0.2,0.0,0.697125037286964,0.0,0.05811806087017847,0.9621340911231296,0.0,0.411717539665343,0.0,0.004190032192425354,0.1665524949112648,0.096,0.0,1.0,0.0,0.962794
0.24782262564469232,0.0,1.0,0.0,1.0,0.6987928408547277,0.0,1.0,0.0,1.0,0.6899780292123363,0.3090811205400194,0.951,0.0,0.0,1.0,0.957914
0.49299902192735834,0.0,1.0,0.0,1.0,0.33513766860122385,0.0,1.0,0.0,1.0,0.26089014434039454,0.843694915392385,0.9094,0.0,0.0,1.0,0.915218
0.06881807941368022,1.0,0.0,0.8650498407460031,0.0,0.9933844077165348,0.9142328188298053,0.0,0.8812817891162004,0.0,0.7260082946507661,0.7397227419388377,0.8864,0.0,1.0,0.0,0.946325
0.31798425955814513,0.0,1.0,0.0,1.0,0.8312722679568639,0.0,1.0,0.0,1.0,0.48270223962063985,0.6970276393955236,0.8086,0.0,0.0,1.0,0.948155
0.9979266139461309,0.0,1.0,0.0,1.0,0.58593932388452,0.0,1.0,0.0,1.0,0.09473218300456329,0.1986151503634737,0.4224,0.0,0.0,1.0,0.967368
0.8304027672358082,0.0,1.0,0.0,1.0,0.9673913933983661,0.0,1.0,0.0,1.0,0.43535806227265905,0.8830483512502143,0.004,0.0,0.0,1.0,0.918878
0.9156305579657165,0.6666666666666666,0.0,0.6765794406154286,0.0,0.4573663428668244,0.5855960820528398,0.0,0.5238993973969299,0.0,0.9240750705568495,0.7585459185844261,0.8664,0.0,1.0,0.0,0.95029
0.5891965678898959,0.0,1.0,0.0,1.0,0.7911877300296349,0.0,1.0,0.0,1.0,0.2917821823825279,0.6760946637805615,0.6178,0.0,0.0,1.0,0.954254
0.03172524327108734,0.0,1.0,0.0,1.0,0.09544789125881002,0.0,1.0,0.0,1.0,0.7713900464548761,0.14205155501512745,0.2224,0.0,0.0,1.0,0.939921
0.9923881905919939,0.0,1.0,0.0,1.0,0.7726402814256973,0.0,1.0,0.0,1.0,0.8087961183463414,0.25497156061209786,0.4058,0.0,0.0,1.0,0.94236
0.926642870402606,0.3333333333333333,0.0,0.8537251890171242,0.0,0.42392896404738944,0.9840236289540378,0.0,0.3643073553121925,0.0,0.17943000669733505,0.3253014467668192,0.6426,0.0,1.0,0.0,0.953644
0.9021213787047907,0.06666666666666667,0.0,0.7436978272073212,0.0,0.07215186292482062,0.05546463498569933,0.0,0.7309833741962393,0.0,0.20148594332755515,0.4332599553850246,0.6276,0.0,1.0,0.0,0.956694
0.4713308136452982,0.8666666666666667,0.0,0.7832392021018487,0.0,0.6126974782649578,0.05366651020181254,0.0,0.4973322589653824,0.0,0.4089021210711813,0.9605628829774525,0.3756,0.0,1.0,0.0,0.860018
0.4602474629107262,0.2,0.0,0.6940731614048962,0.0,0.6319202353405831,0.8095287614228838,0.0,0.02999053019100284,0.0,0.3099801310572297,0.42904220928046444,0.0476,0.0,1.0,0.0,0.94663
0.30836269518669973,0.0,1.0,0.0,1.0,0.38386516642762364,0.0,1.0,0.0,1.0,0.9439051624237208,0.424408187085612,0.6442,0.0,0.0,1.0,0.919793
0.9998197776997684,0.0,1.0,0.0,1.0,0.7978176183539858,0.0,1.0,0.0,1.0,0.038353889099574566,0.5273096424291858,0.988,0.0,0.0,1.0,0.969808
0.4773848875896596,0.6,0.0,0.8180068660418057,0.0,0.7910067648165097,0.4061220657884779,0.0,0.5389758365879522,0.0,0.3866929609144584,0.6601960138847438,0.7418,0.0,1.0,0.0,0.954864
0.7152603487537854,0.3333333333333333,0.0,0.9102241353525475,0.0,0.5143319177801071,0.6255330764604156,0.0,0.5963259243774746,0.0,0.7245627266313917,0.8625542949494366,0.2998,0.0,1.0,0.0,0.860018
0.33186875967625334,1.0,0.0,0.7639503843354908,0.0,0.5706971027498111,0.16549255004721095,0.0,0.4055318109026023,0.0,0.6013128763478417,0.17785366937141212,0.16,0.0,1.0,0.0,0.954254
0.2191476999263814,0.0,1.0,0.0,1.0,0.22258742356139258,0.0,1.0,0.0,1.0,0.0709401731528866,0.8928303872058982,0.8718,0.0,0.0,1.0,0.915218
0.5297405863521548,0.0,1.0,0.0,1.0,0.8030416753837265,0.0,1.0,0.0,1.0,0.9103910506428858,0.08919028626147465,0.4534,0.0,0.0,1.0,0.921927
0.6005063068514565,0.26666666666666666,0.0,0.8978613008656097,0.0,0.4107290231251811,0.3269658357955849,0.0,0.9303460878124129,0.0,0.7452847127683715,0.8912544377821795,0.6212,0.0,1.0,0.0,0.860018
0.9959916772103878,0.8,0.0,0.893093127941243,0.0,0.2345083944569002,0.6807647191174518,0.0,0.5731162226177035,0.0,0.03225375993262598,0.8694931399476623,0.501,0.0,1.0,0.0,0.866423
0.9456681323761379,0.0,1.0,0.0,1.0,0.8596302133196322,0.0,1.0,0.0,1.0,0.20571434108313258,0.10324496225821438,0.3612,0.0,0.0,1.0,0.967063
0.5766118060140649,0.0,1.0,0.0,1.0,0.14784572871652668,0.0,1.0,0.0,1.0,0.040533247241198084,0.005066123550362201,0.0978,0.0,0.0,1.0,0.964928
0.06374716027406922,0.0,1.0,0.0,1.0,0.9101895949142789,0.0,1.0,0.0,1.0,0.15021601198398593,0.540981758758228,0.4972,0.0,0.0,1.0,0.967063
0.8890453700556921,0.13333333333333333,0.0,0.7731671352719254,0.0,0.10858530414486749,0.35303724394591773,0.0,0.7079692133106178,0.0,0.31922566791835166,0.2963631473655623,0.5868,0.0,1.0,0.0,0.953644
0.8041436409595532,0.0,1.0,0.0,1.0,0.7200861202686081,0.0,1.0,0.0,1.0,0.7553445851425917,0.13419615878216,0.0552,0.0,0.0,1.0,0.949375
0.08937407909595191,0.0,1.0,0.0,1.0,0.9182846175256216,0.0,1.0,0.0,1.0,0.9360512633562819,0.2395508936267982,0.4416,0.0,0.0,1.0,0.918268
0.14474015603325796,0.0,1.0,0.0,1.0,0.9173929680141691,0.0,1.0,0.0,1.0,0.13084790002651486,0.08235227812428655,0.083,0.0,0.0,1.0,0.967978
0.08618505634425071,0.2,0.0,0.8257888170341796,0.0,0.582338729579201,0.6555702207344247,0.0,0.12003653194260887,0.0,0.49437475687272225,0.6088395815904663,0.7052,0.0,1.0,0.0,0.940226
0.09045146526431172,0.0,1.0,0.0,1.0,0.9414942274461718,0.0,1.0,0.0,1.0,0.8368523661056569,0.19953695101062258,0.6972,0.0,0.0,1.0,0.936261
0.06336497668677417,0.6666666666666666,0.0,0.8880997411625412,0.0,0.44799351861154135,0.2846127693936329,0.0,0.48037238326789844,0.0,0.24482423900083344,0.558079784184372,0.4872,0.0,1.0,0.0,0.913083
0.44662524775275214,0.0,1.0,0.0,1.0,0.1739240226358408,0.0,1.0,0.0,1.0,0.9652661804469898,0.3147918474818717,0.3106,0.0,0.0,1.0,0.918268
0.49750692949543274,0.0,1.0,0.0,1.0,0.38774474715937873,0.0,1.0,0.0,1.0,0.3965483300393427,0.39194054786672894,0.9052,0.0,0.0,1.0,0.971943
0.40136917993004917,0.0,1.0,0.0,1.0,0.20449780869952808,0.0,1.0,0.0,1.0,0.1872889401405508,0.05659715204475054,0.624,0.0,0.0,1.0,0.967368
0.8298649460661485,0.9333333333333333,0.0,0.7732859571002234,0.0,0.8694241024185948,0.9172203094201872,0.0,0.8998413493871044,0.0,0.39195518414866043,0.11296594070176724,0.5656,0.0,1.0,0.0,0.972553
0.33096249818575796,0.0,1.0,0.0,1.0,0.6884694429235798,0.0,1.0,0.0,1.0,0.2898568625009168,0.09596769675684744,0.9324,0.0,0.0,1.0,0.970723
0.3563396823650643,0.9333333333333333,0.0,0.9550253862701231,0.0,0.9845185300260104,0.36054439501103963,0.0,0.13722176649109774,0.0,0.5921030996442534,0.4717293402042084,0.2756,0.0,1.0,0.0,0.920708
0.8285482932151194,1.0,0.0,0.685709381516091,0.0,0.3068971610732995,0.5232534692393356,0.0,0.14581417048874942,0.0,0.7413937678709698,0.6607904193201296,0.4276,0.0,1.0,0.0,0.961574
0.8106985660496058,0.0,1.0,0.0,1.0,0.9411836038782299,0.0,1.0,0.0,1.0,0.2412116460251666,0.7052454213584268,0.901,0.0,0.0,1.0,0.94724
0.061224924297984436,0.0,1.0,0.0,1.0,0.13877724046280832,0.0,1.0,0.0,1.0,0.5182279581615735,0.7160791882557366,0.6294,0.0,0.0,1.0,0.934126
0.5286998963048959,0.8,0.0,0.7829290417419508,0.0,0.7416696277765404,0.006586566572467797,0.0,0.546708544993985,0.0,0.50937839721444,0.7956112215526931,0.0522,0.0,1.0,0.0,0.860018
0.4713732594336536,0.5333333333333333,0.0,0.7852518831059335,0.0,0.22072408938798319,0.2257788471434615,0.0,0.34685535109574356,0.0,0.3603153418098931,0.16677296457933455,0.665,0.0,1.0,0.0,0.954864
0.5410905151079985,0.0,1.0,0.0,1.0,0.8548397641346376,0.0,1.0,0.0,1.0,0.6139397296850155,0.9124380247506245,0.0624,0.0,0.0,1.0,0.915523
0.5460386457992832,0.26666666666666666,0.0,0.9066046073912827,0.0,0.19087004130841254,0.25846775549122586,0.0,0.39914758356641805,0.0,0.8680514106119829,0.5647919572233229,0.2816,0.0,1.0,0.0,0.900579
0.016709179759743134,0.7333333333333333,0.0,0.8415774572381923,0.0,0.9908601265398955,0.255702324345082,0.0,0.8186206412899443,0.0,0.669809157149742,0.0779559293862056,0.3378,0.0,1.0,0.0,0.942056
0.03637465043189404,0.0,1.0,0.0,1.0,0.853209113457998,0.0,1.0,0.0,1.0,0.9184881480817125,0.06733083569869734,0.209,0.0,0.0,1.0,0.891125
0.9462201654227589,0.3333333333333333,0.0,0.7384468599394893,0.0,0.23093749937963137,0.459215076525622,0.0,0.6895538054311734,0.0,0.11785400799212117,0.3624609131012324,0.1292,0.0,1.0,0.0,0.966453
0.7805717794305096,0.0,1.0,0.0,1.0,0.3200683017562667,0.0,1.0,0.0,1.0,0.45694613560032715,0.7933584776386141,0.1844,0.0,0.0,1.0,0.920403
0.5578357726020586,0.3333333333333333,0.0,0.7768006282280855,0.0,0.42079077456632225,0.3564423222911061,0.0,0.9313430217688434,0.0,0.06738714302185113,0.5812584981974063,0.3698,0.0,1.0,0.0,0.960964
0.20016400295824313,0.26666666666666666,0.0,0.9707707715459971,0.0,0.780780181996101,0.24371534664330616,0.0,0.7184485512248789,0.0,0.941962733930134,0.9755684880097272,0.0144,0.0,1.0,0.0,0.860018
0.8365452187742305,0.0,1.0,0.0,1.0,0.8758056854238143,0.0,1.0,0.0,1.0,0.6448861466269826,0.8072981938141758,0.6696,0.0,0.0,1.0,0.915523
0.02854744809326418,0.8666666666666667,0.0,0.7136164631249422,0.0,0.6769999774570589,0.8918221194441313,0.0,0.09417058664250884,0.0,0.5637675364593435,0.9366136093286006,0.7234,0.0,1.0,0.0,0.863678
0.8218143941922594,0.0,1.0,0.0,1.0,0.8723008959437026,0.0,1.0,0.0,1.0,0.29910743089306807,0.43764706511038043,0.6232,0.0,0.0,1.0,0.973163
0.9931954768054423,0.0,1.0,0.0,1.0,0.28088631157156346,0.0,1.0,0.0,1.0,0.28874441267350237,0.23943921420084607,0.9466,0.0,0.0,1.0,0.969198
0.5610043869074435,0.6,0.0,0.7223511725680362,0.0,0.31867811067824675,0.021520672718272228,0.0,0.3979394662016632,0.0,0.5658146003548049,0.1210882291517544,0.8592,0.0,1.0,0.0,0.958829
0.4735811229968701,0.0,1.0,0.0,1.0,0.30630423778942417,0.0,1.0,0.0,1.0,0.23643950446607837,0.040691133886750504,0.7774,0.0,0.0,1.0,0.968283
0.33354586052145074,0.13333333333333333,0.0,0.907328738108464,0.0,0.39382579455032635,0.723476658178246,0.0,0.6293743703437901,0.0,0.6711228573940466,0.007765137515188898,0.8824,0.0,1.0,0.0,0.927722
0.2826662746523337,0.0,1.0,0.0,1.0,0.23815802521392998,0.0,1.0,0.0,1.0,0.0996513070915536,0.9607822009587597,0.1438,0.0,0.0,1.0,0.910948
0.641240803386208,0.0,1.0,0.0,1.0,0.9651746769924716,0.0,1.0,0.0,1.0,0.32952895286807776,0.8620471519069802,0.6242,0.0,0.0,1.0,0.915218
0.1264463705093508,0.4666666666666667,0.0,0.94713511585278,0.0,0.30521196429144626,0.9886860297545705,0.0,0.6248623636333597,0.0,0.7077916425531489,0.34386200444489545,0.6058,0.0,1.0,0.0,0.860018
0.28944232550468246,0.3333333333333333,0.0,0.9508669207219413,0.0,0.15231664011795112,0.497883328264558,0.0,0.4206709846116245,0.0,0.14422450632390524,0.07629611343152548,0.1606,0.0,1.0,0.0,0.860018
0.6256614849133612,0.0,1.0,0.0,1.0,0.48961496696771195,0.0,1.0,0.0,1.0,0.7735365028051538,0.8862027061540116,0.105,0.0,0.0,1.0,0.915523
0.7220864272630869,0.8666666666666667,0.0,0.6585530152759268,0.0,0.46572262452518653,0.7756027062212707,0.0,0.32982449154656074,0.0,0.19358810136635576,0.4648610186081979,0.3132,0.0,1.0,0.0,0.974687
0.20830204964792365,0.0,1.0,0.0,1.0,0.7691379081089801,0.0,1.0,0.0,1.0,0.22654588224785444,0.08072096838140494,0.7054,0.0,0.0,1.0,0.970418
0.2166267257037677,0.3333333333333333,0.0,0.7080152933387156,0.0,0.09356342817075754,0.5577773759132022,0.0,0.4282214106831086,0.0,0.11302664905260501,0.7573838658060286,0.8106,0.0,1.0,0.0,0.860628
0.5018219507474745,0.4666666666666667,0.0,0.6773873236516956,0.0,0.4520163792063458,0.04580799618546996,0.0,0.17101938467292363,0.0,0.061175516044055675,0.563116968078486,0.0522,0.0,1.0,0.0,0.932601
0.49067229643104576,0.6,0.0,0.7859834577369983,0.0,0.6533621762099314,0.07510823727297608,0.0,0.5925056337273805,0.0,0.9590513939760049,0.4668358213539244,0.5302,0.0,1.0,0.0,0.929857
0.07114394413991236,0.0,1.0,0.0,1.0,0.15846573078667386,0.0,1.0,0.0,1.0,0.0705299818300093,0.5302738025884733,0.5606,0.0,0.0,1.0,0.967063
0.1577440040876986,0.0,1.0,0.0,1.0,0.5445705635634455,0.0,1.0,0.0,1.0,0.024779904342780424,0.9208186858631162,0.8248,0.0,0.0,1.0,0.915523
0.515040460360546,0.0,1.0,0.0,1.0,0.7214438080465188,0.0,1.0,0.0,1.0,0.06269780452751011,0.17403212618662758,0.2412,0.0,0.0,1.0,0.964623
0.6506072584991403,0.7333333333333333,0.0,0.9980210335278316,0.0,0.9565885445485137,0.28345502059014005,0.0,0.9040002652900033,0.0,0.12890904336351672,0.40245785522234745,0.4584,0.0,1.0,0.0,0.918573
0.43270117987249784,0.8666666666666667,0.0,0.8058107749675049,0.0,0.39137391002979677,0.3010941544814709,0.0,0.4696868876824815,0.0,0.8550743281452766,0.7080596132382649,0.7102,0.0,1.0,0.0,0.935651
0.9326656785824359,0.0,1.0,0.9413933617561774,0.0,0.6499689721731313,0.8401089102024315,0.0,0.23335738237239417,0.0,0.1329247778659553,0.8396344282023885,0.9128,0.0,1.0,0.0,0.860018
0.6424674096777622,0.0,1.0,0.0,1.0,0.27094234373019244,0.0,1.0,0.0,1.0,0.6058886003134553,0.08947032332558484,0.208,0.0,0.0,1.0,0.967368
0.9743798977765327,0.6,0.0,0.9888898624862081,0.0,0.13383958855450964,0.9372755132103577,0.0,0.34522872335560634,0.0,0.5864875227273307,0.29195814979752494,0.9548,0.0,1.0,0.0,0.860018
0.5258176223772085,0.4666666666666667,0.0,0.6945001731712859,0.0,0.6904945773868215,0.5549414832524736,0.0,0.16560362003226572,0.0,0.7740719712897981,0.6809749303259424,0.1862,0.0,1.0,0.0,0.957609
0.08294365545960866,0.13333333333333333,0.0,0.8552304284761234,0.0,0.1317578694864364,0.897549604848873,0.0,0.214981552667921,0.0,0.4038132496443768,0.6609304944067587,0.1552,0.0,1.0,0.0,0.860018
0.019445740640877472,0.0,1.0,0.0,1.0,0.8241106159938987,0.0,1.0,0.0,1.0,0.4993157490345095,0.4020303109495979,0.2098,0.0,0.0,1.0,0.969198
0.27015644302182795,0.0,1.0,0.0,1.0,0.8791600666952744,0.0,1.0,0.0,1.0,0.842738180311614,0.25591494983264124,0.3232,0.0,0.0,1.0,0.936261
0.23002108962137946,0.5333333333333333,0.0,0.8007043639255979,0.0,0.8646836571285899,0.4584739205623326,0.0,0.07500045623378909,0.0,0.4488245687767571,0.12571157656696325,0.3132,0.0,1.0,0.0,0.946935
0.12853154228846894,0.8666666666666667,0.0,0.754330466721085,0.0,0.5110902419043474,0.9823758908791727,0.0,0.30214785824594687,0.0,0.7707236901282927,0.368796721936848,0.6134,0.0,1.0,0.0,0.958219
0.1926382445857459,0.8666666666666667,0.0,0.8155692559288802,0.0,0.6930227604682667,0.46372704824070965,0.0,0.42327443008794197,0.0,0.6195197825566191,0.3834362683527736,0.9474,0.0,1.0,0.0,0.957609
0.6564326883181191,0.13333333333333333,0.0,0.8417259584474208,0.0,0.11892486035789825,0.6308393923712159,0.0,0.43579574142837363,0.0,0.42753643200450836,0.22884567572651277,0.5338,0.0,1.0,0.0,0.931686
0.2111183812335744,0.7333333333333333,0.0,0.8186869833613368,0.0,0.8703754963839125,0.9042373646907851,0.0,0.06425023353094177,0.0,0.8500989372781615,0.9041602330162442,0.6884,0.0,1.0,0.0,0.860018
0.765856686108817,0.06666666666666667,0.0,0.8986980803495522,0.0,0.17002362592416426,0.3149461074050595,0.0,0.8875337870606409,0.0,0.44701040503175365,0.4565444912344865,0.8112,0.0,1.0,0.0,0.921013
0.4465929346035379,0.9333333333333333,0.0,0.7227357884941186,0.0,0.5817555261315889,0.24051827017879326,0.0,0.15892332729951616,0.0,0.1993164973858604,0.3887304170887613,0.4298,0.0,1.0,0.0,0.968283
0.4382570690891778,0.0,1.0,0.0,1.0,0.30820392338209324,0.0,1.0,0.0,1.0,0.6649761871298736,0.43494439720847106,0.3424,0.0,0.0,1.0,0.960354
0.7926496326940097,0.0,1.0,0.0,1.0,0.2350256653062381,0.0,1.0,0.0,1.0,0.42848410614324406,0.8172198172431466,0.541,0.0,0.0,1.0,0.915218
0.7299848105974203,0.0,1.0,0.0,1.0,0.04844146804035163,0.0,1.0,0.0,1.0,0.09375612246756555,0.5984162305796589,0.8394,0.0,0.0,1.0,0.964013
0.9722003201047965,0.26666666666666666,0.0,0.9488164799321982,0.0,0.40480521053000723,0.2504646771001802,0.0,0.7149536042373529,0.0,0.1584938814168401,0.2240286732776353,0.5724,0.0,1.0,0.0,0.916743
0.6181417914529322,0.0,1.0,0.0,1.0,0.05336691433032983,0.0,1.0,0.0,1.0,0.047501308974739476,0.6908599674450437,0.085,0.0,0.0,1.0,0.948765
0.3675385995266062,0.0,1.0,0.0,1.0,0.6827896106754775,0.0,1.0,0.0,1.0,0.9623900424670062,0.6105604645102297,0.214,0.0,0.0,1.0,0.917658
0.19218665080162822,0.0,1.0,0.0,1.0,0.2618412108434955,0.0,1.0,0.0,1.0,0.6516824545283436,0.83816672050857,0.1078,0.0,0.0,1.0,0.864593
0.13520128872071843,0.7333333333333333,0.0,0.8128137940293497,0.0,0.5228545451982622,0.3183679097687666,0.0,0.7136291947837692,0.0,0.023498243849271832,0.8439537397377345,0.4486,0.0,1.0,0.0,0.860018
0.6719299535109684,0.0,1.0,0.0,1.0,0.9320402289952541,0.0,1.0,0.0,1.0,0.15360346980348058,0.5045100446864029,0.485,0.0,0.0,1.0,0.969808
0.743155469480345,1.0,0.0,0.6995739180048367,0.0,0.6266144960619602,0.7974042333430049,0.0,0.46525333276416747,0.0,0.31181438450313353,0.20655264501390513,0.2862,0.0,1.0,0.0,0.973468
0.46868210199097754,0.0,1.0,0.0,1.0,0.8479220950799652,0.0,1.0,0.0,1.0,0.7404471568141494,0.029681309732460838,0.1964,0.0,0.0,1.0,0.9509
0.6296933731356547,0.0,1.0,0.0,1.0,0.25047184816499396,0.0,1.0,0.0,1.0,0.6927140169515087,0.38027218808008295,0.794,0.0,0.0,1.0,0.956999
0.4616072625746811,0.8666666666666667,0.0,0.822795915681031,0.0,0.0951696562016782,0.12450869406171679,0.0,0.6132518234373885,0.0,0.9211738854159324,0.7338386306319771,0.0912,0.0,1.0,0.0,0.860018
0.11650570811311434,0.6,0.0,0.9248956088908009,0.0,0.30361918639974245,0.17190310358348054,0.0,0.1125656419744749,0.0,0.02608039296133547,0.2741652725618163,0.5172,0.0,1.0,0.0,0.860018
0.6009689186334636,0.0,1.0,0.0,1.0,0.2943218900104902,0.0,1.0,0.0,1.0,0.00829313324195188,0.08540496849425556,0.8904,0.0,0.0,1.0,0.964013
0.5181166101943545,0.8666666666666667,0.0,0.997110487262173,0.0,0.18651198641476605,0.7939913973182673,0.0,0.6702961524557911,0.0,0.12288783719248281,0.2266146974121568,0.8888,0.0,1.0,0.0,0.860018
0.6087286630665903,0.0,1.0,0.0,1.0,0.6752911685397267,0.0,1.0,0.0,1.0,0.18765276669278,0.5825546416628555,0.196,0.0,0.0,1.0,0.963708
0.6752200327147827,0.0,1.0,0.0,1.0,0.9014964597511048,0.0,1.0,0.0,1.0,0.3025155960789828,0.9315972347118623,0.0368,0.0,0.0,1.0,0.915218
0.30554635900801896,0.0,1.0,0.0,1.0,0.09054988962329057,0.0,1.0,0.0,1.0,0.5371416144694916,0.5337052836460981,0.6754,0.0,0.0,1.0,0.964623
0.7729679224029702,0.9333333333333333,0.0,0.74964443178375,0.0,0.06539206617728228,0.8502927692217991,0.0,0.6406656503824384,0.0,0.4795029006974991,0.1661231058648273,0.5466,0.0,1.0,0.0,0.957609
0.8241830395854352,0.0,1.0,0.0,1.0,0.5172923563812536,0.0,1.0,0.0,1.0,0.8770412358105215,0.4201892656341177,0.912,0.0,0.0,1.0,0.927112
0.9786625292489198,0.0,1.0,0.0,1.0,0.022686989377646294,0.0,1.0,0.0,1.0,0.6814375558034806,0.9493340049900607,0.8994,0.0,0.0,1.0,0.913388
0.36363891518211827,0.0,1.0,0.0,1.0,0.06305217386863425,0.0,1.0,0.0,1.0,0.36368182173929364,0.8457092445129203,0.9838,0.0,0.0,1.0,0.915218
0.8856364287292178,0.4666666666666667,0.0,0.7224711605774083,0.0,0.14995535113057687,0.9977363916250702,0.0,0.5978554840264334,0.0,0.6429311092021215,0.34722454396479696,0.4866,0.0,1.0,0.0,0.967978
0.12091591828023623,0.0,1.0,0.0,1.0,0.8671513816409983,0.0,1.0,0.0,1.0,0.832632107889666,0.38084752429590363,0.5382,0.0,0.0,1.0,0.937786
0.14930228759618105,0.9333333333333333,0.0,0.8719605565490454,0.0,0.0669215253138512,0.49409380728002344,0.0,0.4765368251803441,0.0,0.2401357498607794,0.6227214853138877,0.902,0.0,1.0,0.0,0.916743
0.9256826053313799,0.0,1.0,0.0,1.0,0.7825224081040038,0.0,1.0,0.0,1.0,0.2961605857136172,0.6662915034109658,0.7584,0.0,0.0,1.0,0.955474
0.060413719643034554,0.8,0.0,0.7296391793693471,0.0,0.7081917553438797,0.812789078645688,0.0,0.5955579549503334,0.0,0.2474192293101576,0.7601005355239356,0.9356,0.0,1.0,0.0,0.95151
0.8969166035302489,0.0,1.0,0.0,1.0,0.7630511978569047,0.0,1.0,0.0,1.0,0.6003904530875088,0.24586080686383993,0.1392,0.0,0.0,1.0,0.967368
0.4408530499933729,0.5333333333333333,0.0,0.8680609757211664,0.0,0.40012801344512133,0.9519185012432271,0.0,0.9385777977851504,0.0,0.7516267320785435,0.6299647479404489,0.615,0.0,1.0,0.0,0.936261
0.08714877005312922,0.0,1.0,0.0,1.0,0.12688695905678568,0.0,1.0,0.0,1.0,0.49874489793656634,0.31676654957641437,0.8652,0.0,0.0,1.0,0.972553
0.9768164838709394,1.0,0.0,0.9283462245966883,0.0,0.19645486247718816,0.5193047889276045,0.0,0.4507902602886368,0.0,0.2421177567887741,0.8856976283405736,0.283,0.0,1.0,0.0,0.860018
0.8523902729184323,0.0,1.0,0.0,1.0,0.18717065020529083,0.0,1.0,0.0,1.0,0.7922201377458138,0.009060770335660275,0.512,0.0,0.0,1.0,0.946325
0.257581233301231,0.9333333333333333,0.0,0.8139955379751584,0.0,0.14753275650830627,0.7308312319992246,0.0,0.08331756858034033,0.0,0.7520724021685873,0.5368109173063366,0.9392,0.0,1.0,0.0,0.918268
0.7122060299608728,0.0,1.0,0.0,1.0,0.26089431578047234,0.0,1.0,0.0,1.0,0.24869114730906103,0.8025675620454353,0.019,0.0,0.0,1.0,0.921927
0.414239550734527,0.0,1.0,0.0,1.0,0.1331519051910325,0.0,1.0,0.0,1.0,0.5948309859134471,0.5908529747273962,0.2862,0.0,0.0,1.0,0.957914
0.36813668726091964,0.8,0.0,0.7742485479902906,0.0,0.8899509385740496,0.6909982516873049,0.0,0.02540478403010734,0.0,0.17274122448527365,0.8716601084215818,0.4056,0.0,1.0,0.0,0.860018
0.31241168844803036,0.0,1.0,0.0,1.0,0.9998711582092209,0.0,1.0,0.0,1.0,0.9015406884087108,0.8512078142073628,0.2766,0.0,0.0,1.0,0.915523
0.12412827126973708,0.0,1.0,0.0,1.0,0.44654161117180335,0.0,1.0,0.0,1.0,0.15350789382091073,0.987347538628948,0.4882,0.0,0.0,1.0,0.910948
0.807217637023472,0.0,1.0,0.0,1.0,0.17060522953958077,0.0,1.0,0.0,1.0,0.1781288267077501,0.005893404630891428,0.8668,0.0,0.0,1.0,0.966453
0.4411566331284358,0.6666666666666666,0.0,0.8788362701138736,0.0,0.692852722591006,0.27960345423499633,0.0,0.8212391334764183,0.0,0.03743254821680295,0.09991651499265536,0.7938,0.0,1.0,0.0,0.94663
0.5657967210517013,0.0,1.0,0.0,1.0,0.15254522356449365,0.0,1.0,0.0,1.0,0.845450503310319,0.7835832144408601,0.2244,0.0,0.0,1.0,0.915218
0.3384585076094848,0.0,1.0,0.0,1.0,0.1752085099997104,0.0,1.0,0.0,1.0,0.49367920203301746,0.32696633861612906,0.7272,0.0,0.0,1.0,0.971028
0.7232468535038848,0.9333333333333333,0.0,0.8840190171166377,0.0,0.6776592408062936,0.596338754079247,0.0,0.4641155133200614,0.0,0.45321931073290744,0.02424531080184558,0.7302,0.0,1.0,0.0,0.950595
0.6215537233775488,0.0,1.0,0.0,1.0,0.5882025457894317,0.0,1.0,0.0,1.0,0.9305817211393013,0.19413887729207197,0.1468,0.0,0.0,1.0,0.920098
0.08070639869597174,0.3333333333333333,0.0,0.6794326709340773,0.0,0.9629037544253306,0.9189824347338033,0.0,0.4783115905107999,0.0,0.3953859826873095,0.4637909295646497,0.0974,0.0,1.0,0.0,0.967063
0.607106433501815,0.6,0.0,0.8764535581837981,0.0,0.5293193562660642,0.14279222294138624,0.0,0.022499666963129404,0.0,0.6696748952796742,0.489713637427648,0.7766,0.0,1.0,0.0,0.910339
0.8745424305810093,0.26666666666666666,0.0,0.7486353317382931,0.0,0.07435377267536282,0.3763496714799788,0.0,0.12219289286969849,0.0,0.9391339512169664,0.6978754173887693,0.6042,0.0,1.0,0.0,0.89082
0.08486474086923972,0.0,1.0,0.0,1.0,0.5450066050344627,0.0,1.0,0.0,1.0,0.4966999191565869,0.23593173481882862,0.765,0.0,0.0,1.0,0.973468
0.9214309036221292,0.0,1.0,0.0,1.0,0.5537745322945298,0.0,1.0,0.0,1.0,0.14111434837220457,0.7691480433739292,0.1578,0.0,0.0,1.0,0.928637
0.15766561751343916,1.0,0.0,0.8844225788444658,0.0,0.6821017841164251,0.2514074272563729,0.0,0.3627309681796361,0.0,0.8624186457155105,0.45909398722299133,0.2034,0.0,1.0,0.0,0.860018
0.6287600317679743,0.0,1.0,0.0,1.0,0.0062042673001458225,0.0,1.0,0.0,1.0,0.062412947891889156,0.9134533712613789,0.957,0.0,0.0,1.0,0.915218
0.24075406963217694,0.5333333333333333,0.0,0.7427402226674323,0.0,0.924150940706197,0.5638197598224227,0.0,0.9328770681426214,0.0,0.9903798611913505,0.08404287960602545,0.2534,0.0,1.0,0.0,0.941446
0.014529677216453001,0.0,1.0,0.0,1.0,0.6210644350952689,0.0,1.0,0.0,1.0,0.41684957464709754,0.10312047382816994,0.8728,0.0,0.0,1.0,0.971943
0.19907387355430672,0.0,1.0,0.0,1.0,0.375033585590897,0.0,1.0,0.0,1.0,0.6685931539684145,0.0705697719472619,0.4068,0.0,0.0,1.0,0.959744
0.2516846772935623,0.0,1.0,0.0,1.0,0.8343523088580095,0.0,1.0,0.0,1.0,0.10660030438712653,0.8042303939136943,0.1486,0.0,0.0,1.0,0.906984
0.6500829362834427,0.13333333333333333,0.0,0.9546866171873652,0.0,0.7533318070128582,0.25597066443187655,0.0,0.45493841340716845,0.0,0.9657162338179904,0.5316846076035209,0.0484,0.0,1.0,0.0,0.860018
0.6655807133325532,0.0,1.0,0.0,1.0,0.5430252355630432,0.0,1.0,0.0,1.0,0.5146610904979267,0.20257424823237877,0.8942,0.0,0.0,1.0,0.970418
0.06371913789395156,0.13333333333333333,0.0,0.6703996479380305,0.0,0.9587507569929332,0.5395632312090435,0.0,0.7052322597143424,0.0,0.262595198390107,0.8692049693709933,0.108,0.0,1.0,0.0,0.865508
0.09258144263786101,0.3333333333333333,0.0,0.7017320919998554,0.0,0.5047473931858999,0.7988773374781354,0.0,0.31227165267186474,0.0,0.29745603336050813,0.31899579193560607,0.2714,0.0,1.0,0.0,0.967673
0.3337586647163118,0.0,1.0,0.0,1.0,0.3807114426714088,0.0,1.0,0.0,1.0,0.5922615907282734,0.2185069207679326,0.095,0.0,0.0,1.0,0.967673
0.1831818190382387,0.0,1.0,0.0,1.0,0.3129607358099674,0.0,1.0,0.0,1.0,0.3355458850918057,0.24679570261156414,0.0874,0.0,0.0,1.0,0.968893
0.3505113865785566,0.0,1.0,0.0,1.0,0.07478163500137319,0.0,1.0,0.0,1.0,0.2911720297854948,0.920429799382001,0.898,0.0,0.0,1.0,0.915218
0.6593176675080313,0.0,1.0,0.0,1.0,0.2881047970435393,0.0,1.0,0.0,1.0,0.4652308083895536,0.7525442109232584,0.1296,0.0,0.0,1.0,0.935041
0.5034945883354668,0.3333333333333333,0.0,0.9700553824589317,0.0,0.566175592551453,0.14851147055567104,0.0,0.3377758296477075,0.0,0.9799500393588916,0.7391592401135434,0.2536,0.0,1.0,0.0,0.860018
0.23150954457801481,0.26666666666666666,0.0,0.8566549262559262,0.0,0.015478160875584016,0.05030810715872895,0.0,0.7962741064544503,0.0,0.6374269051809786,0.5084323955209841,0.377,0.0,1.0,0.0,0.860018
0.95750792153919,0.0,1.0,0.0,1.0,0.3458081777300012,0.0,1.0,0.0,1.0,0.06324168476152772,0.9143803284658917,0.3306,0.0,0.0,1.0,0.915218
0.9252295570547133,0.0,1.0,0.0,1.0,0.29197661727361424,0.0,1.0,0.0,1.0,0.21904968759155447,0.177134858426193,0.8216,0.0,0.0,1.0,0.967978
0.5957787593659257,0.0,1.0,0.0,1.0,0.9093696868518637,0.0,1.0,0.0,1.0,0.4504732995289116,0.1814405856724791,0.6008,0.0,0.0,1.0,0.971943
0.948981866399408,0.0,1.0,0.6658066299484579,0.0,0.30450217851625044,0.005475893085890096,0.0,0.8134530016123497,0.0,0.5125392922637878,0.11323330510539267,0.7132,0.0,1.0,0.0,0.968588
0.8473911624337228,0.0,1.0,0.0,1.0,0.7414182503884281,0.0,1.0,0.0,1.0,0.7160934753406403,0.6767378008799847,0.6706,0.0,0.0,1.0,0.938091
0.37056724332327545,0.0,1.0,0.0,1.0,0.867474176367188,0.0,1.0,0.0,1.0,0.6738817514692923,0.8257695928373662,0.8402,0.0,0.0,1.0,0.915218
0.33001369782594764,0.0,1.0,0.0,1.0,0.37797854626377353,0.0,1.0,0.0,1.0,0.8512805063929191,0.5687916027974709,0.4456,0.0,0.0,1.0,0.931382
0.20916840658717048,0.9333333333333333,0.0,0.7862972783115141,0.0,0.521901856651807,0.31173669008780985,0.0,0.6589782326340492,0.0,0.46215728819929014,0.3050790816569417,0.4626,0.0,1.0,0.0,0.959439
0.47691348100047826,0.5333333333333333,0.0,0.9934710691676164,0.0,0.6236943557226782,0.22545177589491527,0.0,0.01915506623595969,0.0,0.02739469796056928,0.11358122076724289,0.1212,0.0,1.0,0.0,0.860018
0.5999724224159233,0.0,1.0,0.0,1.0,0.13323122203527477,0.0,1.0,0.0,1.0,0.9414741291728727,0.8003375531767186,0.579,0.0,0.0,1.0,0.915218
0.12742538435060502,0.0,1.0,0.0,1.0,0.33110545815026976,0.0,1.0,0.0,1.0,0.3482177760292176,0.6050469028134777,0.0088,0.0,0.0,1.0,0.945105
0.04252928964268416,0.4666666666666667,0.0,0.7990949870251717,0.0,0.6191806253515819,0.8381580938511931,0.0,0.8699301164110412,0.0,0.7088747450008119,0.6457964220687243,0.4344,0.0,1.0,0.0,0.946935
0.8882971299178551,0.0,1.0,0.0,1.0,0.32989616965186297,0.0,1.0,0.0,1.0,0.5464431182553143,0.9991386535924572,0.5554,0.0,0.0,1.0,0.909729
0.7894949640164697,0.6,0.0,0.9211050093696906,0.0,0.9590034121978237,0.5357311261099715,0.0,0.24741107904379822,0.0,0.831149110176037,0.3467702237016927,0.3932,0.0,1.0,0.0,0.931991
0.3043599351651237,0.3333333333333333,0.0,0.9088835849833632,0.0,0.48698009433461004,0.32232880683085147,0.0,0.9754716961499271,0.0,0.6580558261726357,0.5896037929504647,0.1154,0.0,1.0,0.0,0.921013
0.8468339839428746,0.0,1.0,0.0,1.0,0.601095636754581,0.0,1.0,0.0,1.0,0.701804577902029,0.24531890604419268,0.9016,0.0,0.0,1.0,0.956389
0.09288417070342356,0.0,1.0,0.0,1.0,0.8351650392130929,0.0,1.0,0.0,1.0,0.36431825671803325,0.9091717507112747,0.6218,0.0,0.0,1.0,0.913693
0.17102125306131022,0.0,1.0,0.0,1.0,0.40959297695171515,0.0,1.0,0.0,1.0,0.32395418438790663,0.8364581421215488,0.2724,0.0,0.0,1.0,0.917353
0.23602970269153353,0.4666666666666667,0.0,0.693642256979107,0.0,0.5212985236316833,0.89214017219811,0.0,0.6968737218822485,0.0,0.74875237390343,0.04004110592072489,0.5578,0.0,1.0,0.0,0.972553
0.4353608739018131,0.0,1.0,0.0,1.0,0.8421066722219661,0.0,1.0,0.0,1.0,0.20352989693898602,0.5476442125559065,0.0842,0.0,0.0,1.0,0.967063
0.8880819275727262,0.13333333333333333,0.0,0.96016747508631,0.0,0.8837248908776023,0.8083151823799484,0.0,0.344894539657688,0.0,0.2013258668587327,0.9962459815483541,0.1996,0.0,1.0,0.0,0.888076
0.3956472721173434,0.0,1.0,0.0,1.0,0.30999534357325886,0.0,1.0,0.0,1.0,0.6396746635125359,0.9019111394491681,0.4922,0.0,0.0,1.0,0.915218
0.3717209929825131,0.7333333333333333,0.0,0.7723724404388517,0.0,0.440494445018228,0.7573815954850343,0.0,0.27328311553268847,0.0,0.7691482239474967,0.6423839995803322,0.4096,0.0,1.0,0.0,0.955779
0.4021643056089593,0.0,1.0,0.0,1.0,0.5251068849379458,0.0,1.0,0.0,1.0,0.538580908468401,0.4361579103183725,0.883,0.0,0.0,1.0,0.969198
0.014375300381711057,0.8,0.0,0.8175057086474135,0.0,0.254599404749637,0.3173605097217832,0.0,0.04590889828842969,0.0,0.40601956107182224,0.8569512613560795,0.2456,0.0,1.0,0.0,0.860018
0.0340641785080814,0.0,1.0,0.0,1.0,0.37897477441454525,0.0,1.0,0.0,1.0,0.19691232635957512,0.9952407679728945,0.4588,0.0,0.0,1.0,0.853919
0.6896207295712902,0.0,1.0,0.0,1.0,0.1768440256005065,0.0,1.0,0.0,1.0,0.7703679446327306,0.36690165363024474,0.3002,0.0,0.0,1.0,0.94968
0.6032179588455572,0.4666666666666667,0.0,0.8670332847489066,0.0,0.45646146627527945,0.951535793243194,0.0,0.6138897188236779,0.0,0.32468260311895364,0.00355030403755652,0.756,0.0,1.0,0.0,0.948765
0.9791810415357887,0.0,1.0,0.0,1.0,0.17216536955061795,0.0,1.0,0.0,1.0,0.7950667351891019,0.5773643739653286,0.5294,0.0,0.0,1.0,0.937176
0.5221327605006826,0.0,1.0,0.0,1.0,0.5801073837079267,0.0,1.0,0.0,1.0,0.8327555518094082,0.35013219104081844,0.371,0.0,0.0,1.0,0.937481
0.17914258381535922,0.3333333333333333,0.0,0.8826324312046323,0.0,0.33785084499897733,0.6570649307917626,0.0,0.19107577734625678,0.0,0.031427598785081404,0.7944802145739296,0.2182,0.0,1.0,0.0,0.860018
0.4649824338704026,0.0,1.0,0.0,1.0,0.8632695491297128,0.0,1.0,0.0,1.0,0.01894771019709743,0.9925262552360086,0.9074,0.0,0.0,1.0,0.909119
0.2679291861492321,0.0,1.0,0.0,1.0,0.7135258031071814,0.0,1.0,0.0,1.0,0.47445799824389495,0.0526917425300991,0.185,0.0,0.0,1.0,0.971943
0.29557627595589164,0.5333333333333333,0.0,0.8746906445920213,0.0,0.07527293948683451,0.4777984102193677,0.0,0.4047688814155457,0.0,0.005451752099442901,0.8492156219688579,0.3442,0.0,1.0,0.0,0.860018
0.6423461646187533,0.6,0.0,0.7993868982689837,0.0,0.595029471691445,0.25676718868502474,0.0,0.7836672097321239,0.0,0.2606030634196832,0.4527731793268492,0.4606,0.0,1.0,0.0,0.962184
0.9976505676785096,0.4666666666666667,0.0,0.7790965932482475,0.0,0.3731049088315515,0.5527270503886353,0.0,0.08723896211426493,0.0,0.08292123699111388,0.4518647139165137,0.9676,0.0,1.0,0.0,0.957609
0.9096905147495828,0.26666666666666666,0.0,0.8780417459110568,0.0,0.40651404878496855,0.6358477300780622,0.0,0.5642731594840283,0.0,0.44600348351026564,0.8535231528702887,0.2766,0.0,1.0,0.0,0.867033
0.01699986964372668,0.0,1.0,0.0,1.0,0.3283888608917092,0.0,1.0,0.0,1.0,0.19145296925614075,0.6212647982341366,0.117,0.0,0.0,1.0,0.947545
0.44575864987829733,0.0,1.0,0.0,1.0,0.18444678070703616,0.0,1.0,0.0,1.0,0.5549963955831727,0.5633479930333103,0.4858,0.0,0.0,1.0,0.962184
0.6687073497563316,0.0,1.0,0.0,1.0,0.5751473637193699,0.0,1.0,0.0,1.0,0.670401347150629,0.7568542421882611,0.33,0.0,0.0,1.0,0.923452
0.38181488149902915,0.0,1.0,0.0,1.0,0.565727507284758,0.0,1.0,0.0,1.0,0.43494846573843393,0.47207645220325367,0.8936,0.0,0.0,1.0,0.971028
0.8929463013782091,0.0,1.0,0.0,1.0,0.5571801780477208,0.0,1.0,0.0,1.0,0.9074546218860254,0.6464643781379672,0.2132,0.0,0.0,1.0,0.919793
0.21373261869925556,0.0,1.0,0.0,1.0,0.8839603262906451,0.0,1.0,0.0,1.0,0.21286244711765032,0.7387081783429358,0.6932,0.0,0.0,1.0,0.94236
0.12237190663409647,0.0,1.0,0.0,1.0,0.772213434041986,0.0,1.0,0.0,1.0,0.8200324372999914,0.7688772957791976,0.0654,0.0,0.0,1.0,0.866118
0.47130096292300133,0.0,1.0,0.0,1.0,0.3427009946313926,0.0,1.0,0.0,1.0,0.14103556622724706,0.07874709029840556,0.8652,0.0,0.0,1.0,0.965538
0.05405366109423658,0.0,1.0,0.7392694850090687,0.0,0.8810756057844472,0.8106300638989321,0.0,0.9547575072421598,0.0,0.03891665540052246,0.7416728883505006,0.1978,0.0,1.0,0.0,0.949375
0.5046583558309184,0.06666666666666667,0.0,0.7954470541452697,0.0,0.333639949055029,0.5028419158173837,0.0,0.958590270149047,0.0,0.8431464200857534,0.33639950362840726,0.3566,0.0,1.0,0.0,0.94846
0.1989654835801865,0.0,1.0,0.0,1.0,0.21737658546240296,0.0,1.0,0.0,1.0,0.685993404252638,0.12131701150610859,0.8044,0.0,0.0,1.0,0.956389
0.31970169110496444,0.0,1.0,0.0,1.0,0.33935599907318664,0.0,1.0,0.0,1.0,0.8698067504760973,0.8813406408983434,0.1906,0.0,0.0,1.0,0.917353
0.2696304430511022,0.0,1.0,0.0,1.0,0.4551050870488067,0.0,1.0,0.0,1.0,0.6473179283532969,0.19830913459548957,0.813,0.0,0.0,1.0,0.963708
0.1614907433637014,1.0,0.0,0.7613333792853653,0.0,0.02266779860929754,0.7066312917441602,0.0,0.28565026398623355,0.0,0.7222814257238874,0.25533087189704,0.7674,0.0,1.0,0.0,0.924977
0.7736035667687546,0.0,1.0,0.0,1.0,0.9178492657217505,0.0,1.0,0.0,1.0,0.1711258524862394,0.21414275837675634,0.6628,0.0,0.0,1.0,0.967063
0.8661566808742628,0.5333333333333333,0.0,0.7995235203471664,0.0,0.5622509839127497,0.9480904752241727,0.0,0.5946362629267379,0.0,0.20162248612732775,0.21113748783932645,0.1882,0.0,1.0,0.0,0.964318
0.2959666019602594,0.8666666666666667,0.0,0.7338587045163162,0.0,0.7608787421556467,0.5302727449646727,0.0,0.384634693078302,0.0,0.09435103846972993,0.03887257468378302,0.0004,0.0,1.0,0.0,0.959134
0.27006999386455627,0.0,1.0,0.0,1.0,0.38846936939323345,0.0,1.0,0.0,1.0,0.36403502667140447,0.7457585831109982,0.304,0.0,0.0,1.0,0.940226
0.5044094876276088,0.26666666666666666,0.0,0.8867150532863776,0.0,0.8446181382095264,0.3815504046689415,0.0,0.45875273790070964,0.0,0.788247299091881,0.3116851151814007,0.3334,0.0,1.0,0.0,0.94236
0.15745602684333188,0.8666666666666667,0.0,0.7084329424273816,0.0,0.7537807784622524,0.8682478919955823,0.0,0.215321901828902,0.0,0.7997810941316528,0.588138631383085,0.5376,0.0,1.0,0.0,0.961574
0.057487630821258906,0.0,1.0,0.0,1.0,0.6615367845937934,0.0,1.0,0.0,1.0,0.30358203030611747,0.8906725838609361,0.587,0.0,0.0,1.0,0.913998
0.1576586667665473,0.0,1.0,0.0,1.0,0.6634362981189337,0.0,1.0,0.0,1.0,0.35635198697387477,0.29353249974903867,0.6146,0.0,0.0,1.0,0.973468
0.32501579513803786,0.0,1.0,0.0,1.0,0.9741057612913453,0.0,1.0,0.0,1.0,0.741009848521917,0.44739215995693754,0.5474,0.0,0.0,1.0,0.95029
0.5312290159497854,0.0,1.0,0.0,1.0,0.27775698531452814,0.0,1.0,0.0,1.0,0.16691244043613063,0.7049158400594138,0.9632,0.0,0.0,1.0,0.94724
0.6749391216542384,0.26666666666666666,0.0,0.7295728237058137,0.0,0.5057229855736205,0.6891140992711611,0.0,0.14334224472398516,0.0,0.8241291448654489,0.12586702300429892,0.7406,0.0,1.0,0.0,0.968893
0.7719446183902681,0.5333333333333333,0.0,0.6707631061509634,0.0,0.3388515476040183,0.33978475466137587,0.0,0.19998399578039086,0.0,0.6534901675709015,0.6105387901049906,0.6834,0.0,1.0,0.0,0.969503
0.4906781573777872,0.3333333333333333,0.0,0.748620163702804,0.0,0.9306270921650689,0.21521913346279334,0.0,0.1457382072339897,0.0,0.5889494647037256,0.5038191095042964,0.0568,0.0,1.0,0.0,0.954254
0.6285520633055289,0.8,0.0,0.9680163873332196,0.0,0.9685167571818946,0.09971165393382228,0.0,0.18934466945485312,0.0,0.6399036341092387,0.3401920245441199,0.3604,0.0,1.0,0.0,0.920403
0.1714514076109239,0.2,0.0,0.8893522086901348,0.0,0.6043190490242405,0.5225372590192355,0.0,0.7016064398300803,0.0,0.5644982007412902,0.8799897592390467,0.4464,0.0,1.0,0.0,0.860018
0.38268487003172075,0.7333333333333333,0.0,0.9847726669800292,0.0,0.0936810960498754,0.08596356865110702,0.0,0.30484410814427393,0.0,0.9789544842452819,0.1554203564842893,0.582,0.0,1.0,0.0,0.860018
0.3487020091508324,0.0,1.0,0.0,1.0,0.25142316389663094,0.0,1.0,0.0,1.0,0.04347642458751784,0.4930626446051737,0.6036,0.0,0.0,1.0,0.970418
0.5957157980772486,0.0,1.0,0.989521087323082,0.0,0.9256531551964358,0.662122095684812,0.0,0.13323374683986558,0.0,0.7172923303817457,0.7952681876267577,0.7984,0.0,1.0,0.0,0.860018
0.11595625096617439,0.0,1.0,0.0,1.0,0.7932339214604733,0.0,1.0,0.0,1.0,0.06446157046404043,0.052276863467260425,0.2886,0.0,0.0,1.0,0.966758
0.8733860898151512,0.8666666666666667,0.0,0.8892577656037836,0.0,0.5390991430456364,0.826397444436229,0.0,0.763542559468686,0.0,0.4315433891611258,0.5339239172673227,0.059,0.0,1.0,0.0,0.937786
0.14994894288453345,0.7333333333333333,0.0,0.7506606823841872,0.0,0.7575468230311317,0.838648166478387,0.0,0.08294437715248451,0.0,0.4054188029552449,0.9650648265180892,0.3552,0.0,1.0,0.0,0.860018
0.8582103453246728,0.0,1.0,0.0,1.0,0.8004910268955996,0.0,1.0,0.0,1.0,0.8463413222823626,0.8200136676153595,0.1344,0.0,0.0,1.0,0.915218
0.028890474945917805,0.0,1.0,0.0,1.0,0.6391819859004781,0.0,1.0,0.0,1.0,0.13169736830065382,0.600732382301316,0.5654,0.0,0.0,1.0,0.960659
0.42041798183044865,0.6,0.0,0.875118718862657,0.0,0.4891546860947461,0.11160623287105512,0.0,0.03752311367315918,0.0,0.43660159650326114,0.632667451938605,0.9792,0.0,1.0,0.0,0.878317
0.7940001550083923,0.06666666666666667,0.0,0.9267822845828636,0.0,0.07419616673528354,0.0422743205294115,0.0,0.7963424574112727,0.0,0.31692816190840994,0.5762256801329363,0.0492,0.0,1.0,0.0,0.860018
0.09276990368698552,0.0,1.0,0.0,1.0,0.8079620965567749,0.0,1.0,0.0,1.0,0.532854322088984,0.838892164997696,0.223,0.0,0.0,1.0,0.866118
0.7501362590782896,0.3333333333333333,0.0,0.7263519793579534,0.0,0.25701975224914336,0.986329550187827,0.0,0.6820227395656433,0.0,0.8977207155179209,0.14608915644721704,0.7222,0.0,1.0,0.0,0.964623
0.5182001223562055,0.0,1.0,0.0,1.0,0.34690226038183625,0.0,1.0,0.0,1.0,0.1595163702814849,0.8946720952112364,0.3244,0.0,0.0,1.0,0.915218
0.21287524992476653,0.7333333333333333,0.0,0.7843794584069265,0.0,0.9921084846122766,0.16975114171718586,0.0,0.37798924615508783,0.0,0.7177136716611979,0.04411607399855762,0.76,0.0,1.0,0.0,0.958829
0.2149071457415901,0.0,1.0,0.0,1.0,0.5059090739286144,0.0,1.0,0.0,1.0,0.42472542332767677,0.5062765042464902,0.3118,0.0,0.0,1.0,0.968283
0.5963214261882454,1.0,0.0,0.7949196265220857,0.0,0.31507028022317574,0.08449200007923462,0.0,0.06853495677867318,0.0,0.430329199091244,0.20720053848411465,0.8596,0.0,1.0,0.0,0.948155
0.8860024840214145,0.6666666666666666,0.0,0.7865961135475473,0.0,0.979550140663529,0.014005226118994992,0.0,0.8981444921797221,0.0,0.07113411676116858,0.7873999318973871,0.6638,0.0,1.0,0.0,0.925587
0.9049407221830085,0.6666666666666666,0.0,0.7969149442519687,0.0,0.6953031001818365,0.4792617053766465,0.0,0.8424203988199305,0.0,0.34156531547213614,0.955995624403857,0.063,0.0,1.0,0.0,0.906984
0.1846118123013138,0.9333333333333333,0.0,0.9811239848079918,0.0,0.14692056515375554,0.40735592241573043,0.0,0.9905846179784796,0.0,0.1547868937423566,0.8564866384229758,0.1942,0.0,1.0,0.0,0.860018
0.17942602278493489,0.0,1.0,0.0,1.0,0.9285751710485011,0.0,1.0,0.0,1.0,0.17343104534413772,0.3889113804059902,0.0194,0.0,0.0,1.0,0.962794
0.9951606392844625,0.6,0.0,0.8866636986060329,0.0,0.1276470020550786,0.8644269828873001,0.0,0.6944412231827298,0.0,0.5017058349233873,0.12525808069618713,0.2584,0.0,1.0,0.0,0.920708
0.6714723155881555,0.0,1.0,0.0,1.0,0.07573855957564483,0.0,1.0,0.0,1.0,0.42572442848648295,0.8643649413838108,0.449,0.0,0.0,1.0,0.915218
0.42075593114280213,0.3333333333333333,0.0,0.7197939488194074,0.0,0.6091818217541088,0.6248575077916593,0.0,0.9854457019546137,0.0,0.4550300360782079,0.6935213543135156,0.717,0.0,1.0,0.0,0.961574
0.4448761338036178,1.0,0.0,0.8982424630059342,0.0,0.3527780635751914,0.18254427173522972,0.0,0.9949979032384713,0.0,0.3282746478936078,0.6229556032721583,0.4624,0.0,1.0,0.0,0.924367
0.6695145545501842,0.0,1.0,0.0,1.0,0.20375765428607157,0.0,1.0,0.0,1.0,0.8998083964820585,0.23448919396640883,0.694,0.0,0.0,1.0,0.923757
0.42579773739752536,0.8666666666666667,0.0,0.8432656218475145,0.0,0.7189639319342819,0.5431728323771053,0.0,0.5619597853075589,0.0,0.12889427419731775,0.2068840820122428,0.738,0.0,1.0,0.0,0.959744
0.03962960059010897,0.13333333333333333,0.0,0.9676379728858431,0.0,0.3744566978831027,0.9984185109438192,0.0,0.8306370852588784,0.0,0.5937889758823268,0.7203510611298973,0.4662,0.0,1.0,0.0,0.860018
0.27962587903344094,0.0,1.0,0.0,1.0,0.5933746349328346,0.0,1.0,0.0,1.0,0.6877644089038455,0.06405582779198822,0.2374,0.0,0.0,1.0,0.957914
0.4742099230581108,0.26666666666666666,0.0,0.8443252052362982,0.0,0.224363901119619,0.9116844257545529,0.0,0.5834975296692689,0.0,0.1356572249802159,0.2561657129294485,0.2914,0.0,1.0,0.0,0.937176
0.02503578133099495,0.0,1.0,0.0,1.0,0.2596574445544741,0.0,1.0,0.0,1.0,0.6546090914611051,0.5858169165451187,0.9882,0.0,0.0,1.0,0.953644
0.06379787382758928,0.0,1.0,0.6825180258343083,0.0,0.4916698819195834,0.20620156349327928,0.0,0.6067662943765346,0.0,0.46089801478342207,0.6063392235041639,0.9486,0.0,1.0,0.0,0.959134
0.28565774957083906,0.0,1.0,0.0,1.0,0.6363473314571044,0.0,1.0,0.0,1.0,0.16899888515239966,0.8739402484261514,0.1296,0.0,0.0,1.0,0.917658
0.4448050873848376,0.7333333333333333,0.0,0.7413440927857641,0.0,0.7429143517082011,0.12850650611109105,0.0,0.7591720561892443,0.0,0.7476331124505488,0.8714939146120801,0.9626,0.0,1.0,0.0,0.860323
0.2420937456789856,0.0,1.0,0.0,1.0,0.31003549328426555,0.0,1.0,0.0,1.0,0.6415460411901666,0.5226627962862165,0.6912,0.0,0.0,1.0,0.959134
0.6800019337084848,0.26666666666666666,0.0,0.9116059657800799,0.0,0.9828184448625488,0.777602340910888,0.0,0.04964933757697907,0.0,0.8246622794259042,0.6006214782528088,0.9912,0.0,1.0,0.0,0.930772
0.16293565874206448,0.0,1.0,0.0,1.0,0.8395862894575572,0.0,1.0,0.0,1.0,0.3520803648380566,0.9717888445301172,0.8824,0.0,0.0,1.0,0.909729
0.9118081521153936,0.0,1.0,0.0,1.0,0.14877570760888836,0.0,1.0,0.0,1.0,0.9224082335482502,0.3696778108804501,0.7086,0.0,0.0,1.0,0.920708
0.6634977639677853,0.0,1.0,0.0,1.0,0.06255660797597944,0.0,1.0,0.0,1.0,0.1645299279141717,0.49341744467699744,0.6248,0.0,0.0,1.0,0.970723
0.014794885082277047,0.0,1.0,0.0,1.0,0.15725204513632435,0.0,1.0,0.0,1.0,0.688478924072717,0.4151783150394781,0.6716,0.0,0.0,1.0,0.957304
0.27867521052931105,0.0,1.0,0.0,1.0,0.09091184030647675,0.0,1.0,0.0,1.0,0.7156079171451543,0.22439282405065944,0.1126,0.0,0.0,1.0,0.954864
0.3240706197083682,0.4666666666666667,0.0,0.9449672420630689,0.0,0.4778792150088592,0.9303427831806975,0.0,0.8900379608981059,0.0,0.15673603101268604,0.13386911643712154,0.7282,0.0,1.0,0.0,0.923147
0.12148292655344997,0.8,0.0,0.7327171618233391,0.0,0.12215727508891416,0.19041374937054617,0.0,0.9415829783618223,0.0,0.8431771821764292,0.9991663579278318,0.8392,0.0,1.0,0.0,0.139982
0.6444752048272625,0.9333333333333333,0.0,0.9896484642494137,0.0,0.8418642348945357,0.7125966679127163,0.0,0.9947493149343394,0.0,0.8825288993165444,0.6561477133216735,0.86,0.0,1.0,0.0,0.917963
0.7239076955022998,0.6,0.0,0.9262969774497832,0.0,0.4860633865287855,0.18105952013741297,0.0,0.10872613664011911,0.0,0.5746247461784127,0.8493599261193744,0.1996,0.0,1.0,0.0,0.860018
0.2748621805487117,0.0,1.0,0.0,1.0,0.8805364877142061,0.0,1.0,0.0,1.0,0.9087954502443261,0.9126348239463468,0.6426,0.0,0.0,1.0,0.915523
0.2327136740218252,0.8666666666666667,0.0,0.7371553547784827,0.0,0.38191318208534175,0.6139797746527738,0.0,0.7440778882650668,0.0,0.9198049874498436,0.7646519288841203,0.885,0.0,1.0,0.0,0.908509
0.34221838517649145,0.5333333333333333,0.0,0.9499128760585902,0.0,0.30985941604629147,0.03374937438748828,0.0,0.8928277833401432,0.0,0.0915309351873481,0.924458327801539,0.1698,0.0,1.0,0.0,0.860018
0.39257386356263235,0.0,1.0,0.0,1.0,0.36303030541287407,0.0,1.0,0.0,1.0,0.5869844728166481,0.9143965016545279,0.6436,0.0,0.0,1.0,0.915218
0.17554776777671988,0.2,0.0,0.814097518550682,0.0,0.2544655702064561,0.3841968132475501,0.0,0.3973459004482282,0.0,0.07168424235013905,0.24463826518179996,0.7812,0.0,1.0,0.0,0.943275
0.2711699395344609,0.0,1.0,0.0,1.0,0.5414716762618489,0.0,1.0,0.0,1.0,0.043420212461371864,0.9891702194181734,0.5166,0.0,0.0,1.0,0.909729
0.002319269879621973,0.3333333333333333,0.0,0.7884071692712032,0.0,0.4554908412605815,0.693837144459115,0.0,0.03177646320538362,0.0,0.6958073201965431,0.8393672563018973,0.0258,0.0,1.0,0.0,0.860018
0.3969372569000508,0.0,1.0,0.0,1.0,0.9766011174273956,0.0,1.0,0.0,1.0,0.9746935075915901,0.9803573760538261,0.835,0.0,0.0,1.0,0.908204
0.0165003973478597,0.13333333333333333,0.0,0.665463652616681,0.0,0.086913903425487,0.915966113273845,0.0,0.43257807124066744,0.0,0.985490648529683,0.26661258727787984,0.0322,0.0,1.0,0.0,0.881671
0.20039661278676077,0.8,0.0,0.8960589647178752,0.0,0.9645076368428717,0.9801013179539201,0.0,0.515724953120577,0.0,0.25706176945760356,0.7797499851476072,0.2252,0.0,1.0,0.0,0.930162
0.46201362124928724,0.0,1.0,0.0,1.0,0.9686112825604543,0.0,1.0,0.0,1.0,0.38411179254316746,0.3720780242436146,0.1054,0.0,0.0,1.0,0.973163
0.5058307239865208,1.0,0.0,0.693486568713512,0.0,0.027543378844579962,0.3780181840143689,0.0,0.6294959482461551,0.0,0.11368689426700941,0.1913818920766118,0.6394,0.0,1.0,0.0,0.963708
0.6858511720912711,0.0,1.0,0.0,1.0,0.6684378548364533,0.0,1.0,0.0,1.0,0.50229448293471,0.044983273896573944,0.406,0.0,0.0,1.0,0.970113
0.8764919261866687,1.0,0.0,0.8458748811587816,0.0,0.08004280133915215,0.9812844339364623,0.0,0.5085930062246237,0.0,0.855418944924313,0.09975039735460367,0.5474,0.0,1.0,0.0,0.928637
0.5599445740472054,0.5333333333333333,0.0,0.7311801236658937,0.0,0.6111066280418234,0.23244551935942195,0.0,0.860994222079365,0.0,0.7785194040508479,0.8162337558849212,0.1212,0.0,1.0,0.0,0.873742
0.11730048981131902,0.0,1.0,0.0,1.0,0.6911933447863624,0.0,1.0,0.0,1.0,0.4722460960046813,0.8481085185526406,0.0266,0.0,0.0,1.0,0.860018
0.2652888051039925,0.0,1.0,0.0,1.0,0.511933673157995,0.0,1.0,0.0,1.0,0.5876107420872527,0.3958253835960382,0.656,0.0,0.0,1.0,0.967673
0.38829774443542914,0.13333333333333333,0.0,0.9931508396294817,0.0,0.759081002732089,0.3860154081723594,0.0,0.5554656963115064,0.0,0.7893584423655119,0.17287641555914593,0.307,0.0,1.0,0.0,0.915828
0.5164004356780134,0.0,1.0,0.0,1.0,0.7795035096180822,0.0,1.0,0.0,1.0,0.266622660628143,0.35107248913887323,0.8738,0.0,0.0,1.0,0.971943
0.2687027044228038,0.3333333333333333,0.0,0.7849651767500687,0.0,0.10676676992967606,0.8407662430388354,0.0,0.2606779105873491,0.0,0.4402665080806624,0.5613865925894861,0.4656,0.0,1.0,0.0,0.943275
0.7150316718536174,0.0,1.0,0.0,1.0,0.3520676381930918,0.0,1.0,0.0,1.0,0.13789549517795702,0.2569717087748823,0.1936,0.0,0.0,1.0,0.967978
0.41440023718969266,0.13333333333333333,0.0,0.7718608302357648,0.0,0.5611534990271739,0.2377391714718843,0.0,0.747745725267864,0.0,0.3209683670235648,0.4801204610037025,0.9612,0.0,1.0,0.0,0.962489
0.13954452173981852,0.0,1.0,0.0,1.0,0.9241445639627365,0.0,1.0,0.0,1.0,0.8004914062200744,0.4991793224750404,0.944,0.0,0.0,1.0,0.943275
0.3693083892990183,0.0,1.0,0.0,1.0,0.6784745682401582,0.0,1.0,0.0,1.0,0.1687972575106391,0.8965130008373304,0.7304,0.0,0.0,1.0,0.915218
0.8902155640150086,0.0,1.0,0.0,1.0,0.517511886840521,0.0,1.0,0.0,1.0,0.763222894932314,0.6568463156358818,0.3234,0.0,0.0,1.0,0.936261
0.48147770359697895,0.2,0.0,0.6619522594569013,0.0,0.006406458754337751,0.8235784515863244,0.0,0.8195450737780509,0.0,0.3302212587633446,0.9034832999648885,0.2514,0.0,1.0,0.0,0.139982
0.821682103535196,0.8,0.0,0.7385907254892758,0.0,0.30230592976413,0.06107625766050629,0.0,0.5080293078090014,0.0,0.5692948640610112,0.09418263391591901,0.9806,0.0,1.0,0.0,0.963403
0.2713336863051426,0.13333333333333333,0.0,0.7251613917345064,0.0,0.8905093736110166,0.31285505303255146,0.0,0.030770065216584885,0.0,0.953333478612094,0.1149856986570874,0.5234,0.0,1.0,0.0,0.860018
0.6572384395366843,0.0,1.0,0.0,1.0,0.6525411691505788,0.0,1.0,0.0,1.0,0.2873810470092784,0.6500846692653808,0.165,0.0,0.0,1.0,0.958524
0.033033751231838375,0.0,1.0,0.0,1.0,0.34898174350338435,0.0,1.0,0.0,1.0,0.8494656502913163,0.046798545920774065,0.0834,0.0,0.0,1.0,0.896005
0.8675638370401101,0.6666666666666666,0.0,0.7297013408055638,0.0,0.8167103205713205,0.6630902383993392,0.0,0.3197462943056454,0.0,0.5042806206916773,0.360714380289442,0.6012,0.0,1.0,0.0,0.972553
0.1548267909623042,0.26666666666666666,0.0,0.7391021570157645,0.0,0.5507312856711559,0.19285208319034483,0.0,0.7733903269514953,0.0,0.5961469455164927,0.6186096526340377,0.459,0.0,1.0,0.0,0.954254
0.39322252198030383,0.6,0.0,0.8271045361184146,0.0,0.5700469175343911,0.5673148408015266,0.0,0.34197388529782297,0.0,0.7222520699355226,0.9463815458435587,0.9064,0.0,1.0,0.0,0.860018
0.7752837317968033,0.0,1.0,0.0,1.0,0.07075969691204895,0.0,1.0,0.0,1.0,0.8389604652607847,0.8167470549674084,0.2132,0.0,0.0,1.0,0.915218
0.417373375758182,0.0,1.0,0.0,1.0,0.750917149383725,0.0,1.0,0.0,1.0,0.38281140472619274,0.002951231924872286,0.353,0.0,0.0,1.0,0.973163
0.24210299355038573,0.0,1.0,0.0,1.0,0.05140814018938325,0.0,1.0,0.0,1.0,0.368908175616442,0.06120515931050168,0.8022,0.0,0.0,1.0,0.974077
0.36689238232084587,0.0,1.0,0.0,1.0,0.29815381991146134,0.0,1.0,0.0,1.0,0.18518541298249078,0.2667991432802994,0.4262,0.0,0.0,1.0,0.970723
0.5660633318916007,0.0,1.0,0.0,1.0,0.05344680675093547,0.0,1.0,0.0,1.0,0.7984441975603942,0.21719837531159011,0.5718,0.0,0.0,1.0,0.94602
0.7433433003187502,0.8,0.0,0.7970105209045442,0.0,0.8854248000152831,0.5698867011018959,0.0,0.9506679236943766,0.0,0.7419031307485012,0.7156736387361909,0.8082,0.0,1.0,0.0,0.957609
0.6255652355848479,0.0,1.0,0.0,1.0,0.42690061590987566,0.0,1.0,0.0,1.0,0.11050952698448031,0.5923483172327357,0.2468,0.0,0.0,1.0,0.963099
0.30339274324819104,0.0,1.0,0.0,1.0,0.9866661632981291,0.0,1.0,0.0,1.0,0.819879652290464,0.03380841249504311,0.8092,0.0,0.0,1.0,0.939311
0.48763462990269496,0.0,1.0,0.0,1.0,0.3830174155571976,0.0,1.0,0.0,1.0,0.9047087427844632,0.6760844069004719,0.208,0.0,0.0,1.0,0.919793
0.9487845759587368,0.0,1.0,0.0,1.0,0.25177990039815923,0.0,1.0,0.0,1.0,0.28322065196097695,0.21558002007598145,0.0326,0.0,0.0,1.0,0.969503
0.1346515972072078,0.7333333333333333,0.0,0.9163254765318423,0.0,0.9462215346003288,0.10986305377697995,0.0,0.6961847788832819,0.0,0.6502974817125042,0.48523554931236595,0.734,0.0,1.0,0.0,0.918268
0.8455524224501931,0.0,1.0,0.0,1.0,0.44172125483412633,0.0,1.0,0.0,1.0,0.7743330652133757,0.73031091030143,0.6872,0.0,0.0,1.0,0.922842
0.25857496132719526,0.0,1.0,0.7730831998554479,0.0,0.6763698039979524,0.906374214705354,0.0,0.7108176514246755,0.0,0.6403358570751051,0.8637824856606324,0.9962,0.0,1.0,0.0,0.892955
0.9060381628884256,0.26666666666666666,0.0,0.8936335298409852,0.0,0.17375085750691321,0.8690543507259894,0.0,0.0455437480400425,0.0,0.32087408686798663,0.5834505857883827,0.0074,0.0,1.0,0.0,0.876487
0.7719032000409644,0.6666666666666666,0.0,0.7762614894547095,0.0,0.8662597111740958,0.571395958380042,0.0,0.48887047803282485,0.0,0.9408268101156568,0.5848044268945406,0.817,0.0,1.0,0.0,0.967673
0.7239425012712084,0.0,1.0,0.0,1.0,0.669145838210104,0.0,1.0,0.0,1.0,0.9169744385968512,0.03985918119132417,0.2582,0.0,0.0,1.0,0.921013
0.5005795010138,0.0,1.0,0.0,1.0,0.7125559837131206,0.0,1.0,0.0,1.0,0.14537184460527253,0.14010711393406394,0.7068,0.0,0.0,1.0,0.966148
0.07391767753104414,0.6666666666666666,0.0,0.7495225840803319,0.0,0.4441883758295729,0.8822925079315658,0.0,0.14197382415542895,0.0,0.32102071892249257,0.2918676795475938,0.242,0.0,1.0,0.0,0.961879
0.9857005881677923,0.0,1.0,0.0,1.0,0.1429694329690421,0.0,1.0,0.0,1.0,0.5364471404170071,0.18285504324671395,0.1246,0.0,0.0,1.0,0.970113
0.5913103352420276,0.13333333333333333,0.0,0.9647050390138532,0.0,0.02429178289158842,0.6351203895273445,0.0,0.7409738619042217,0.0,0.5360676652197384,0.7037572767806419,0.5598,0.0,1.0,0.0,0.860018
0.45163752393655,0.0,1.0,0.0,1.0,0.7144094548546913,0.0,1.0,0.0,1.0,0.630330970113234,0.6859285293232469,0.8052,0.0,0.0,1.0,0.946325
0.32058078875097284,0.7333333333333333,0.0,0.8497391866026589,0.0,0.8041473291694218,0.9235996489951525,0.0,0.002670556588321193,0.0,0.837615385767364,0.5983173529265822,0.2954,0.0,1.0,0.0,0.860018
0.9706410427596036,0.0,1.0,0.0,1.0,0.4093318364194079,0.0,1.0,0.0,1.0,0.5615129903232393,0.6212061043396175,0.911,0.0,0.0,1.0,0.955779
0.872426980873748,0.13333333333333333,0.0,0.8281853940985922,0.0,0.8202349178413667,0.28090436549865455,0.0,0.10988475590717671,0.0,0.8939877217227304,0.4416655014555908,0.751,0.0,1.0,0.0,0.951815
0.9729730199808758,0.7333333333333333,0.0,0.7748260298095828,0.0,0.2868318733627027,0.511284466824758,0.0,0.9948311491162556,0.0,0.9902636481642141,0.3926192170875769,0.7246,0.0,1.0,0.0,0.961269
0.05723297643760327,0.7333333333333333,0.0,0.8349540545339083,0.0,0.34418279828041154,0.7987105848546583,0.0,0.7317686499943775,0.0,0.7198989206755857,0.7235840873816912,0.766,0.0,1.0,0.0,0.925892
0.2212555610244429,0.0,1.0,0.0,1.0,0.8341446913392756,0.0,1.0,0.0,1.0,0.242816371009628,0.04241666604266466,0.5214,0.0,0.0,1.0,0.971333
0.24094816741341468,0.0,1.0,0.0,1.0,0.6736923517529869,0.0,1.0,0.0,1.0,0.21976247618272127,0.09572171736688741,0.967,0.0,0.0,1.0,0.970723
0.7760079132627545,0.9333333333333333,0.0,0.9810100196835428,0.0,0.0988999302829414,0.24959764592913683,0.0,0.03774568456137225,0.0,0.03723948597182144,0.34875211574529175,0.7328,0.0,1.0,0.0,0.860018
0.05673718265226144,0.0,1.0,0.0,1.0,0.09025233201131375,0.0,1.0,0.0,1.0,0.10017001893086569,0.5672743838863454,0.1366,0.0,0.0,1.0,0.957914
0.5887365853562314,0.0,1.0,0.0,1.0,0.1309392986145761,0.0,1.0,0.0,1.0,0.343816951004273,0.616256625239632,0.9996,0.0,0.0,1.0,0.962794
0.9790597193290617,0.0,1.0,0.0,1.0,0.31460779180996185,0.0,1.0,0.0,1.0,0.6729756457532587,0.8772516919956562,0.6848,0.0,0.0,1.0,0.915218
0.4873022373131112,0.0,1.0,0.0,1.0,0.12535835327271172,0.0,1.0,0.0,1.0,0.9604965067167802,0.08936687152718896,0.4604,0.0,0.0,1.0,0.919183
0.3860404241470956,0.0,1.0,0.0,1.0,0.6709014536864185,0.0,1.0,0.0,1.0,0.4817728277372739,0.484206050066926,0.815,0.0,0.0,1.0,0.969198
0.11884238753306449,0.0,1.0,0.0,1.0,0.0440119362020156,0.0,1.0,0.0,1.0,0.05601048467065143,0.9097001762361198,0.5666,0.0,0.0,1.0,0.915523
0.8439795443788646,0.6,0.0,0.9313313764852013,0.0,0.3522372415940206,0.05385477444831355,0.0,0.2555435269239058,0.0,0.9314131190067994,0.18260849837394058,0.1614,0.0,1.0,0.0,0.860018
0.7177361724591402,0.0,1.0,0.0,1.0,0.14417917294097873,0.0,1.0,0.0,1.0,0.4210923756654081,0.9747835139722738,0.825,0.0,0.0,1.0,0.908509
0.4846126415159918,0.6666666666666666,0.0,0.8519830099543952,0.0,0.7026215487388306,0.20208457054687604,0.0,0.567872093246076,0.0,0.4380847521799911,0.9862818907352108,0.6256,0.0,1.0,0.0,0.866423
0.3316779554639309,0.0,1.0,0.0,1.0,0.025545299962941515,0.0,1.0,0.0,1.0,0.5206869561400095,0.6858791950444489,0.9464,0.0,0.0,1.0,0.948765
0.5062837059285955,0.0,1.0,0.0,1.0,0.46950717019526733,0.0,1.0,0.0,1.0,0.7780179357587592,0.6189122107647622,0.982,0.0,0.0,1.0,0.936261
0.707055124624292,0.0,1.0,0.0,1.0,0.6986675212094311,0.0,1.0,0.0,1.0,0.2240366398460499,0.8867262070135877,0.3738,0.0,0.0,1.0,0.915523
0.7540976492400253,0.0,1.0,0.0,1.0,0.8692235883317627,0.0,1.0,0.0,1.0,0.20160537841850357,0.4219033402894693,0.216,0.0,0.0,1.0,0.972248
0.3410686474081297,0.0,1.0,0.0,1.0,0.31627824480281375,0.0,1.0,0.0,1.0,0.9598674445041964,0.06953438004944158,0.7886,0.0,0.0,1.0,0.919183
0.11047875644928783,0.9333333333333333,0.0,0.9233859697431013,0.0,0.7457986994402251,0.39657725417877626,0.0,0.17553929076648545,0.0,0.4596597994539751,0.9218996147924643,0.4226,0.0,1.0,0.0,0.860018
0.1336222372528943,0.0,1.0,0.0,1.0,0.9037706986346397,0.0,1.0,0.0,1.0,0.946629066852842,0.1865788669782636,0.5406,0.0,0.0,1.0,0.923452
0.21887662321309745,1.0,0.0,0.769119968453975,0.0,0.9240416179858172,0.1254102811105829,0.0,0.06352042827359103,0.0,0.5766306540424965,0.03494813393247668,0.223,0.0,1.0,0.0,0.89265
0.6003741843770872,0.06666666666666667,0.0,0.9233135923780267,0.0,0.1761792379289522,0.05694971185749205,0.0,0.4554279339445709,0.0,0.6675335419722132,0.8546426128625716,0.034,0.0,1.0,0.0,0.860018
0.7111419252603597,0.0,1.0,0.0,1.0,0.28836727779329807,0.0,1.0,0.0,1.0,0.53667572539219,0.4696753583953152,0.7552,0.0,0.0,1.0,0.969198
0.513722890209551,0.0,1.0,0.0,1.0,0.5859045797482818,0.0,1.0,0.0,1.0,0.976186853147601,0.48381875843310423,0.742,0.0,0.0,1.0,0.918268
0.6050737924041474,0.26666666666666666,0.0,0.6814927794537269,0.0,0.01297178519968688,0.4243364591630774,0.0,0.5177924005264589,0.0,0.8870839677187938,0.20434294112673793,0.856,0.0,1.0,0.0,0.954254
0.389261667311688,0.5333333333333333,0.0,0.7964850703400979,0.0,0.8629105168422084,0.2258625773681876,0.0,0.7354630213061454,0.0,0.7816522927279222,0.6082025982613365,0.3288,0.0,1.0,0.0,0.959134
0.9650640234556721,0.8,0.0,0.6771623048691052,0.0,0.8122532488476459,0.9561978031095789,0.0,0.6553676732022066,0.0,0.9469924757766117,0.6508670626860724,0.6512,0.0,1.0,0.0,0.976212
0.9097170603657695,0.3333333333333333,0.0,0.6576248839438072,0.0,0.015373008988286014,0.2667860823415,0.0,0.1716522375579447,0.0,0.38632731276281695,0.9670130209885209,0.8214,0.0,1.0,0.0,0.139982
0.7327705332519466,0.0,1.0,0.0,1.0,0.9642933322071781,0.0,1.0,0.0,1.0,0.8467959348875147,0.10435516391296237,0.7754,0.0,0.0,1.0,0.935956
0.9210348248948887,0.0,1.0,0.0,1.0,0.7296959853572484,0.0,1.0,0.0,1.0,0.2782459649516722,0.17684131450090398,0.9758,0.0,0.0,1.0,0.968588
0.9183007087646631,0.0,1.0,0.0,1.0,0.7877722917946199,0.0,1.0,0.0,1.0,0.2942612815673991,0.0018305529565140618,0.892,0.0,0.0,1.0,0.969808
0.7204358214231805,0.0,1.0,0.0,1.0,0.9546600782750239,0.0,1.0,0.0,1.0,0.47710741716909466,0.5446621833400934,0.4836,0.0,0.0,1.0,0.965538
0.5349122643391145,0.4666666666666667,0.0,0.8130556880907663,0.0,0.9985951750326719,0.42907656668242544,0.0,0.8558097878014623,0.0,0.013278189319847542,0.6795426402800647,0.5704,0.0,1.0,0.0,0.957304
0.010169115906167363,0.0,1.0,0.0,1.0,0.6938282986800439,0.0,1.0,0.0,1.0,0.4871539684665351,0.43468300119136244,0.4388,0.0,0.0,1.0,0.970723
0.17335183259867776,0.5333333333333333,0.0,0.7564045793531392,0.0,0.29278943191617507,0.9511728172892363,0.0,0.9655036662808522,0.0,0.15502954229623286,0.7737437833319459,0.7566,0.0,1.0,0.0,0.900884
0.792857353853915,0.8,0.0,0.9881476429635492,0.0,0.6561880829170857,0.33606145149530214,0.0,0.21306448621476667,0.0,0.8390458635833948,0.23140035640575338,0.8422,0.0,1.0,0.0,0.863983
0.693827305946778,0.8666666666666667,0.0,0.7637354358448337,0.0,0.800132138502187,0.944964103123748,0.0,0.6692825198269519,0.0,0.5634270425040843,0.05547207104676315,0.1068,0.0,1.0,0.0,0.974077
0.6160425918400289,0.0,1.0,0.0,1.0,0.14851883337338062,0.0,1.0,0.0,1.0,0.10784351839508256,0.7013532075420322,0.3812,0.0,0.0,1.0,0.947545
0.6597853951280307,0.0,1.0,0.0,1.0,0.18636585544631526,0.0,1.0,0.0,1.0,0.6218922805961627,0.9979787179441583,0.3362,0.0,0.0,1.0,0.909729
0.13266401986192916,0.0,1.0,0.0,1.0,0.6478852064561009,0.0,1.0,0.0,1.0,0.8850916637084093,0.9182434397716221,0.9162,0.0,0.0,1.0,0.915523
0.773159136668213,0.0,1.0,0.0,1.0,0.2645489211285142,0.0,1.0,0.0,1.0,0.8767338070834267,0.012906543008977684,0.782,0.0,0.0,1.0,0.927417
0.707168254456625,1.0,0.0,0.7189684602808947,0.0,0.8667716078818402,0.01628337216839561,0.0,0.734236398704484,0.0,0.7923437677553259,0.0877963293829645,0.9964,0.0,1.0,0.0,0.964623
0.09662934421642057,0.0,1.0,0.0,1.0,0.630411084363528,0.0,1.0,0.0,1.0,0.6669973057339063,0.9721310188848894,0.868,0.0,0.0,1.0,0.911558
0.8509586957387493,0.0,1.0,0.0,1.0,0.9045007785990501,0.0,1.0,0.0,1.0,0.4925910410430356,0.35572722814927804,0.0694,0.0,0.0,1.0,0.970723
0.89776553771848,0.26666666666666666,0.0,0.7601311552573932,0.0,0.27549276779289916,0.6318265970255166,0.0,0.15209217467304398,0.0,0.7570409749744039,0.08482123374084427,0.7206,0.0,1.0,0.0,0.962489
0.7991595218545348,0.0,1.0,0.0,1.0,0.6000913160746645,0.0,1.0,0.0,1.0,0.022867957163726655,0.7026582668825592,0.7394,0.0,0.0,1.0,0.947545
0.6571701466268369,0.6,0.0,0.9012556641005177,0.0,0.0022736032348829012,0.23962817901540628,0.0,0.8952706923122821,0.0,0.263934539640857,0.4102591552648085,0.1086,0.0,1.0,0.0,0.860018
0.6821048825662379,0.4666666666666667,0.0,0.8406535647078519,0.0,0.2912402944477866,0.10884446914824328,0.0,0.4718160509545179,0.0,0.28322480573800757,0.28418071857129784,0.4224,0.0,1.0,0.0,0.937481
0.7417460312948982,0.9333333333333333,0.0,0.8134261937147942,0.0,0.05693672018987198,0.8047731581027866,0.0,0.9303586736925425,0.0,0.7722143786218444,0.05009857581942809,0.7308,0.0,1.0,0.0,0.932906
0.5763035708889694,0.6,0.0,0.935529882318211,0.0,0.32812786891025975,0.10312453792308354,0.0,0.8056846497050725,0.0,0.0011386461782951858,0.17355452771040078,0.7424,0.0,1.0,0.0,0.918573
0.5908845329828448,0.2,0.0,0.9822239118818877,0.0,0.10530988254364572,0.30969606854884807,0.0,0.5308714716004567,0.0,0.8688345360541807,0.2357433091279283,0.0122,0.0,1.0,0.0,0.860018
0.6205057671395122,0.0,1.0,0.0,1.0,0.19824591245540232,0.0,1.0,0.0,1.0,0.04312872912356231,0.5244838359731536,0.6004,0.0,0.0,1.0,0.969808
0.6577147842544743,0.8,0.0,0.9639932997715547,0.0,0.9464803397641425,0.49155709845578127,0.0,0.018118696832233796,0.0,0.1382394435654462,0.621813424410667,0.8856,0.0,1.0,0.0,0.923757
0.04429727966686861,1.0,0.0,0.9609754026565875,0.0,0.766147697401384,0.5993149883739295,0.0,0.24201732473373844,0.0,0.46083859559425683,0.2878523804059102,0.7862,0.0,1.0,0.0,0.914303
0.5851983067675425,0.0,1.0,0.0,1.0,0.3606670079620284,0.0,1.0,0.0,1.0,0.3743616687632652,0.889582202645899,0.5948,0.0,0.0,1.0,0.915523
0.8702982980709111,0.0,1.0,0.0,1.0,0.8646314610606831,0.0,1.0,0.0,1.0,0.26272081796976837,0.8050934229842244,0.1332,0.0,0.0,1.0,0.917963
0.5937787482806263,0.0,1.0,0.0,1.0,0.11670255070953887,0.0,1.0,0.0,1.0,0.24903132404576706,0.17618350461526347,0.7028,0.0,0.0,1.0,0.968588
0.8731073773535453,0.26666666666666666,0.0,0.7970010081307153,0.0,0.10312068693034587,0.15125652702426312,0.0,0.4894113283785702,0.0,0.016399635943359983,0.1541080803949855,0.8492,0.0,1.0,0.0,0.945105
0.7133704392798045,0.0,1.0,0.0,1.0,0.6580137862245887,0.0,1.0,0.0,1.0,0.411519412916083,0.6638749018067962,0.1142,0.0,0.0,1.0,0.954864
0.16147682490345136,0.3333333333333333,0.0,0.7820676861872716,0.0,0.8674922085319849,0.6894433943505902,0.0,0.7747924983079553,0.0,0.29718668268522996,0.013619321308020285,0.4414,0.0,1.0,0.0,0.971028
0.8092532298337253,1.0,0.0,0.9291107583630227,0.0,0.14289355072306845,0.12256134535924267,0.0,0.8972571048578,0.0,0.9385790938870701,0.171061366752695,0.1774,0.0,1.0,0.0,0.860018
0.1682842613156043,0.5333333333333333,0.0,0.8455349977048432,0.0,0.8010731874603132,0.7957027933962094,0.0,0.22535397823955755,0.0,0.3435189577329811,0.9306437549051335,0.8872,0.0,1.0,0.0,0.860018
0.07711441442412549,0.0,1.0,0.0,1.0,0.23330536302305085,0.0,1.0,0.0,1.0,0.630432576040791,0.9740449712099516,0.764,0.0,0.0,1.0,0.909729
0.25987211798866594,0.0,1.0,0.0,1.0,0.12468479015717829,0.0,1.0,0.0,1.0,0.636511166096702,0.45428302885500815,0.2848,0.0,0.0,1.0,0.960659
0.8280977284890272,0.0,1.0,0.0,1.0,0.8475782312785853,0.0,1.0,0.0,1.0,0.2940458769493534,0.533028981463837,0.134,0.0,0.0,1.0,0.968893
0.005903310675850322,0.0,1.0,0.0,1.0,0.8516975102276064,0.0,1.0,0.0,1.0,0.1297973648988252,0.010539390789850984,0.9878,0.0,0.0,1.0,0.968588
0.46250830554881417,0.0,1.0,0.0,1.0,0.204686985422188,0.0,1.0,0.0,1.0,0.16519729668920108,0.8318744515652268,0.349,0.0,0.0,1.0,0.915218
0.4634358775536306,0.9333333333333333,0.0,0.6859940708338849,0.0,0.8138609991755955,0.3245964686736744,0.0,0.3165951864385358,0.0,0.8863194221626495,0.654095262142572,0.821,0.0,1.0,0.0,0.965538
0.3769851916324967,0.9333333333333333,0.0,0.9355081612600055,0.0,0.11947897251835138,0.1598714108384417,0.0,0.2800183009104806,0.0,0.4558138810971607,0.020129384526400985,0.029,0.0,1.0,0.0,0.860018
0.47744559419761057,0.0,1.0,0.0,1.0,0.9797493541154249,0.0,1.0,0.0,1.0,0.693264055846954,0.22347648062666697,0.9598,0.0,0.0,1.0,0.957609
0.13114693326636456,0.0,1.0,0.0,1.0,0.7896679583648015,0.0,1.0,0.0,1.0,0.031019135492324497,0.5749335087876232,0.6936,0.0,0.0,1.0,0.964318
0.20954851541266317,0.0,1.0,0.0,1.0,0.8630936155529905,0.0,1.0,0.0,1.0,0.3776131799215235,0.4351050996088092,0.4136,0.0,0.0,1.0,0.971028
0.9986232513417748,0.26666666666666666,0.0,0.7751057442933164,0.0,0.49385883701088323,0.7554050606029717,0.0,0.35343217185151143,0.0,0.1789169975406454,0.844863545965109,0.4252,0.0,1.0,0.0,0.915828
0.08036408609088036,0.0,1.0,0.0,1.0,0.2773213466538301,0.0,1.0,0.0,1.0,0.8356104536362281,0.31888328140701283,0.479,0.0,0.0,1.0,0.938701
0.39170261371786697,0.0,1.0,0.0,1.0,0.10985596300722641,0.0,1.0,0.0,1.0,0.2106651071556091,0.5363468467051051,0.5522,0.0,0.0,1.0,0.968588
0.5669045684608754,0.0,1.0,0.0,1.0,0.9441238614495927,0.0,1.0,0.0,1.0,0.8223795247231653,0.37783720664454123,0.6378,0.0,0.0,1.0,0.937481
0.29573526872748757,0.0,1.0,0.0,1.0,0.10069992963537074,0.0,1.0,0.0,1.0,0.3251775705414377,0.7445850392303173,0.5496,0.0,0.0,1.0,0.938396
0.1532834677218567,0.0,1.0,0.7095341050333169,0.0,0.8183251303247272,0.16640625838305903,0.0,0.47323174185828665,0.0,0.5449376293154323,0.9556732952469646,0.2286,0.0,1.0,0.0,0.860628
0.703554206965116,0.6,0.0,0.8680119655525842,0.0,0.6703629070014491,0.9406381010416806,0.0,0.5136607281470509,0.0,0.2616437383028829,0.9332452481392512,0.9682,0.0,1.0,0.0,0.866118
0.3538878322964231,0.6666666666666666,0.0,0.8305648001383086,0.0,0.6967726434955265,0.8334456003926902,0.0,0.12057239147639319,0.0,0.571112918035097,0.9611996338480422,0.2962,0.0,1.0,0.0,0.860018
0.5120855060946667,0.0,1.0,0.0,1.0,0.33017210612895864,0.0,1.0,0.0,1.0,0.8480472868796943,0.5302649469761493,0.1414,0.0,0.0,1.0,0.933516
0.8109542934741282,0.9333333333333333,0.0,0.9709735715226145,0.0,0.7595186316948686,0.11063080374006203,0.0,0.12252559853289163,0.0,0.8742482520995661,0.03074324796989282,0.0986,0.0,1.0,0.0,0.875267
0.6598537237418567,0.6666666666666666,0.0,0.8134247659070168,0.0,0.32989986502906615,0.3975926850236867,0.0,0.8509660239964381,0.0,0.07898927240439309,0.7951308922697735,0.8094,0.0,1.0,0.0,0.863373
0.35391864282354585,0.0,1.0,0.0,1.0,0.5597914769636716,0.0,1.0,0.0,1.0,0.1426780007717565,0.11820255753075025,0.1406,0.0,0.0,1.0,0.969503
0.2499897533087796,0.0,1.0,0.0,1.0,0.732320598434828,0.0,1.0,0.0,1.0,0.3853128494808409,0.9546361609533323,0.7412,0.0,0.0,1.0,0.911253
0.46053404413018356,0.0,1.0,0.0,1.0,0.5439504817834232,0.0,1.0,0.0,1.0,0.4019412340521539,0.9632399993590278,0.1724,0.0,0.0,1.0,0.908814
0.3253802780961219,0.0,1.0,0.0,1.0,0.6231861502010474,0.0,1.0,0.0,1.0,0.14584578495643807,0.5933130657605258,0.0434,0.0,0.0,1.0,0.960049
0.1291964676472627,0.0,1.0,0.0,1.0,0.21214484639749936,0.0,1.0,0.0,1.0,0.9202397763609971,0.6916643043361702,0.938,0.0,0.0,1.0,0.919183
0.6300671760016306,0.2,0.0,0.7488051111384697,0.0,0.8844679112981148,0.40330235463491204,0.0,0.3040780519199268,0.0,0.8395985804157139,0.3928517011706442,0.3112,0.0,1.0,0.0,0.966758
0.7055223832381682,0.0,1.0,0.0,1.0,0.9269779943749864,0.0,1.0,0.0,1.0,0.6253099401821631,0.9177893636709007,0.9974,0.0,0.0,1.0,0.915218
0.3341024777559222,0.0,1.0,0.0,1.0,0.7966628892325776,0.0,1.0,0.0,1.0,0.6959694599970903,0.12033995990462525,0.2114,0.0,0.0,1.0,0.956389
0.5161198887348096,0.7333333333333333,0.0,0.987998467515077,0.0,0.9011631242006847,0.04740510141938372,0.0,0.5343250650483653,0.0,0.2897077768897968,0.7780600807295267,0.8394,0.0,1.0,0.0,0.860018
0.050632362688138685,0.2,0.0,0.9637015792414063,0.0,0.060751480824913155,0.9003751516084942,0.0,0.4044850151606604,0.0,0.0598504810348571,0.2263954204326766,0.0332,0.0,1.0,0.0,0.860018
0.6471520812360176,0.0,1.0,0.0,1.0,0.6435315813117639,0.0,1.0,0.0,1.0,0.23964732971915179,0.6767379697059508,0.5502,0.0,0.0,1.0,0.954254
0.5210094913018677,0.5333333333333333,0.0,0.6850139282203147,0.0,0.7402647543788394,0.36922104362665037,0.0,0.9502434662548879,0.0,0.8311661646084214,0.4008114461533933,0.1522,0.0,1.0,0.0,0.971028
0.5323232595016901,0.0,1.0,0.0,1.0,0.671933281421468,0.0,1.0,0.0,1.0,0.6566293233010042,0.5401963870360555,0.0552,0.0,0.0,1.0,0.955779
0.023869898374277353,0.13333333333333333,0.0,0.9593256705770938,0.0,0.8458022908783956,0.2031034171177898,0.0,0.6721155533639064,0.0,0.9207977525180857,0.9577508655892362,0.9176,0.0,1.0,0.0,0.860018
0.17403374640081198,0.0,1.0,0.0,1.0,0.5743259452346814,0.0,1.0,0.0,1.0,0.22373785343962818,0.13889403541339326,0.2298,0.0,0.0,1.0,0.968893
0.6801702033336315,0.7333333333333333,0.0,0.8616948536592943,0.0,0.8823724722311969,0.5653260286313627,0.0,0.8146935854487604,0.0,0.5485725486896039,0.22473289147953127,0.882,0.0,1.0,0.0,0.959439
0.6764961755952529,0.3333333333333333,0.0,0.9776987601655137,0.0,0.9777398910691094,0.14071049161488408,0.0,0.42219660120480595,0.0,0.6871981453335669,0.6238860730587158,0.1304,0.0,1.0,0.0,0.921317
0.036952547574062244,0.0,1.0,0.0,1.0,0.5513197722205723,0.0,1.0,0.0,1.0,0.11846901439059454,0.26437951844746627,0.5172,0.0,0.0,1.0,0.967673
0.4751137202693349,0.0,1.0,0.0,1.0,0.024808044153908724,0.0,1.0,0.0,1.0,0.5475912848934027,0.4214073225183894,0.8954,0.0,0.0,1.0,0.969503
0.46375287340328875,0.0,1.0,0.0,1.0,0.2501859760104979,0.0,1.0,0.0,1.0,0.06187951031136951,0.07286648353364678,0.6924,0.0,0.0,1.0,0.964623
0.09129106999494876,0.0,1.0,0.0,1.0,0.2188971110577631,0.0,1.0,0.0,1.0,0.37811216784112317,0.6239794414248752,0.924,0.0,0.0,1.0,0.959744
0.024632571111281025,0.0,1.0,0.0,1.0,0.29122265019165444,0.0,1.0,0.0,1.0,0.7027536440335678,0.5695449278864698,0.6202,0.0,0.0,1.0,0.9509
0.4163930155614597,0.3333333333333333,0.0,0.9437763169089549,0.0,0.6283930477440679,0.8641173311428599,0.0,0.337409290773123,0.0,0.511707560972325,0.9214109039930454,0.3204,0.0,1.0,0.0,0.860018
0.8965230961185684,0.0,1.0,0.0,1.0,0.6694261210803847,0.0,1.0,0.0,1.0,0.2357845697403497,0.4582923814704062,0.3974,0.0,0.0,1.0,0.972553
0.3230763876527099,0.5333333333333333,0.0,0.8392762416582586,0.0,0.9864903610422276,0.7007063459433438,0.0,0.9245772239821742,0.0,0.023829057624686425,0.6066202804373692,0.0298,0.0,1.0,0.0,0.950595
0.840649349904052,0.4666666666666667,0.0,0.8253948915678649,0.0,0.978256363050122,0.908700944160104,0.0,0.7247162655120966,0.0,0.1691153572951993,0.7384347617401164,0.067,0.0,1.0,0.0,0.94785
0.7602940905977178,0.6,0.0,0.6692685004212982,0.0,0.5717940509430267,0.027074310475488597,0.0,0.5827223109335005,0.0,0.2424876296951698,0.4340818994238816,0.7196,0.0,1.0,0.0,0.974992
0.8707169532423795,0.0,1.0,0.0,1.0,0.5311870335729231,0.0,1.0,0.0,1.0,0.17006356291454533,0.6190574225999901,0.184,0.0,0.0,1.0,0.963708
0.9312165250881721,0.0,1.0,0.0,1.0,0.6116960240577737,0.0,1.0,0.0,1.0,0.9173013909475336,0.7807550307924627,0.274,0.0,0.0,1.0,0.915218
0.748355085832743,0.0,1.0,0.0,1.0,0.9410846692401332,0.0,1.0,0.0,1.0,0.6595665295815709,0.5636542323195156,0.226,0.0,0.0,1.0,0.955779
0.5595049437995944,0.6,0.0,0.8384810238166319,0.0,0.8347700718212708,0.9614540871329934,0.0,0.7760777254055709,0.0,0.7758163784446334,0.8551315832569174,0.6052,0.0,1.0,0.0,0.899055
0.2430765023223927,0.0,1.0,0.0,1.0,0.86525144155603,0.0,1.0,0.0,1.0,0.527487513818303,0.8781308868309438,0.288,0.0,0.0,1.0,0.919183
0.5826547728669568,0.0,1.0,0.0,1.0,0.16697121967355846,0.0,1.0,0.0,1.0,0.0322032947640373,0.812862570259903,0.6706,0.0,0.0,1.0,0.915523
0.09737885941693454,0.0,1.0,0.0,1.0,0.5900237373885315,0.0,1.0,0.0,1.0,0.229284947100032,0.8070508794016394,0.096,0.0,0.0,1.0,0.868862
0.6283919785822101,0.8,0.0,0.837650917069548,0.0,0.9158600249176045,0.2273229546060203,0.0,0.9291078469916667,0.0,0.30317156840375,0.5770483179426952,0.199,0.0,1.0,0.0,0.958219
0.3301454261178641,0.6666666666666666,0.0,0.7747007022317943,0.0,0.39754663518647676,0.5162742995391116,0.0,0.8166437623943721,0.0,0.6787604415461044,0.9382332400938053,0.4496,0.0,1.0,0.0,0.865203
0.6151399940452736,0.06666666666666667,0.0,0.8578592588031141,0.0,0.8544753355858978,0.4159944813789062,0.0,0.9882347215825789,0.0,0.6418646356190499,0.3360225968443517,0.5962,0.0,1.0,0.0,0.955779
0.7423515788711827,0.0,1.0,0.0,1.0,0.39795497168977606,0.0,1.0,0.0,1.0,0.6309254862231634,0.7637361873357045,0.1422,0.0,0.0,1.0,0.922537
0.6242749863767361,0.6,0.0,0.804375738410239,0.0,0.949140464180273,0.261139904720221,0.0,0.653055253880873,0.0,0.6225391383655714,0.9236055786115606,0.8456,0.0,1.0,0.0,0.866118
0.30563228164814144,0.2,0.0,0.9386252749554593,0.0,0.012771314886462808,0.4873460272880068,0.0,0.6868422026450485,0.0,0.9498785733295564,0.2626238322821958,0.4616,0.0,1.0,0.0,0.860018
0.9953667197660218,0.0,1.0,0.0,1.0,0.15455054790941736,0.0,1.0,0.0,1.0,0.6392616496844837,0.4798977861589447,0.6998,0.0,0.0,1.0,0.963403
0.07740295498264078,0.0,1.0,0.0,1.0,0.0682957709242252,0.0,1.0,0.0,1.0,0.931987681368938,0.4905188324643467,0.9686,0.0,0.0,1.0,0.925282
0.5792307119555085,0.13333333333333333,0.0,0.7420014335679939,0.0,0.2428717222689344,0.7740590001705481,0.0,0.6098419386521681,0.0,0.21155154932318704,0.2530559041984625,0.9794,0.0,1.0,0.0,0.966148
0.7545235556670078,0.0,1.0,0.0,1.0,0.3021373063797499,0.0,1.0,0.0,1.0,0.15115876830206887,0.6890223270827224,0.9642,0.0,0.0,1.0,0.949375
0.7418100983835623,0.0,1.0,0.0,1.0,0.06624474576956749,0.0,1.0,0.0,1.0,0.9990695029821266,0.7100170419922841,0.725,0.0,0.0,1.0,0.915523
0.3116520871334705,0.6,0.0,0.8379536007322991,0.0,0.4266440245729442,0.060653265980354504,0.0,0.43757381836687875,0.0,0.6214344865844493,0.1058917493105543,0.419,0.0,1.0,0.0,0.925892
0.7035704664782024,0.8,0.0,0.8155942256623367,0.0,0.26404709793846304,0.7823747686024625,0.0,0.6265473071544124,0.0,0.5334529791563443,0.46655020072390085,0.799,0.0,1.0,0.0,0.956999
0.6706444736904306,0.0,1.0,0.0,1.0,0.9110927161376221,0.0,1.0,0.0,1.0,0.0036875067286674702,0.2759341239108627,0.5042,0.0,0.0,1.0,0.966453
0.18256186507952968,0.8666666666666667,0.0,0.7600494124181822,0.0,0.5183895427680844,0.18115860948728144,0.0,0.7737248668865169,0.0,0.36792186035925134,0.7120610501829778,0.5376,0.0,1.0,0.0,0.939616
0.9457882675535723,0.0,1.0,0.0,1.0,0.18421940010333,0.0,1.0,0.0,1.0,0.00295315104106716,0.3563339350861667,0.696,0.0,0.0,1.0,0.970418
0.45928277839171533,1.0,0.0,0.776539294635082,0.0,0.9705805847195239,0.4843679924610011,0.0,0.9332824729508059,0.0,0.8477397114462767,0.4536194254430002,0.5268,0.0,1.0,0.0,0.970418
0.1749414207756068,0.0,1.0,0.0,1.0,0.9547049315532207,0.0,1.0,0.0,1.0,0.5518800663048238,0.9661186032274284,0.986,0.0,0.0,1.0,0.908814
0.0944604717339056,0.0,1.0,0.0,1.0,0.23084534196693077,0.0,1.0,0.0,1.0,0.2574082344644663,0.6720263919051376,0.8468,0.0,0.0,1.0,0.94907
0.3842455696180128,0.06666666666666667,0.0,0.8531974808495348,0.0,0.9486113970424068,0.35127768543281196,0.0,0.9186965128776784,0.0,0.0703133508710821,0.31589976869234776,0.3232,0.0,1.0,0.0,0.948765
0.6755751938209854,0.0,1.0,0.8625423433612064,0.0,0.5839921779228245,0.3565861802368596,0.0,0.019320261995476075,0.0,0.7787429880042445,0.6105600236923541,0.3254,0.0,1.0,0.0,0.918573
0.5663150850075648,0.0,1.0,0.0,1.0,0.4816819763203448,0.0,1.0,0.0,1.0,0.40801027239756577,0.314204242381013,0.4258,0.0,0.0,1.0,0.974382
0.6579106662193009,0.0,1.0,0.0,1.0,0.7668386102325577,0.0,1.0,0.0,1.0,0.8604156437828102,0.39973853346314075,0.9542,0.0,0.0,1.0,0.931991
0.44128344795547064,0.0,1.0,0.0,1.0,0.6654575781763894,0.0,1.0,0.0,1.0,0.07769605736238752,0.22923165659835923,0.3272,0.0,0.0,1.0,0.967673
0.5137911446933275,0.0,1.0,0.0,1.0,0.46174772723021024,0.0,1.0,0.0,1.0,0.04016722704159696,0.025940561995949594,0.3146,0.0,0.0,1.0,0.963403
0.007321537290536409,0.0,1.0,0.6556823007707379,0.0,0.9789585461880262,0.9088721740157099,0.0,0.8300113065907834,0.0,0.008453869101277973,0.19783201108458875,0.4766,0.0,1.0,0.0,0.969808
0.9933551983037314,0.4666666666666667,0.0,0.9049280358242568,0.0,0.10178237246603787,0.23077309841489502,0.0,0.7501480036521526,0.0,0.6195896240413853,0.49041766801748915,0.191,0.0,1.0,0.0,0.879231
0.40842623171390163,0.0,1.0,0.0,1.0,0.016372612130713098,0.0,1.0,0.0,1.0,0.013323848277293123,0.2623571416264851,0.9956,0.0,0.0,1.0,0.967673
0.25071716136285566,1.0,0.0,0.7780775548264931,0.0,0.9832955632068188,0.7830848649757048,0.0,0.6104804543101183,0.0,0.22818244421705774,0.8444809077076022,0.8688,0.0,1.0,0.0,0.89021
0.5776139996401188,0.0,1.0,0.0,1.0,0.7446084261500628,0.0,1.0,0.0,1.0,0.9024127383169591,0.5496481846879268,0.8978,0.0,0.0,1.0,0.921622
0.5929683818013606,0.0,1.0,0.0,1.0,0.6594970469759032,0.0,1.0,0.0,1.0,0.8001949201858238,0.8000305935845627,0.372,0.0,0.0,1.0,0.915218
0.0329456098752687,0.06666666666666667,0.0,0.7603189669673672,0.0,0.5219290896562204,0.8389484996007335,0.0,0.0756351766860022,0.0,0.5838635398066344,0.5747995706222018,0.786,0.0,1.0,0.0,0.903934
0.6346413111639,0.0,1.0,0.0,1.0,0.02536953891942574,0.0,1.0,0.0,1.0,0.293809765885475,0.3159314165100045,0.708,0.0,0.0,1.0,0.971333
0.11904189984687423,0.0,1.0,0.0,1.0,0.5960398331291066,0.0,1.0,0.0,1.0,0.19095066491700105,0.8059855527095394,0.19,0.0,0.0,1.0,0.89082
0.0493093006647766,0.0,1.0,0.0,1.0,0.6866323668604778,0.0,1.0,0.0,1.0,0.46459841205122226,0.5333359527881086,0.5662,0.0,0.0,1.0,0.964928
0.21625460300021615,0.9333333333333333,0.0,0.7737395874652928,0.0,0.7009965683741459,0.86691018775148,0.0,0.06492420851788214,0.0,0.8340734126417392,0.7041132193554599,0.3572,0.0,1.0,0.0,0.907594
0.28164765516729023,0.4666666666666667,0.0,0.9462805158987063,0.0,0.9148465793033675,0.7050107896020529,0.0,0.31774408508937724,0.0,0.02927912936513646,0.5007260284689512,0.5108,0.0,1.0,0.0,0.922232
0.8882621676895834,0.0,1.0,0.0,1.0,0.8569338078014189,0.0,1.0,0.0,1.0,0.15583019014622507,0.6973642631171949,0.2438,0.0,0.0,1.0,0.94846
0.8122968220331068,0.7333333333333333,0.0,0.7320555935261903,0.0,0.33072047672892685,0.2311033662893655,0.0,0.6614572116606168,0.0,0.5491688413354964,0.10109703503343821,0.8662,0.0,1.0,0.0,0.969808
0.915779178445499,0.0,1.0,0.7656577061780855,0.0,0.19273559536250082,0.6791465474457989,0.0,0.577033444917838,0.0,0.7485191761595289,0.921291300382512,0.0728,0.0,1.0,0.0,0.378774
0.8932606061567825,0.6666666666666666,0.0,0.7949257827936943,0.0,0.17963832822919817,0.8591963913169106,0.0,0.8986495879620687,0.0,0.04462054745898936,0.49482581220118804,0.0906,0.0,1.0,0.0,0.955779
0.4572922709706281,0.5333333333333333,0.0,0.6622966192089655,0.0,0.18722708695777998,0.2355955652118177,0.0,0.9750928235552015,0.0,0.9728687950164603,0.7754011271380502,0.8488,0.0,1.0,0.0,0.861238
0.7241082395066702,0.0,1.0,0.0,1.0,0.4005760579651071,0.0,1.0,0.0,1.0,0.6471934782990626,0.9051573011165479,0.0894,0.0,0.0,1.0,0.915218
0.9170493294889296,0.0,1.0,0.0,1.0,0.8502254273462049,0.0,1.0,0.0,1.0,0.6084929738771799,0.2019090446336568,0.0684,0.0,0.0,1.0,0.966758
0.2675106312116483,0.0,1.0,0.0,1.0,0.0009615589884766079,0.0,1.0,0.0,1.0,0.2359353622467678,0.9563042497045525,0.9966,0.0,0.0,1.0,0.911558
0.08407434592992348,0.0,1.0,0.0,1.0,0.5191289430181766,0.0,1.0,0.0,1.0,0.1741873563902837,0.01527622241558773,0.6294,0.0,0.0,1.0,0.969808
0.3130544894536907,0.0,1.0,0.0,1.0,0.29805925518322307,0.0,1.0,0.0,1.0,0.12862165908719786,0.9039802553600808,0.9656,0.0,0.0,1.0,0.915218
0.002227010612997138,0.5333333333333333,0.0,0.6808471359522317,0.0,0.03130503510937332,0.05168111003225211,0.0,0.8318677799067435,0.0,0.19162068725329165,0.10383827958790981,0.3994,0.0,1.0,0.0,0.896005
0.20466143701442843,0.9333333333333333,0.0,0.6793098735209234,0.0,0.6042919447794255,0.7042335678098071,0.0,0.1199154066709155,0.0,0.006630476429557715,0.43839410578562615,0.9334,0.0,1.0,0.0,0.975297
0.9100183664415201,0.0,1.0,0.0,1.0,0.2294384882791956,0.0,1.0,0.0,1.0,0.9997002727472648,0.5107774081213599,0.3068,0.0,0.0,1.0,0.915523
0.8682822083803887,0.0,1.0,0.0,1.0,0.33680303174808895,0.0,1.0,0.0,1.0,0.17007963717513402,0.5514270602890949,0.7864,0.0,0.0,1.0,0.966758
0.9995797414730488,0.0,1.0,0.0,1.0,0.6299416280303238,0.0,1.0,0.0,1.0,0.8068076375161528,0.5833749501256419,0.729,0.0,0.0,1.0,0.934126
0.5866270913720144,0.06666666666666667,0.0,0.6876041835199164,0.0,0.8297692599535822,0.6669624129680374,0.0,0.6627282302530235,0.0,0.8953323401752827,0.6701209417492736,0.222,0.0,1.0,0.0,0.944495
0.10367181252472853,0.0,1.0,0.916696372282058,0.0,0.8371150875046253,0.043419311933895297,0.0,0.30670418387883364,0.0,0.3659871206441894,0.8563503183843882,0.8842,0.0,1.0,0.0,0.860018
0.5909275155991442,0.0,1.0,0.0,1.0,0.36137956451340136,0.0,1.0,0.0,1.0,0.8817760920184501,0.5143015612890044,0.8964,0.0,0.0,1.0,0.925587
0.6545047333933798,0.13333333333333333,0.0,0.9087456732239123,0.0,0.9873825849658505,0.3095188158858431,0.0,0.3584493067083123,0.0,0.44004603576586887,0.5286194900922639,0.5084,0.0,1.0,0.0,0.941446
0.8604122969995596,0.0,1.0,0.0,1.0,0.31449149418444106,0.0,1.0,0.0,1.0,0.3268097063311204,0.5014895211048375,0.6942,0.0,0.0,1.0,0.969503
0.8134181133496808,1.0,0.0,0.9360731399859278,0.0,0.839994135137647,0.5964506625300601,0.0,0.0043390421880534396,0.0,0.18377103664731706,0.7285349962829212,0.1514,0.0,1.0,0.0,0.881366
0.33840982472518505,0.0,1.0,0.0,1.0,0.2908318003129352,0.0,1.0,0.0,1.0,0.41766377234222696,0.13518969711626097,0.5268,0.0,0.0,1.0,0.974992
0.409234328596872,0.06666666666666667,0.0,0.8966896378672974,0.0,0.33079480803875666,0.5511422690103208,0.0,0.5942166265627082,0.0,0.3225039284471283,0.8388902982844401,0.7322,0.0,1.0,0.0,0.860018
0.6149904302272409,0.0,1.0,0.0,1.0,0.8037857945683387,0.0,1.0,0.0,1.0,0.49056472624269465,0.8225353989340032,0.5864,0.0,0.0,1.0,0.914913
0.5362318100454644,0.0,1.0,0.0,1.0,0.7792215652134468,0.0,1.0,0.0,1.0,0.44183987389294355,0.41466797679420314,0.129,0.0,0.0,1.0,0.972553
0.2561791801308503,0.26666666666666666,0.0,0.8456094460454306,0.0,0.018269281535600274,0.5620160464730595,0.0,0.48791967794539776,0.0,0.8293297545513345,0.9650625712660652,0.6476,0.0,1.0,0.0,0.139982
0.2284262027509267,0.0,1.0,0.0,1.0,0.8167068408024155,0.0,1.0,0.0,1.0,0.3055947369756992,0.11538610973687823,0.345,0.0,0.0,1.0,0.972248
0.6586688241602368,0.5333333333333333,0.0,0.7050835428548523,0.0,0.9186628559488034,0.8846135922413282,0.0,0.2844836114560877,0.0,0.3541099704722754,0.02178599480251204,0.7908,0.0,1.0,0.0,0.973163
0.5580987295625602,0.0,1.0,0.0,1.0,0.8634478842010137,0.0,1.0,0.0,1.0,0.14731493245264118,0.607131644564521,0.383,0.0,0.0,1.0,0.963708
0.6620094048249171,0.3333333333333333,0.0,0.8371023855816029,0.0,0.21943912447269015,0.9359421742035512,0.0,0.3946709640062182,0.0,0.07828613721642408,0.04319524458892257,0.5842,0.0,1.0,0.0,0.946935
0.006420776112105884,0.0,1.0,0.0,1.0,0.9809367746703163,0.0,1.0,0.0,1.0,0.923053883277326,0.5503869935166832,0.3034,0.0,0.0,1.0,0.888686
0.6800750716610331,0.0,1.0,0.0,1.0,0.7010588647361548,0.0,1.0,0.0,1.0,0.0874943183015953,0.20853765240773442,0.3614,0.0,0.0,1.0,0.967063
0.7164064579883086,0.0,1.0,0.0,1.0,0.5138191204536857,0.0,1.0,0.0,1.0,0.6738343487098742,0.810205659450811,0.5142,0.0,0.0,1.0,0.915218
0.3538426469780849,0.0,1.0,0.0,1.0,0.8425066284079383,0.0,1.0,0.0,1.0,0.7371514339473965,0.7147515069692495,0.2386,0.0,0.0,1.0,0.934126
0.1529966769455183,0.2,0.0,0.8023733515390947,0.0,0.8690523210680979,0.37239469547530757,0.0,0.08042136349463834,0.0,0.35900291549770147,0.7666710845789804,0.6452,0.0,1.0,0.0,0.894785
0.6110680682157029,0.0,1.0,0.0,1.0,0.5959369660843822,0.0,1.0,0.0,1.0,0.24119242264188528,0.42453980649640927,0.1794,0.0,0.0,1.0,0.972858
0.9431413497352246,0.9333333333333333,0.0,0.7780056480566769,0.0,0.2956066164993292,0.7041118985785036,0.0,0.17262757027435982,0.0,0.34792088367452517,0.07881577155209446,0.189,0.0,1.0,0.0,0.961269
0.5312654826599185,0.9333333333333333,0.0,0.9152814183182816,0.0,0.22494185941807468,0.23244375747812157,0.0,0.7620330566671271,0.0,0.035797519596831286,0.261117459026075,0.3872,0.0,1.0,0.0,0.918268
0.4149010108156938,0.0,1.0,0.8392219504812409,0.0,0.4338910665024247,0.3794217738178307,0.0,0.7069103620860104,0.0,0.010359459768077086,0.19117173042096366,0.5784,0.0,1.0,0.0,0.953949
0.18228697559341567,0.13333333333333333,0.0,0.9713466870728416,0.0,0.896885058355552,0.7410007174945515,0.0,0.030642839908382184,0.0,0.6389533113398245,0.12687065311644014,0.7308,0.0,1.0,0.0,0.860018
0.33176265919637615,0.0,1.0,0.0,1.0,0.8051876147569639,0.0,1.0,0.0,1.0,0.4567634552776852,0.9974984730423198,0.007,0.0,0.0,1.0,0.860018
0.2865886273893048,0.0,1.0,0.0,1.0,0.47594093646228514,0.0,1.0,0.0,1.0,0.1722890738776213,0.9041374024045772,0.4156,0.0,0.0,1.0,0.915218
0.9232617693657905,0.3333333333333333,0.0,0.8824829750491017,0.0,0.38134597486413224,0.5411169990991339,0.0,0.7207584398657731,0.0,0.0716813245146206,0.7664166653877265,0.5656,0.0,1.0,0.0,0.919488
0.9091151746038267,0.0,1.0,0.0,1.0,0.8843372615176703,0.0,1.0,0.0,1.0,0.31689965414429716,0.9119236437764507,0.668,0.0,0.0,1.0,0.915218
0.041883512340429085,0.6,0.0,0.9939861153828258,0.0,0.4667398400248933,0.08776565539775309,0.0,0.8867265703166486,0.0,0.045813290437434206,0.6180480808963781,0.2,0.0,1.0,0.0,0.860018
0.7118390216995932,0.0,1.0,0.0,1.0,0.6324747330813175,0.0,1.0,0.0,1.0,0.5243959863454889,0.32148740561235256,0.574,0.0,0.0,1.0,0.970418
0.5140924105910494,1.0,0.0,0.9330581332109116,0.0,0.9460819787535986,0.07884899347175475,0.0,0.7567301635406046,0.0,0.5831471249494189,0.767234410465925,0.8006,0.0,1.0,0.0,0.921927
0.808306464851913,0.0,1.0,0.0,1.0,0.7028197481797815,0.0,1.0,0.0,1.0,0.17291812586073146,0.2598939100775808,0.4094,0.0,0.0,1.0,0.968588
0.20425318547871127,0.0,1.0,0.0,1.0,0.6800226479239949,0.0,1.0,0.0,1.0,0.7678944664789886,0.937313629843907,0.7598,0.0,0.0,1.0,0.913388
0.8024029249799561,0.13333333333333333,0.0,0.9939304837508088,0.0,0.7265240280310776,0.8333906253653547,0.0,0.4225046531649638,0.0,0.2164941609674444,0.27787398503784666,0.1324,0.0,1.0,0.0,0.908814
0.1447790945158293,0.0,1.0,0.0,1.0,0.9069288430594684,0.0,1.0,0.0,1.0,0.5057736128599809,0.5874224463953762,0.213,0.0,0.0,1.0,0.960049
0.9114607325561637,0.7333333333333333,0.0,0.674241235456344,0.0,0.7158064650690061,0.771665283835102,0.0,0.7617224498117204,0.0,0.5069903507689476,0.6777806126705933,0.1442,0.0,1.0,0.0,0.972553
0.9133887163962637,0.7333333333333333,0.0,0.892211223267478,0.0,0.6933667763130795,0.07965002569157988,0.0,0.41508228455292795,0.0,0.5490511673026461,0.5330894761613217,0.298,0.0,1.0,0.0,0.929247
0.7384373123154891,0.0,1.0,0.0,1.0,0.7446623021465518,0.0,1.0,0.0,1.0,0.34669846065486065,0.538466580059153,0.3146,0.0,0.0,1.0,0.969198
0.6662260766953687,0.0,1.0,0.0,1.0,0.8433972406246124,0.0,1.0,0.0,1.0,0.9228877602498301,0.5245789126227288,0.4642,0.0,0.0,1.0,0.920098
0.2113942771981387,0.0,1.0,0.0,1.0,0.14472758568468563,0.0,1.0,0.0,1.0,0.6057997229796566,0.6607340589977022,0.4924,0.0,0.0,1.0,0.94541
0.02814173768269244,0.0,1.0,0.0,1.0,0.11575581397658316,0.0,1.0,0.0,1.0,0.9980640791351998,0.7795464022538633,0.2718,0.0,0.0,1.0,0.860018
0.9922028820483139,0.0,1.0,0.0,1.0,0.2639444404482401,0.0,1.0,0.0,1.0,0.6726980334121495,0.1405784191893928,0.0816,0.0,0.0,1.0,0.960659
0.3218582266820488,0.8666666666666667,0.0,0.7539152856786316,0.0,0.2515195228770741,0.8324580665061763,0.0,0.7359315052276979,0.0,0.29648004098639996,0.06093012766527611,0.85,0.0,1.0,0.0,0.963099
0.6978286845369465,0.8666666666666667,0.0,0.7144071922700524,0.0,0.5177254554742402,0.6865174797304338,0.0,0.40164699383859565,0.0,0.40647110537969705,0.24811914752280062,0.9114,0.0,1.0,0.0,0.973163
0.7194321923814216,0.0,1.0,0.0,1.0,0.1601478741266113,0.0,1.0,0.0,1.0,0.9510145541526196,0.5559977769887916,0.84,0.0,0.0,1.0,0.918878
0.750121192852392,0.0,1.0,0.0,1.0,0.1719744875199976,0.0,1.0,0.0,1.0,0.08848370427639526,0.6060243702120826,0.3796,0.0,0.0,1.0,0.963708
0.9877500549202527,0.0,1.0,0.0,1.0,0.34000797737661975,0.0,1.0,0.0,1.0,0.5393945237335083,0.5042372436406396,0.7636,0.0,0.0,1.0,0.969198
0.575415797647211,0.8666666666666667,0.0,0.9176418677741004,0.0,0.5730982757796538,0.11816218550443568,0.0,0.4729941030719585,0.0,0.4170589559649203,0.35722689468028335,0.2136,0.0,1.0,0.0,0.922232
0.2754445983425118,0.13333333333333333,0.0,0.8166217111090484,0.0,0.9749623378988305,0.6011419919919152,0.0,0.5254681799150952,0.0,0.5941300156275723,0.578433907671443,0.2928,0.0,1.0,0.0,0.955779
0.35194427999272665,0.9333333333333333,0.0,0.7889576206434177,0.0,0.11108938845871691,0.4177920496811871,0.0,0.8036162034382943,0.0,0.4317192123278308,0.003639124762005756,0.8482,0.0,1.0,0.0,0.949375
0.0843629262027783,0.0,1.0,0.0,1.0,0.6687942483671155,0.0,1.0,0.0,1.0,0.4945498520420478,0.9610488911908551,0.801,0.0,0.0,1.0,0.911253
0.2212160090671409,0.8666666666666667,0.0,0.8655213392770742,0.0,0.35637562679107526,0.15849482738997062,0.0,0.7758494763773387,0.0,0.5340235780290113,0.4056292273071185,0.6574,0.0,1.0,0.0,0.924977
0.9917962978062992,0.13333333333333333,0.0,0.9193934157450891,0.0,0.12133643264626318,0.07875972148188798,0.0,0.16691874427053618,0.0,0.45314654145173733,0.3891881609409549,0.1688,0.0,1.0,0.0,0.860018
0.16374236128932645,0.5333333333333333,0.0,0.7841997804670313,0.0,0.5412422694989569,0.4256217810253145,0.0,0.7468090039967138,0.0,0.20400916104836453,0.3537843388124962,0.0902,0.0,1.0,0.0,0.956084
0.23865637787279095,0.0,1.0,0.0,1.0,0.5129466707912774,0.0,1.0,0.0,1.0,0.9611554571222243,0.003477238863690877,0.9766,0.0,0.0,1.0,0.919183
0.8973642739242663,0.0,1.0,0.0,1.0,0.6389113234444913,0.0,1.0,0.0,1.0,0.6558724981743251,0.9642180033011177,0.365,0.0,0.0,1.0,0.908814
0.4034120411982975,0.2,0.0,0.7244855112866566,0.0,0.09840002917333956,0.7380564159305103,0.0,0.7358058203539223,0.0,0.8535637625481127,0.49197314305257744,0.1798,0.0,1.0,0.0,0.938091
0.6369311673268759,0.0,1.0,0.0,1.0,0.26231330593354274,0.0,1.0,0.0,1.0,0.24658228692579803,0.7965583547379984,0.4868,0.0,0.0,1.0,0.920098
0.4311972856982922,0.0,1.0,0.0,1.0,0.2154500352155647,0.0,1.0,0.0,1.0,0.06312208813279387,0.9775231129673917,0.1646,0.0,0.0,1.0,0.909119
0.7368014402841386,0.0,1.0,0.0,1.0,0.6069260495117016,0.0,1.0,0.0,1.0,0.616869051780886,0.12917826935249344,0.6584,0.0,0.0,1.0,0.966148
0.9768322832120094,0.6,0.0,0.8854698248815214,0.0,0.21173130712162005,0.5651886745352666,0.0,0.4062919698894697,0.0,0.19624534957604767,0.41865351092192227,0.6974,0.0,1.0,0.0,0.923757
0.14499678068865354,0.0,1.0,0.0,1.0,0.7830551235857283,0.0,1.0,0.0,1.0,0.2599018575467706,0.3684505953698059,0.6384,0.0,0.0,1.0,0.971638
0.4280187963152527,1.0,0.0,0.9709989254963988,0.0,0.9731400663955371,0.5628111937252811,0.0,0.7504580270237816,0.0,0.2693251340361819,0.7902423075875566,0.9174,0.0,1.0,0.0,0.918573
0.5143568428661913,0.9333333333333333,0.0,0.6908360469131167,0.0,0.3816465130396265,0.6589477336818041,0.0,0.9852060251660879,0.0,0.7522956400580074,0.8445454548154702,0.889,0.0,1.0,0.0,0.89875
0.5153656136383779,0.0,1.0,0.0,1.0,0.31769766850086184,0.0,1.0,0.0,1.0,0.6047048401889742,0.5392104412159511,0.34,0.0,0.0,1.0,0.962489
0.37505816955219257,0.0,1.0,0.0,1.0,0.10463422807419301,0.0,1.0,0.0,1.0,0.18514180288312884,0.7665465012975908,0.4044,0.0,0.0,1.0,0.930467
0.7915774315604865,0.0,1.0,0.0,1.0,0.11841756220725572,0.0,1.0,0.0,1.0,0.3849840639114667,0.14154798320384618,0.5134,0.0,0.0,1.0,0.974077
0.9647158898230597,0.6666666666666666,0.0,0.762736380224213,0.0,0.3379459266283187,0.39968452824961703,0.0,0.7670360253946361,0.0,0.40376851309919276,0.03668980031808995,0.3112,0.0,1.0,0.0,0.962489
0.4276432914680105,0.2,0.0,0.9434628861255389,0.0,0.70178206106805,0.835414977617419,0.0,0.8373713618828051,0.0,0.1835628924090693,0.7823908349436836,0.006,0.0,1.0,0.0,0.870692
0.23818613171004405,0.0,1.0,0.0,1.0,0.3610467356191971,0.0,1.0,0.0,1.0,0.2850574771033997,0.3787703941299876,0.3382,0.0,0.0,1.0,0.971943
0.26409856805577714,0.8,0.0,0.7130224829479096,0.0,0.5294697919496402,0.8078231252788123,0.0,0.9765016830886432,0.0,0.43644802262894716,0.6679333593062567,0.39,0.0,1.0,0.0,0.964318
0.5903214705932551,0.0,1.0,0.0,1.0,0.7137376089218717,0.0,1.0,0.0,1.0,0.07340368310171656,0.827886877476713,0.1864,0.0,0.0,1.0,0.915218
0.3941849180215397,0.0,1.0,0.0,1.0,0.18212739773022432,0.0,1.0,0.0,1.0,0.4679600942621537,0.22780643792318434,0.9614,0.0,0.0,1.0,0.971333
0.9771887205082576,0.0,1.0,0.0,1.0,0.9676608246052406,0.0,1.0,0.0,1.0,0.7955731487111638,0.5310869142783057,0.6224,0.0,0.0,1.0,0.941141
0.4837501899622728,0.0,1.0,0.0,1.0,0.203443687392488,0.0,1.0,0.0,1.0,0.012564295004346679,0.6812747339675274,0.7922,0.0,0.0,1.0,0.95212
0.8391006857961925,0.8666666666666667,0.0,0.9638710511782437,0.0,0.47807519247358526,0.7774175496684138,0.0,0.9747092146368489,0.0,0.7261217827465813,0.4736197970397193,0.4844,0.0,1.0,0.0,0.917658
0.7731992831411513,0.0,1.0,0.0,1.0,0.13614435557056442,0.0,1.0,0.0,1.0,0.8126186974675167,0.8657675684384989,0.1858,0.0,0.0,1.0,0.915218
0.506332034498773,0.0,1.0,0.0,1.0,0.8738154958034557,0.0,1.0,0.0,1.0,0.3372943087180335,0.4166341840302346,0.4984,0.0,0.0,1.0,0.973468
0.07293513942978556,0.2,0.0,0.8358397287326518,0.0,0.11583013643855632,0.0525615489174195,0.0,0.7698950006762298,0.0,0.13663580459961577,0.7517772735639102,0.3452,0.0,1.0,0.0,0.860018
0.0482452716783443,0.0,1.0,0.0,1.0,0.04054705032279157,0.0,1.0,0.0,1.0,0.5701901480312422,0.25125450013158207,0.5278,0.0,0.0,1.0,0.968893
0.7196732885747527,0.8666666666666667,0.0,0.7520199412376738,0.0,0.6099280490569996,0.6800758295829563,0.0,0.9467131027799571,0.0,0.5638249136924733,0.37037352835111154,0.8012,0.0,1.0,0.0,0.971028
0.22596597582747427,0.0,1.0,0.0,1.0,0.20150472127431357,0.0,1.0,0.0,1.0,0.4448298176586703,0.8879162983160751,0.9156,0.0,0.0,1.0,0.915523
0.855565242326542,0.0,1.0,0.0,1.0,0.3911505456545181,0.0,1.0,0.0,1.0,0.3701292889692737,0.39683653490323184,0.3122,0.0,0.0,1.0,0.972553
0.025881821816695134,0.4666666666666667,0.0,0.8677606723453448,0.0,0.1126891426525912,0.6218132479282306,0.0,0.5823212307971793,0.0,0.3539450645903748,0.29786389231999805,0.0862,0.0,1.0,0.0,0.906374
0.8735092137554215,0.0,1.0,0.0,1.0,0.9060476067768398,0.0,1.0,0.0,1.0,0.48211802562536654,0.12222873918988451,0.4114,0.0,0.0,1.0,0.971028
0.978833766410596,0.6,0.0,0.7140283308482499,0.0,0.9420856861769255,0.731973750669546,0.0,0.009647554081744038,0.0,0.3231041640864524,0.3073775973556576,0.0398,0.0,1.0,0.0,0.962794
0.826561667097914,0.0,1.0,0.0,1.0,0.818033501708093,0.0,1.0,0.0,1.0,0.935092149412137,0.8367627788830481,0.307,0.0,0.0,1.0,0.915218
0.07645569191791288,0.4666666666666667,0.0,0.9461942438065625,0.0,0.7602449825205173,0.9367527518291878,0.0,0.4981759702214763,0.0,0.24071551959923787,0.4060452250429626,0.0052,0.0,1.0,0.0,0.913388
