x0,x1,x2,x3,x4,x5,accuracy
0.5166666666666667,0.0,0.6271186440677966,0.9992780041845017,0.4827586206896552,0.0,0.7
0.5833333333333334,0.0,0.6610169491525424,0.9962576582903272,0.3448275862068966,0.0,0.7
0.9166666666666666,0.0,0.05084745762711865,0.9988464053711666,0.06896551724137931,0.0,0.7
0.5833333333333334,0.0,0.2711864406779661,0.9590155496196351,0.2413793103448276,0.0,0.7
0.08333333333333333,0.0,0.13559322033898305,0.9446222688324698,0.8620689655172413,0.0,0.7
0.65,0.0,0.6610169491525424,0.8365323863414224,0.896551724137931,0.0,0.7
0.35,0.0,0.06779661016949153,0.9833469031670876,0.6896551724137931,0.0,0.7
0.8333333333333334,0.0,0.5423728813559322,0.9449111510080426,0.6896551724137931,0.0,0.7
0.5166666666666667,0.0,0.8813559322033898,0.9468563283791025,0.27586206896551724,0.0,0.7
0.6833333333333333,0.0,0.4067796610169492,0.9869923626493454,0.41379310344827586,0.0,0.7
0.2,0.0,0.847457627118644,0.9960567965127677,0.8620689655172413,0.0,0.7
0.9,0.0,0.4067796610169492,0.7675185807465058,0.8620689655172413,0.0,0.7
0.25,0.0,0.3220338983050847,0.7843406057117133,1.0,0.0,0.7
0.5833333333333334,0.0,0.288135593220339,0.9536667551721619,0.1724137931034483,0.0,0.7
0.23333333333333334,0.0,0.1694915254237288,0.9787446179858889,0.3448275862068966,0.0,0.7
0.35,0.0,0.8983050847457628,0.9456604481947809,0.20689655172413793,0.0,0.7
0.9166666666666666,0.0,0.9830508474576272,0.998138159127001,0.8275862068965517,0.0,0.7
0.18333333333333332,0.0,0.23728813559322035,0.9580955093007717,0.9310344827586207,0.0,0.7
0.4,0.0,0.8813559322033898,0.8796270420689852,0.20689655172413793,0.0,0.7
0.05,0.0,0.0,0.8095865756864342,0.7241379310344828,0.0,0.7
0.43333333333333335,0.0,0.0847457627118644,0.7821636142286158,1.0,0.0,0.7
0.9166666666666666,0.0,1.0,0.9205391932408001,0.13793103448275862,0.0,0.7
0.25,0.0,0.7627118644067796,0.8803573363995215,0.10344827586206896,0.0,0.7
0.4666666666666667,0.0,0.8305084745762712,0.9747168509920745,0.27586206896551724,0.0,0.7
0.65,0.0,0.4067796610169492,0.883986462488789,0.13793103448275862,0.0,0.7
0.6,0.0,0.711864406779661,0.9110794729202564,0.2413793103448276,0.0,0.7
0.23333333333333334,0.0,0.3898305084745763,0.9571924223370544,0.8275862068965517,0.0,0.7
0.2833333333333333,0.0,0.4745762711864407,0.978658833130133,0.5517241379310345,0.0,0.7
0.13333333333333333,0.0,0.5254237288135594,0.9758041208836612,0.41379310344827586,0.0,0.7
0.26666666666666666,0.0,0.2711864406779661,0.9318484822995783,0.9310344827586207,0.0,0.7
0.06666666666666667,0.0,0.2711864406779661,0.8357540777944246,0.4482758620689655,0.0,0.7
0.2,0.0,0.6440677966101694,0.985675811997762,0.8275862068965517,0.0,0.7
0.5333333333333333,0.0,0.7966101694915254,0.9534157834833298,0.5172413793103449,0.0,0.7
0.06666666666666667,0.0,0.2542372881355932,0.6574150221671333,0.7241379310344828,0.0,0.725
0.85,0.0,0.3389830508474576,0.8479772623076294,0.5172413793103449,0.0,0.7
0.5166666666666667,0.0,0.9830508474576272,0.9283981992295487,0.6896551724137931,0.0,0.7
0.23333333333333334,0.0,0.423728813559322,0.9268544889485535,0.6896551724137931,0.0,0.7
0.9,0.0,0.4745762711864407,0.5653097276126678,0.10344827586206896,0.0,0.725
0.36666666666666664,0.0,0.1864406779661017,0.989643838299522,0.10344827586206896,0.0,0.7
0.6166666666666667,0.0,0.5423728813559322,0.9790853410262549,0.4827586206896552,0.0,0.7
0.6166666666666667,0.0,0.8135593220338984,0.7638862627495383,0.4827586206896552,0.0,0.7
0.7166666666666667,0.0,0.847457627118644,0.95851988408652,0.41379310344827586,0.0,0.7
0.48333333333333334,0.0,0.8983050847457628,0.8755570440745267,0.1724137931034483,0.0,0.7
0.5833333333333334,0.0,0.711864406779661,0.894327784440668,1.0,0.0,0.7
0.35,0.0,0.7966101694915254,0.938339269444885,0.9310344827586207,0.0,0.7
0.7,0.0,0.5932203389830508,0.8330015574198152,0.6206896551724138,0.0,0.7
0.9,0.0,0.7627118644067796,0.8436822011495775,0.27586206896551724,0.0,0.7
0.6333333333333333,0.0,0.6271186440677966,0.9808283841808537,0.896551724137931,0.0,0.7
0.23333333333333334,0.0,0.8135593220338984,0.9828011179232014,0.3448275862068966,0.0,0.7
0.9,0.0,0.2542372881355932,0.8509013536487126,0.1724137931034483,0.0,0.7
0.35,0.0,0.3220338983050847,0.8606568780591071,0.7241379310344828,0.0,0.7
0.15,0.0,0.9322033898305084,0.7581467347841621,0.2413793103448276,0.0,0.7
0.6166666666666667,0.0,0.3220338983050847,0.8329712358826615,0.9655172413793104,0.0,0.7
0.4166666666666667,0.0,0.847457627118644,0.9188859543264744,0.4827586206896552,0.0,0.7
0.5833333333333334,0.0,0.8305084745762712,0.8309461932340864,0.3448275862068966,0.0,0.7
0.06666666666666667,0.0,0.3050847457627119,0.9823403622325034,0.8275862068965517,0.0,0.7
0.65,0.0,0.3220338983050847,0.9945343562775214,0.4827586206896552,0.0,0.7
0.8833333333333333,0.0,0.9322033898305084,0.6750928515472794,0.4827586206896552,0.0,0.699
0.15,0.0,0.01694915254237288,0.9099515770345941,0.10344827586206896,0.0,0.7
0.9666666666666667,0.0,0.05084745762711865,0.8554145895994717,0.7241379310344828,0.0,0.7
0.8333333333333334,0.0,0.11864406779661017,0.8886023025284431,0.7586206896551724,0.0,0.7
0.6166666666666667,0.0,0.9152542372881356,0.9641343256229817,0.20689655172413793,0.0,0.7
0.5166666666666667,0.0,0.3898305084745763,0.976265583533597,0.6206896551724138,0.0,0.7
0.38333333333333336,0.0,0.6271186440677966,0.9909284597760131,0.6551724137931034,0.0,0.7
0.4,0.0,0.7627118644067796,0.907329089057206,0.034482758620689655,0.0,0.7
0.6333333333333333,0.0,0.8983050847457628,0.9304287491635717,0.8620689655172413,0.0,0.7
0.6833333333333333,0.0,0.8813559322033898,0.981339306759048,0.7931034482758621,0.0,0.7
0.1,0.0,0.15254237288135594,0.9770054357312364,0.7931034482758621,0.0,0.7
0.5333333333333333,0.0,0.9830508474576272,0.9669612652771913,0.5517241379310345,0.0,0.7
0.9,0.0,0.3898305084745763,0.9590944546517667,1.0,0.0,0.7
0.06666666666666667,0.0,0.3559322033898305,0.7948381077189883,0.6896551724137931,0.0,0.7
0.43333333333333335,0.0,0.1864406779661017,0.9744852882768357,0.8275862068965517,0.0,0.7
0.23333333333333334,0.0,0.6949152542372882,0.9962182720448618,0.10344827586206896,0.0,0.7
0.95,0.0,0.0,0.8118198650778505,0.27586206896551724,0.0,0.7
0.36666666666666664,0.0,0.9322033898305084,0.9873074999739841,0.896551724137931,0.0,0.7
0.48333333333333334,0.0,0.9661016949152542,0.8521577855893303,0.5517241379310345,0.0,0.7
0.85,0.0,0.01694915254237288,0.9979624618559347,0.6551724137931034,0.0,0.7
0.35,0.0,0.23728813559322035,0.8868656635982305,0.4827586206896552,0.0,0.7
0.08333333333333333,0.0,0.05084745762711865,0.86030204847128,0.4827586206896552,0.0,0.7
0.31666666666666665,0.0,0.05084745762711865,0.9639216670794478,0.20689655172413793,0.0,0.7
0.05,0.0,0.5932203389830508,0.8372016813401685,0.13793103448275862,0.0,0.7
0.08333333333333333,0.0,0.9152542372881356,0.8686453172512828,0.7241379310344828,0.0,0.7
0.5333333333333333,0.0,0.6101694915254238,0.9315847029446159,0.41379310344827586,0.0,0.7
0.75,0.0,0.3728813559322034,0.8334421238646691,0.4482758620689655,0.0,0.7
0.31666666666666665,0.0,0.9322033898305084,0.8686605767497725,0.1724137931034483,0.0,0.7
0.6333333333333333,0.0,0.9152542372881356,0.9437433688830722,0.6551724137931034,0.0,0.7
0.5,0.0,0.2542372881355932,0.8627738447306494,0.4827586206896552,0.0,0.7
0.8666666666666667,0.0,0.288135593220339,0.6035569606676033,0.6551724137931034,0.0,0.742
0.4666666666666667,0.0,0.847457627118644,0.8116804982391959,0.3793103448275862,0.0,0.7
0.9,0.0,0.03389830508474576,0.8584590358365843,0.9310344827586207,0.0,0.7
0.7666666666666667,0.0,0.864406779661017,0.9864335916821899,0.6551724137931034,0.0,0.7
0.03333333333333333,0.0,0.4745762711864407,0.9463470287555268,0.5172413793103449,0.0,0.7
0.38333333333333336,0.0,0.3389830508474576,0.9626147406214698,0.20689655172413793,0.0,0.7
0.7,0.0,0.9661016949152542,0.9395164788375067,0.896551724137931,0.0,0.7
0.9666666666666667,0.0,0.13559322033898305,0.9457414541157529,0.3103448275862069,0.0,0.7
0.8166666666666667,0.0,0.2033898305084746,0.8508624498350279,0.27586206896551724,0.0,0.7
0.7333333333333333,0.0,0.3898305084745763,0.9588130795259033,0.1724137931034483,0.0,0.7
0.6333333333333333,0.0,0.3050847457627119,0.9235703362111908,0.8275862068965517,0.0,0.7
0.6333333333333333,0.0,0.06779661016949153,0.9580543404814713,0.4827586206896552,0.0,0.7
0.7,0.0,0.03389830508474576,0.8770373753680735,0.5172413793103449,0.0,0.7
0.03333333333333333,0.0,0.0,0.767070487670021,0.4827586206896552,0.0,0.7
0.5333333333333333,0.0,0.5254237288135594,0.9707555371665695,0.8620689655172413,0.0,0.7
0.36666666666666664,0.0,0.1016949152542373,0.7762880284490112,0.4827586206896552,0.0,0.7
0.36666666666666664,0.0,0.3898305084745763,0.9685604580604968,0.7586206896551724,0.0,0.7
0.75,0.0,0.8305084745762712,0.955742179968694,0.034482758620689655,0.0,0.7
0.1,0.0,0.7966101694915254,0.9568502398264741,0.034482758620689655,0.0,0.7
0.65,0.0,0.7796610169491526,0.7341064995236889,0.4827586206896552,0.0,0.7
0.8333333333333334,0.0,0.6779661016949152,0.27748765854790436,0.8275862068965517,0.0,0.732
0.4666666666666667,0.0,1.0,0.9707315423970808,0.27586206896551724,0.0,0.7
0.38333333333333336,0.0,0.6779661016949152,0.9601759302925664,0.6206896551724138,0.0,0.7
0.21666666666666667,0.0,0.288135593220339,0.9921767565226534,0.8275862068965517,0.0,0.7
0.6166666666666667,0.0,0.2033898305084746,0.9267388097211154,0.5862068965517241,0.0,0.7
0.75,0.0,1.0,0.8940608646723707,0.13793103448275862,0.0,0.7
0.6666666666666666,0.0,0.847457627118644,0.9751790003952389,0.896551724137931,0.0,0.7
0.9,0.0,0.576271186440678,0.9990452017714266,0.2413793103448276,0.0,0.7
0.65,0.0,0.22033898305084745,0.785621606062526,0.9655172413793104,0.0,0.7
0.8833333333333333,0.0,0.288135593220339,0.9493191239481451,0.5862068965517241,0.0,0.7
0.55,0.0,0.0,0.8294100541169437,0.7586206896551724,0.0,0.7
0.43333333333333335,0.0,0.11864406779661017,0.8652956084854128,0.7241379310344828,0.0,0.7
0.0,1.0,0.8983050847457628,0.8371773480348117,0.7586206896551724,0.0,0.7
0.43333333333333335,0.0,0.5084745762711864,0.9347152904006294,1.0,0.0,0.7
0.8666666666666667,0.0,0.6949152542372882,0.8350449090766471,0.9310344827586207,0.0,0.7
0.7,0.0,0.7796610169491526,0.8246854442901512,0.6896551724137931,0.0,0.7
0.7666666666666667,0.0,0.23728813559322035,0.9407815481076014,0.6206896551724138,0.0,0.7
0.5333333333333333,0.0,0.22033898305084745,0.9480964625421141,0.41379310344827586,0.0,0.7
0.0,1.0,0.7457627118644068,0.9692730458277211,0.5862068965517241,0.0,0.7
0.5833333333333334,0.0,0.8135593220338984,0.8679534807242584,0.0,1.0,0.7
0.8833333333333333,0.0,0.4406779661016949,0.9929388764524089,0.6551724137931034,0.0,0.7
0.016666666666666666,0.0,0.4067796610169492,0.9911152958435042,0.41379310344827586,0.0,0.7
0.8,0.0,0.6271186440677966,0.9598468634455749,0.06896551724137931,0.0,0.7
0.9333333333333333,0.0,0.3728813559322034,0.8711716961703714,0.3448275862068966,0.0,0.7
0.36666666666666664,0.0,0.22033898305084745,0.90655574157219,0.034482758620689655,0.0,0.7
0.7666666666666667,0.0,0.8135593220338984,0.9574269487073519,0.9655172413793104,0.0,0.7
0.08333333333333333,0.0,0.288135593220339,0.9834267349209462,0.2413793103448276,0.0,0.7
0.9,0.0,0.864406779661017,0.8947819779047435,0.7586206896551724,0.0,0.7
0.8333333333333334,0.0,0.0847457627118644,0.6922262931820563,0.27586206896551724,0.0,0.699
0.5,0.0,0.7627118644067796,0.9640839845241841,0.2413793103448276,0.0,0.7
0.9833333333333333,0.0,0.8983050847457628,0.837995472506756,0.9655172413793104,0.0,0.7
0.26666666666666666,0.0,0.3728813559322034,0.8698878477194788,0.7931034482758621,0.0,0.7
0.45,0.0,0.288135593220339,0.8053383475451154,0.6551724137931034,0.0,0.7
0.23333333333333334,0.0,0.9491525423728814,0.7042259392249407,0.5172413793103449,0.0,0.7
0.9333333333333333,0.0,0.3898305084745763,0.7136041539485974,0.6896551724137931,0.0,0.7
0.4,0.0,0.7966101694915254,0.8814899949604463,0.5862068965517241,0.0,0.7
0.55,0.0,0.2542372881355932,0.981152202530346,0.5172413793103449,0.0,0.7
0.1,0.0,0.7627118644067796,0.9446892247910494,0.9655172413793104,0.0,0.7
0.6,0.0,0.3898305084745763,0.9806863880213349,0.8275862068965517,0.0,0.7
0.18333333333333332,0.0,0.6610169491525424,0.9246968360242528,0.8275862068965517,0.0,0.7
0.21666666666666667,0.0,0.1694915254237288,0.9796743838856976,0.2413793103448276,0.0,0.7
0.06666666666666667,0.0,0.05084745762711865,0.9720040399937214,0.4827586206896552,0.0,0.7
0.8666666666666667,0.0,0.4406779661016949,0.9819852697144096,0.5862068965517241,0.0,0.7
0.35,0.0,0.559322033898305,0.8584116622849857,0.9310344827586207,0.0,0.7
0.9333333333333333,0.0,0.9491525423728814,0.9948618633036793,0.0,1.0,0.7
0.016666666666666666,0.0,0.5932203389830508,0.9707173488097918,0.20689655172413793,0.0,0.7
0.23333333333333334,0.0,0.06779661016949153,0.9354812524314308,0.13793103448275862,0.0,0.7
0.35,0.0,0.6610169491525424,0.9603698811636668,0.13793103448275862,0.0,0.7
0.8166666666666667,0.0,0.5423728813559322,0.5415739108662917,0.3448275862068966,0.0,0.735
0.15,0.0,0.9322033898305084,0.8136222962168999,0.9655172413793104,0.0,0.7
0.45,0.0,1.0,0.7713425081782916,0.13793103448275862,0.0,0.7
0.6333333333333333,0.0,0.9661016949152542,0.8121116484477804,0.7241379310344828,0.0,0.7
0.2833333333333333,0.0,0.8305084745762712,0.9830381184514924,0.4827586206896552,0.0,0.7
0.45,0.0,0.9830508474576272,0.6750096814937265,0.06896551724137931,0.0,0.707
0.16666666666666666,0.0,0.7627118644067796,0.7751209086958498,0.41379310344827586,0.0,0.7
0.11666666666666667,0.0,0.3898305084745763,0.9206452816548802,0.6206896551724138,0.0,0.7
0.26666666666666666,0.0,0.847457627118644,0.7232698384572371,0.2413793103448276,0.0,0.7
0.016666666666666666,0.0,0.4745762711864407,0.8207892259347367,0.0,1.0,0.7
0.18333333333333332,0.0,0.5932203389830508,0.8082932288478144,0.9310344827586207,0.0,0.7
0.8833333333333333,0.0,0.9830508474576272,0.953618371507675,0.3793103448275862,0.0,0.7
0.8333333333333334,0.0,0.7457627118644068,0.9738553492814845,0.10344827586206896,0.0,0.7
0.6833333333333333,0.0,0.6271186440677966,0.884709293935298,0.4482758620689655,0.0,0.7
0.43333333333333335,0.0,0.2542372881355932,0.9824006502389534,0.3448275862068966,0.0,0.7
0.11666666666666667,0.0,0.3728813559322034,0.778793977722864,0.3103448275862069,0.0,0.7
0.8833333333333333,0.0,0.5423728813559322,0.9142744027092188,0.2413793103448276,0.0,0.7
0.7833333333333333,0.0,0.06779661016949153,0.8090316264398945,0.034482758620689655,0.0,0.7
0.0,1.0,0.13559322033898305,0.9515885152174066,0.034482758620689655,0.0,0.7
0.7,0.0,0.711864406779661,0.9313530286795889,0.2413793103448276,0.0,0.7
0.7166666666666667,0.0,0.8983050847457628,0.8924674198347149,1.0,0.0,0.7
0.65,0.0,0.3050847457627119,0.8813619388180194,0.5862068965517241,0.0,0.7
0.21666666666666667,0.0,1.0,0.9241042492737636,0.7241379310344828,0.0,0.7
0.6333333333333333,0.0,0.576271186440678,0.9917330581332487,0.13793103448275862,0.0,0.7
0.38333333333333336,0.0,0.576271186440678,0.9478585490963461,0.5517241379310345,0.0,0.7
0.16666666666666666,0.0,0.05084745762711865,0.905501902274225,0.06896551724137931,0.0,0.7
0.9,0.0,0.3220338983050847,0.8894109217752617,0.7586206896551724,0.0,0.7
0.8333333333333334,0.0,0.05084745762711865,0.980835008757117,0.6896551724137931,0.0,0.7
0.85,0.0,0.3728813559322034,0.9580187854110145,0.8275862068965517,0.0,0.7
0.5666666666666667,0.0,0.2711864406779661,0.9583407592736064,0.7586206896551724,0.0,0.7
0.08333333333333333,0.0,0.4576271186440678,0.8487130190369132,0.2413793103448276,0.0,0.7
0.48333333333333334,0.0,0.864406779661017,0.9732457752474435,0.2413793103448276,0.0,0.7
0.23333333333333334,0.0,0.3220338983050847,0.9967181733654419,0.10344827586206896,0.0,0.7
0.15,0.0,0.11864406779661017,0.979819646620284,0.3448275862068966,0.0,0.7
0.43333333333333335,0.0,0.22033898305084745,0.9768327713537787,0.6551724137931034,0.0,0.7
0.6333333333333333,0.0,0.559322033898305,0.979276191724643,0.5517241379310345,0.0,0.7
0.6833333333333333,0.0,0.6271186440677966,0.8431166968000162,0.13793103448275862,0.0,0.7
0.26666666666666666,0.0,0.4576271186440678,0.9991620468885516,0.6896551724137931,0.0,0.7
0.9833333333333333,0.0,0.5084745762711864,0.8930340801351928,0.1724137931034483,0.0,0.7
0.5333333333333333,0.0,0.4406779661016949,0.9930496348743455,0.1724137931034483,0.0,0.7
0.26666666666666666,0.0,0.7966101694915254,0.975130761430701,0.6551724137931034,0.0,0.7
0.7,0.0,0.5084745762711864,0.9510325484183414,0.7931034482758621,0.0,0.7
0.0,1.0,0.05084745762711865,0.98285371533459,0.8275862068965517,0.0,0.7
0.08333333333333333,0.0,0.7288135593220338,0.8823803860918765,0.3103448275862069,0.0,0.7
0.9,0.0,0.6271186440677966,0.8209861010212874,0.6896551724137931,0.0,0.7
0.95,0.0,0.8983050847457628,0.8816414483449425,0.6551724137931034,0.0,0.7
0.48333333333333334,0.0,0.9152542372881356,0.9410922445802655,0.6206896551724138,0.0,0.7
0.5833333333333334,0.0,0.1864406779661017,0.9444509151377964,0.0,1.0,0.7
0.45,0.0,0.559322033898305,0.98918299098802,0.10344827586206896,0.0,0.7
0.8333333333333334,0.0,0.864406779661017,0.956698472631854,0.9655172413793104,0.0,0.7
0.9333333333333333,0.0,0.23728813559322035,0.9844348715223444,0.7241379310344828,0.0,0.7
0.38333333333333336,0.0,0.9322033898305084,0.7168505879801816,0.10344827586206896,0.0,0.7
0.43333333333333335,0.0,0.9830508474576272,0.962375143902825,0.6896551724137931,0.0,0.7
0.6833333333333333,0.0,0.6271186440677966,0.9935891873348076,0.7931034482758621,0.0,0.7
0.06666666666666667,0.0,0.23728813559322035,0.987285372325767,0.10344827586206896,0.0,0.7
0.06666666666666667,0.0,0.05084745762711865,0.994454995765488,0.6551724137931034,0.0,0.7
0.8,0.0,0.4067796610169492,0.966990548077987,0.5862068965517241,0.0,0.7
0.7666666666666667,0.0,0.9152542372881356,0.8950262319498411,0.8275862068965517,0.0,0.7
0.35,0.0,0.13559322033898305,0.7688417496461494,0.8275862068965517,0.0,0.7
0.2833333333333333,0.0,0.423728813559322,0.9694137676202953,0.7931034482758621,0.0,0.7
0.9333333333333333,0.0,0.05084745762711865,0.9153532776665779,0.896551724137931,0.0,0.7
0.45,0.0,0.559322033898305,0.8152403063119655,0.6896551724137931,0.0,0.7
0.0,1.0,0.0,0.9791057352444268,0.27586206896551724,0.0,0.7
0.0,1.0,0.3898305084745763,0.9376398044034505,0.0,1.0,0.7
0.016666666666666666,0.0,0.7457627118644068,0.799934284118072,0.5517241379310345,0.0,0.7
0.1,0.0,0.7966101694915254,0.9791814815073163,0.4827586206896552,0.0,0.7
0.8166666666666667,0.0,0.1016949152542373,0.735091205906424,0.1724137931034483,0.0,0.7
0.8833333333333333,0.0,0.8813559322033898,0.9091221115477452,0.9655172413793104,0.0,0.7
0.25,0.0,0.1864406779661017,0.9204472701787528,0.13793103448275862,0.0,0.7
0.55,0.0,0.711864406779661,0.9566243126124587,0.27586206896551724,0.0,0.7
0.7333333333333333,0.0,0.6610169491525424,0.8028982905374219,0.4827586206896552,0.0,0.7
0.6,0.0,0.6779661016949152,0.9482150492719945,0.8275862068965517,0.0,0.7
0.26666666666666666,0.0,1.0,0.48274595946789056,0.7241379310344828,0.0,0.735
0.8666666666666667,0.0,0.8813559322033898,0.9840092318451811,0.0,1.0,0.7
0.08333333333333333,0.0,0.15254237288135594,0.9023104862459961,0.27586206896551724,0.0,0.7
0.26666666666666666,0.0,0.8135593220338984,0.46760132821477657,0.4827586206896552,0.0,0.739
0.6,0.0,0.15254237288135594,0.8815849994102003,0.5517241379310345,0.0,0.7
0.31666666666666665,0.0,1.0,0.9618095378899333,0.13793103448275862,0.0,0.7
0.85,0.0,0.3559322033898305,0.9017650577092546,0.06896551724137931,0.0,0.7
0.7833333333333333,0.0,0.9152542372881356,0.9630235996347226,0.1724137931034483,0.0,0.7
0.23333333333333334,0.0,0.7966101694915254,0.9614137741719416,0.5862068965517241,0.0,0.7
0.26666666666666666,0.0,0.4915254237288136,0.8119865972491228,0.7931034482758621,0.0,0.7
0.5666666666666667,0.0,0.5254237288135594,0.9871401626014895,0.4482758620689655,0.0,0.7
0.5166666666666667,0.0,0.4406779661016949,0.7274872605928339,0.4482758620689655,0.0,0.7
0.03333333333333333,0.0,0.01694915254237288,0.9963520179281057,0.6551724137931034,0.0,0.7
0.2,0.0,0.05084745762711865,0.7933735428879373,0.9655172413793104,0.0,0.7
0.13333333333333333,0.0,0.7457627118644068,0.9203441346744266,0.5862068965517241,0.0,0.7
0.9333333333333333,0.0,0.7796610169491526,0.9660166272842163,1.0,0.0,0.7
0.08333333333333333,0.0,0.6440677966101694,0.9322842283696193,0.5172413793103449,0.0,0.7
0.08333333333333333,0.0,0.9830508474576272,0.8406464671508043,0.896551724137931,0.0,0.7
0.016666666666666666,0.0,0.288135593220339,0.9376850710619388,0.27586206896551724,0.0,0.7
0.5666666666666667,0.0,0.4745762711864407,0.9966641151907684,0.9310344827586207,0.0,0.7
0.21666666666666667,0.0,0.0847457627118644,0.9641427321254518,1.0,0.0,0.7
0.3,0.0,0.6440677966101694,0.9894353129405347,0.0,1.0,0.7
0.48333333333333334,0.0,0.5084745762711864,0.9771737312758861,0.7931034482758621,0.0,0.7
0.85,0.0,0.2542372881355932,0.9439384891272581,0.6551724137931034,0.0,0.7
0.5,0.0,0.5423728813559322,0.8926864948514958,0.5172413793103449,0.0,0.7
0.0,1.0,0.22033898305084745,0.9585649464739834,0.2413793103448276,0.0,0.7
0.6666666666666666,0.0,0.22033898305084745,0.7438755673533031,1.0,0.0,0.7
0.16666666666666666,0.0,0.05084745762711865,0.9960930163799152,0.7931034482758621,0.0,0.7
0.26666666666666666,0.0,0.15254237288135594,0.9507907334369674,0.2413793103448276,0.0,0.7
0.85,0.0,0.288135593220339,0.9576315100499933,0.06896551724137931,0.0,0.7
0.85,0.0,0.6101694915254238,0.9067979351528436,0.4482758620689655,0.0,0.7
0.9666666666666667,0.0,0.3559322033898305,0.9356228367890914,0.7241379310344828,0.0,0.7
0.8666666666666667,0.0,0.15254237288135594,0.8943203159036273,0.8275862068965517,0.0,0.7
0.25,0.0,0.8983050847457628,0.998862681375514,0.6551724137931034,0.0,0.7
0.05,0.0,0.2711864406779661,0.8912300451618841,0.896551724137931,0.0,0.7
0.7666666666666667,0.0,0.3559322033898305,0.8919540812266944,0.6551724137931034,0.0,0.7
0.43333333333333335,0.0,0.06779661016949153,0.36878442443636456,0.7586206896551724,0.0,0.74
0.55,0.0,0.11864406779661017,0.9042111022749936,0.6896551724137931,0.0,0.7
0.35,0.0,0.3389830508474576,0.8068416001628906,0.7241379310344828,0.0,0.7
0.8166666666666667,0.0,0.22033898305084745,0.9502664059824327,0.6551724137931034,0.0,0.7
0.4666666666666667,0.0,0.9491525423728814,0.8828206607259313,0.9310344827586207,0.0,0.7
0.8,0.0,0.1016949152542373,0.8402654262597382,0.7241379310344828,0.0,0.7
0.31666666666666665,0.0,1.0,0.9812473288589081,0.5172413793103449,0.0,0.7
0.08333333333333333,0.0,0.4915254237288136,0.730079664758415,0.41379310344827586,0.0,0.7
0.6833333333333333,0.0,0.0,0.5446317566055789,0.27586206896551724,0.0,0.744
0.7,0.0,0.864406779661017,0.9381371778766848,1.0,0.0,0.7
0.7333333333333333,0.0,0.0847457627118644,0.9424794244945284,0.4482758620689655,0.0,0.7
0.9,0.0,0.864406779661017,0.9579486183886945,0.2413793103448276,0.0,0.7
0.9166666666666666,0.0,0.11864406779661017,0.808435193960127,0.3793103448275862,0.0,0.7
0.45,0.0,0.13559322033898305,0.9197055773050129,0.6206896551724138,0.0,0.7
0.43333333333333335,0.0,0.7627118644067796,0.9415446160576287,0.4827586206896552,0.0,0.7
0.016666666666666666,0.0,0.6440677966101694,0.9957559597187062,0.27586206896551724,0.0,0.7
0.7166666666666667,0.0,0.5084745762711864,0.9693800907690655,0.13793103448275862,0.0,0.7
0.36666666666666664,0.0,0.9152542372881356,0.9471308921914027,0.9655172413793104,0.0,0.7
0.35,0.0,0.4406779661016949,0.9766554135768643,0.9655172413793104,0.0,0.7
0.5666666666666667,0.0,0.01694915254237288,0.9283608946172411,0.0,1.0,0.7
0.9666666666666667,0.0,0.9322033898305084,0.9405512285363707,0.3793103448275862,0.0,0.7
0.2833333333333333,0.0,0.05084745762711865,0.9022412146970912,0.06896551724137931,0.0,0.7
0.9833333333333333,0.0,0.1694915254237288,0.9359924854482664,0.7241379310344828,0.0,0.7
0.16666666666666666,0.0,0.8305084745762712,0.6432909063848866,0.41379310344827586,0.0,0.727
0.8,0.0,0.06779661016949153,0.9503774752953061,0.034482758620689655,0.0,0.7
0.6666666666666666,0.0,0.05084745762711865,0.9591891363776385,0.896551724137931,0.0,0.7
0.6833333333333333,0.0,0.576271186440678,0.9171904954483547,0.06896551724137931,0.0,0.7
0.5833333333333334,0.0,0.0,0.813814615926274,0.7931034482758621,0.0,0.7
0.21666666666666667,0.0,0.7966101694915254,0.7234467357995563,0.13793103448275862,0.0,0.7
0.21666666666666667,0.0,0.8135593220338984,0.7765008926190349,0.4482758620689655,0.0,0.7
0.08333333333333333,0.0,0.3050847457627119,0.6904036908862996,0.0,1.0,0.699
0.7,0.0,0.15254237288135594,0.9658942871069144,0.3103448275862069,0.0,0.7
0.65,0.0,0.5423728813559322,0.9636032241414404,0.9310344827586207,0.0,0.7
0.9666666666666667,0.0,0.288135593220339,0.9362717244465688,0.41379310344827586,0.0,0.7
0.18333333333333332,0.0,0.4576271186440678,0.9500315815091713,0.1724137931034483,0.0,0.7
0.8833333333333333,0.0,0.3050847457627119,0.8805953294120031,0.5517241379310345,0.0,0.7
0.7833333333333333,0.0,0.9491525423728814,0.9892226554436386,0.9310344827586207,0.0,0.7
0.65,0.0,0.1694915254237288,0.9984336949370806,0.20689655172413793,0.0,0.7
0.6,0.0,0.1694915254237288,0.9941174402036664,0.8275862068965517,0.0,0.7
0.8,0.0,0.7457627118644068,0.9593033661255447,0.20689655172413793,0.0,0.7
0.9,0.0,0.7966101694915254,0.9026871100036831,0.5172413793103449,0.0,0.7
0.7333333333333333,0.0,0.6440677966101694,0.9785705087533919,1.0,0.0,0.7
0.55,0.0,0.5423728813559322,0.8978188367983116,0.7931034482758621,0.0,0.7
0.7833333333333333,0.0,0.3050847457627119,0.9913149433787146,0.034482758620689655,0.0,0.7
0.26666666666666666,0.0,0.3220338983050847,0.9922721829514648,0.896551724137931,0.0,0.7
0.7,0.0,0.1694915254237288,0.8996740007254606,0.9655172413793104,0.0,0.7
0.4,0.0,0.847457627118644,0.8679667724440328,0.3103448275862069,0.0,0.7
0.4666666666666667,0.0,0.4067796610169492,0.8747071532272894,0.3448275862068966,0.0,0.7
0.11666666666666667,0.0,0.13559322033898305,0.8285762032530305,0.06896551724137931,0.0,0.7
0.1,0.0,0.05084745762711865,0.7288885694114138,0.06896551724137931,0.0,0.7
0.43333333333333335,0.0,0.1016949152542373,0.9897827665470582,0.20689655172413793,0.0,0.7
0.9666666666666667,0.0,0.5254237288135594,0.9771669743507886,0.2413793103448276,0.0,0.7
0.13333333333333333,0.0,0.8813559322033898,0.8476847909854562,0.4482758620689655,0.0,0.7
0.9,0.0,0.7627118644067796,0.964928009900141,0.7586206896551724,0.0,0.7
0.8333333333333334,0.0,0.6440677966101694,0.8063758546665541,0.1724137931034483,0.0,0.7
0.21666666666666667,0.0,0.9322033898305084,0.7802835177391955,0.896551724137931,0.0,0.7
0.6166666666666667,0.0,0.23728813559322035,0.8833745174795478,0.3103448275862069,0.0,0.7
0.6833333333333333,0.0,0.2033898305084746,0.9324595046508669,0.6206896551724138,0.0,0.7
0.35,0.0,0.3898305084745763,0.8251796933800748,0.5517241379310345,0.0,0.7
0.45,0.0,0.576271186440678,0.9574979388762374,0.896551724137931,0.0,0.7
0.8833333333333333,0.0,0.03389830508474576,0.9372202482509581,0.27586206896551724,0.0,0.7
0.016666666666666666,0.0,0.9830508474576272,0.5001627258500575,0.6551724137931034,0.0,0.736
0.6333333333333333,0.0,0.01694915254237288,0.9738068762206554,0.7241379310344828,0.0,0.7
0.75,0.0,0.2711864406779661,0.846410157053201,0.6551724137931034,0.0,0.7
0.0,1.0,0.2542372881355932,0.7964170079095381,0.1724137931034483,0.0,0.7
0.23333333333333334,0.0,0.11864406779661017,0.8354446018684184,0.8620689655172413,0.0,0.7
0.18333333333333332,0.0,0.13559322033898305,0.8807783674825365,0.2413793103448276,0.0,0.7
0.6166666666666667,0.0,0.423728813559322,0.9296495121574224,0.13793103448275862,0.0,0.7
0.3,0.0,0.22033898305084745,0.9664450783623529,0.7586206896551724,0.0,0.7
0.0,1.0,0.4745762711864407,0.7542557351035908,0.7931034482758621,0.0,0.7
0.9666666666666667,0.0,0.864406779661017,0.9717093215715672,0.4482758620689655,0.0,0.7
0.85,0.0,0.15254237288135594,0.9698777352104468,0.7241379310344828,0.0,0.7
0.7333333333333333,0.0,0.4406779661016949,0.9962940112301263,0.3448275862068966,0.0,0.7
0.6833333333333333,0.0,0.2033898305084746,0.7239908877290953,0.3103448275862069,0.0,0.7
0.8666666666666667,0.0,0.0847457627118644,0.8934617157117442,0.6206896551724138,0.0,0.7
0.26666666666666666,0.0,0.05084745762711865,0.9853247958070189,0.7586206896551724,0.0,0.7
0.6333333333333333,0.0,0.5084745762711864,0.8978172648336663,0.9310344827586207,0.0,0.7
0.21666666666666667,0.0,0.5423728813559322,0.9308230792499905,0.5862068965517241,0.0,0.7
0.48333333333333334,0.0,0.13559322033898305,0.864893783137801,0.034482758620689655,0.0,0.7
0.43333333333333335,0.0,0.9152542372881356,0.9534914655058254,0.8620689655172413,0.0,0.7
0.08333333333333333,0.0,0.9661016949152542,0.98887149980472,0.6551724137931034,0.0,0.7
0.26666666666666666,0.0,0.01694915254237288,0.9053403944684572,0.0,1.0,0.7
0.31666666666666665,0.0,0.6101694915254238,0.973024560944101,0.7586206896551724,0.0,0.7
0.7833333333333333,0.0,0.0847457627118644,0.7505579203835843,0.06896551724137931,0.0,0.7
0.55,0.0,0.2542372881355932,0.9865551675153975,0.4827586206896552,0.0,0.7
0.9166666666666666,0.0,0.03389830508474576,0.696030993077135,0.10344827586206896,0.0,0.7
0.25,0.0,0.711864406779661,0.7223977879791244,1.0,0.0,0.7
0.6166666666666667,0.0,0.2542372881355932,0.956753452397199,0.896551724137931,0.0,0.7
0.25,0.0,0.03389830508474576,0.9722849834368253,0.7241379310344828,0.0,0.7
0.38333333333333336,0.0,0.3050847457627119,0.8908389079095663,0.3793103448275862,0.0,0.7
0.7666666666666667,0.0,0.5254237288135594,0.8680592438901393,0.10344827586206896,0.0,0.7
0.6333333333333333,0.0,0.6440677966101694,0.9409304792486065,0.9310344827586207,0.0,0.7
0.26666666666666666,0.0,0.4576271186440678,0.8287400175018825,0.10344827586206896,0.0,0.7
0.0,1.0,0.9152542372881356,0.9458943364297696,0.2413793103448276,0.0,0.7
0.23333333333333334,0.0,0.423728813559322,0.941224259534775,0.06896551724137931,0.0,0.7
0.38333333333333336,0.0,0.4745762711864407,0.9720142148068008,0.3448275862068966,0.0,0.7
0.4666666666666667,0.0,0.864406779661017,0.9405688213225293,0.10344827586206896,0.0,0.7
0.45,0.0,0.4067796610169492,0.8938016144950127,0.0,1.0,0.7
0.9166666666666666,0.0,0.576271186440678,0.891411942417425,0.10344827586206896,0.0,0.7
0.6833333333333333,0.0,0.6779661016949152,0.9974446156173924,0.3793103448275862,0.0,0.7
0.6666666666666666,0.0,0.5423728813559322,0.930929241939744,0.9310344827586207,0.0,0.7
0.38333333333333336,0.0,0.2033898305084746,0.9579598122969731,1.0,0.0,0.7
0.5333333333333333,0.0,0.4067796610169492,0.9798683326840997,0.7586206896551724,0.0,0.7
0.8833333333333333,0.0,0.1864406779661017,0.9182384698981713,0.27586206896551724,0.0,0.7
0.03333333333333333,0.0,0.7966101694915254,0.4494564286626753,1.0,0.0,0.741
0.7833333333333333,0.0,0.9830508474576272,0.9111854300652865,0.8275862068965517,0.0,0.7
0.0,1.0,0.8135593220338984,0.8599578866760352,0.27586206896551724,0.0,0.7
0.016666666666666666,0.0,0.1864406779661017,0.9607294750182749,0.896551724137931,0.0,0.7
0.1,0.0,0.8983050847457628,0.9143155265211212,0.7931034482758621,0.0,0.7
0.26666666666666666,0.0,0.0,0.9666929608884693,0.13793103448275862,0.0,0.7
0.95,0.0,0.5254237288135594,0.9367552205669116,0.5172413793103449,0.0,0.7
0.2,0.0,0.5932203389830508,0.9868869414753606,0.20689655172413793,0.0,0.7
0.6666666666666666,0.0,0.9830508474576272,0.9822205484140012,0.13793103448275862,0.0,0.7
0.13333333333333333,0.0,0.05084745762711865,0.9972617571599721,0.8620689655172413,0.0,0.7
0.03333333333333333,0.0,0.9322033898305084,0.9913767323699624,0.5172413793103449,0.0,0.7
0.85,0.0,0.3898305084745763,0.8663033316211096,0.20689655172413793,0.0,0.7
0.31666666666666665,0.0,1.0,0.9876773319701818,0.8275862068965517,0.0,0.7
0.18333333333333332,0.0,0.4067796610169492,0.75972722413429,1.0,0.0,0.7
0.95,0.0,0.7288135593220338,0.7326822017415764,0.13793103448275862,0.0,0.7
0.4666666666666667,0.0,0.01694915254237288,0.8280665755031389,0.6896551724137931,0.0,0.7
0.4,0.0,0.1016949152542373,0.8951172859733442,0.3793103448275862,0.0,0.7
0.75,0.0,0.6101694915254238,0.9873544494774938,0.3793103448275862,0.0,0.7
0.18333333333333332,0.0,0.423728813559322,0.9978250916412765,0.06896551724137931,0.0,0.7
0.2833333333333333,0.0,0.8305084745762712,0.9471094535332031,0.9655172413793104,0.0,0.7
0.45,0.0,0.7966101694915254,0.9043834555667281,0.9655172413793104,0.0,0.7
0.9166666666666666,0.0,0.3220338983050847,0.9379586029776927,0.9310344827586207,0.0,0.7
0.8333333333333334,0.0,0.6949152542372882,0.70646965836675,0.41379310344827586,0.0,0.7
0.16666666666666666,0.0,0.6610169491525424,0.7626828483926453,0.034482758620689655,0.0,0.7
0.31666666666666665,0.0,0.3389830508474576,0.9885129231957613,1.0,0.0,0.7
0.7333333333333333,0.0,0.8983050847457628,0.9498463522604091,0.0,1.0,0.7
0.75,0.0,0.9661016949152542,0.8310732661544985,0.8620689655172413,0.0,0.7
0.25,0.0,0.1694915254237288,0.99379678458689,0.9655172413793104,0.0,0.7
0.03333333333333333,0.0,0.11864406779661017,0.7153363294693192,0.6896551724137931,0.0,0.7
0.26666666666666666,0.0,0.5932203389830508,0.9327099055907926,0.7931034482758621,0.0,0.7
0.85,0.0,0.6949152542372882,0.7479034573014023,0.3448275862068966,0.0,0.7
0.9333333333333333,0.0,0.6610169491525424,0.7746992837231522,0.7931034482758621,0.0,0.7
0.3,0.0,0.9322033898305084,0.8466918474934801,0.5172413793103449,0.0,0.7
0.8833333333333333,0.0,0.6949152542372882,0.9941305322453046,0.6206896551724138,0.0,0.7
0.38333333333333336,0.0,0.5423728813559322,0.8783339033305514,0.9310344827586207,0.0,0.7
0.6333333333333333,0.0,0.576271186440678,0.947820312731552,0.8275862068965517,0.0,0.7
0.7,0.0,0.11864406779661017,0.9683582270267457,0.0,1.0,0.7
0.45,0.0,0.5932203389830508,0.9592005242043501,0.896551724137931,0.0,0.7
0.5333333333333333,0.0,1.0,0.8877618282015223,0.3103448275862069,0.0,0.7
0.6833333333333333,0.0,0.8813559322033898,0.9231940475432693,0.7586206896551724,0.0,0.7
0.9333333333333333,0.0,0.23728813559322035,0.9386546729601277,0.5172413793103449,0.0,0.7
0.31666666666666665,0.0,0.3389830508474576,0.8809555945251903,0.3103448275862069,0.0,0.7
0.16666666666666666,0.0,1.0,0.9080695285014618,0.9310344827586207,0.0,0.7
0.21666666666666667,0.0,0.15254237288135594,0.7870132774012605,0.896551724137931,0.0,0.7
0.4166666666666667,0.0,0.03389830508474576,0.8431901407653488,0.7931034482758621,0.0,0.7
0.55,0.0,0.23728813559322035,0.9871436451324354,0.6896551724137931,0.0,0.7
0.7833333333333333,0.0,0.11864406779661017,0.9868974680943088,0.7241379310344828,0.0,0.7
0.5166666666666667,0.0,0.9322033898305084,0.9836577529302063,0.06896551724137931,0.0,0.7
0.5833333333333334,0.0,0.0847457627118644,0.99780318386641,1.0,0.0,0.7
0.25,0.0,0.3898305084745763,0.9192181288736535,0.41379310344827586,0.0,0.7
0.26666666666666666,0.0,0.11864406779661017,0.984560406551508,0.7931034482758621,0.0,0.7
0.5833333333333334,0.0,0.2542372881355932,0.936484882895674,0.5517241379310345,0.0,0.7
0.8833333333333333,0.0,0.4915254237288136,0.841545514682852,0.27586206896551724,0.0,0.7
0.35,0.0,0.6610169491525424,0.985440561640848,0.20689655172413793,0.0,0.7
0.9,0.0,0.0,0.7679025309642974,0.6896551724137931,0.0,0.7
0.5833333333333334,0.0,0.423728813559322,0.9742720575629651,0.6551724137931034,0.0,0.7
0.85,0.0,0.6779661016949152,0.9254865711954352,0.3793103448275862,0.0,0.7
0.9333333333333333,0.0,0.6101694915254238,0.9359337646300977,0.4827586206896552,0.0,0.7
0.9833333333333333,0.0,0.1864406779661017,0.986522183714841,0.20689655172413793,0.0,0.7
0.05,0.0,0.7457627118644068,0.8479321315195233,0.8620689655172413,0.0,0.7
0.6166666666666667,0.0,0.4745762711864407,0.9034876912085371,0.3103448275862069,0.0,0.7
0.6333333333333333,0.0,0.5254237288135594,0.8760961063454229,0.6551724137931034,0.0,0.7
0.05,0.0,0.1864406779661017,0.9771153046193466,0.3793103448275862,0.0,0.7
0.55,0.0,0.6101694915254238,0.9160068721859358,0.034482758620689655,0.0,0.7
0.6333333333333333,0.0,0.9491525423728814,0.9108141635720267,0.27586206896551724,0.0,0.7
0.5833333333333334,0.0,0.7627118644067796,0.8549551140029532,0.8620689655172413,0.0,0.7
0.8166666666666667,0.0,1.0,0.9703207500158983,0.27586206896551724,0.0,0.7
0.55,0.0,0.9152542372881356,0.7970986250686944,0.10344827586206896,0.0,0.7
0.1,0.0,0.8983050847457628,0.9244638514911386,0.27586206896551724,0.0,0.7
0.43333333333333335,0.0,0.5932203389830508,0.7345303886707995,0.034482758620689655,0.0,0.7
0.21666666666666667,0.0,0.3728813559322034,0.7936905765102287,0.1724137931034483,0.0,0.7
0.45,0.0,0.11864406779661017,0.9890909256674837,0.3448275862068966,0.0,0.7
0.5833333333333334,0.0,0.8983050847457628,0.9848301862238452,0.0,1.0,0.7
0.1,0.0,0.8305084745762712,0.9751159621330232,0.5862068965517241,0.0,0.7
0.21666666666666667,0.0,0.6610169491525424,0.9398067812337068,0.10344827586206896,0.0,0.7
0.4166666666666667,0.0,0.3389830508474576,0.9340108713670379,0.4827586206896552,0.0,0.7
0.36666666666666664,0.0,0.6779661016949152,0.9612535188251984,0.4827586206896552,0.0,0.7
0.16666666666666666,0.0,0.8983050847457628,0.7237336815698195,0.6206896551724138,0.0,0.7
0.8666666666666667,0.0,0.4745762711864407,0.968135306586798,0.8275862068965517,0.0,0.7
0.18333333333333332,0.0,0.3220338983050847,0.9572921399570274,0.6896551724137931,0.0,0.7
0.21666666666666667,0.0,0.864406779661017,0.9435842178668797,0.7241379310344828,0.0,0.7
0.08333333333333333,0.0,0.1864406779661017,0.8644331052876962,0.8275862068965517,0.0,0.7
0.9666666666666667,0.0,0.15254237288135594,0.7265362004328538,0.7586206896551724,0.0,0.7
0.7666666666666667,0.0,0.3898305084745763,0.9636948451271338,0.7931034482758621,0.0,0.7
0.08333333333333333,0.0,0.6779661016949152,0.99265090191447,0.06896551724137931,0.0,0.7
0.08333333333333333,0.0,0.6610169491525424,0.9386909764802577,0.5862068965517241,0.0,0.7
0.9,0.0,0.288135593220339,0.9629185465493809,0.6551724137931034,0.0,0.7
0.13333333333333333,0.0,0.23728813559322035,0.8865232868301135,0.896551724137931,0.0,0.7
0.2,0.0,0.3389830508474576,0.872816051303385,0.6551724137931034,0.0,0.7
0.3,0.0,0.3728813559322034,0.974997508069098,0.896551724137931,0.0,0.7
0.9333333333333333,0.0,0.9491525423728814,0.9751726414048509,0.5862068965517241,0.0,0.7
0.45,0.0,0.847457627118644,0.9395176847851453,0.9310344827586207,0.0,0.7
0.55,0.0,0.4067796610169492,0.942348215926183,0.896551724137931,0.0,0.7
0.35,0.0,0.8813559322033898,0.9699541078853827,0.1724137931034483,0.0,0.7
0.5,0.0,0.3220338983050847,0.9295154785313372,0.7586206896551724,0.0,0.7
0.1,0.0,0.7627118644067796,0.9838283805468696,0.7586206896551724,0.0,0.7
0.95,0.0,0.6101694915254238,0.8191198308098765,0.3448275862068966,0.0,0.7
0.23333333333333334,0.0,0.6610169491525424,0.9246535111156641,0.06896551724137931,0.0,0.7
0.16666666666666666,0.0,0.423728813559322,0.9883516661301989,0.7931034482758621,0.0,0.7
0.6,0.0,0.2033898305084746,0.9293756606291851,0.10344827586206896,0.0,0.7
0.5,0.0,0.9830508474576272,0.7036662229940489,0.27586206896551724,0.0,0.7
0.9333333333333333,0.0,0.2711864406779661,0.9586682626085282,0.0,1.0,0.7
0.4666666666666667,0.0,0.559322033898305,0.906101477870589,0.8275862068965517,0.0,0.7
0.4,0.0,0.9322033898305084,0.9806283620923163,0.7586206896551724,0.0,0.7
0.18333333333333332,0.0,1.0,0.9937599062340939,0.896551724137931,0.0,0.7
0.9666666666666667,0.0,0.06779661016949153,0.990942611291437,0.0,1.0,0.7
0.4166666666666667,0.0,0.8813559322033898,0.8731934037513864,0.20689655172413793,0.0,0.7
0.0,1.0,0.2033898305084746,0.8623841750960601,0.7241379310344828,0.0,0.7
0.65,0.0,0.4576271186440678,0.9749589080140393,0.7931034482758621,0.0,0.7
0.8333333333333334,0.0,0.5423728813559322,0.9490347558380566,0.5862068965517241,0.0,0.7
0.9166666666666666,0.0,0.11864406779661017,0.9938279149277962,0.27586206896551724,0.0,0.7
0.06666666666666667,0.0,0.9322033898305084,0.9297871010128139,0.896551724137931,0.0,0.7
0.5333333333333333,0.0,0.06779661016949153,0.30515295628716704,0.1724137931034483,0.0,0.738
0.6666666666666666,0.0,0.3728813559322034,0.9855388644109327,0.8620689655172413,0.0,0.7
0.75,0.0,0.288135593220339,0.9995925028636178,0.5172413793103449,0.0,0.7
0.4166666666666667,0.0,0.03389830508474576,0.7054446248694765,0.034482758620689655,0.0,0.7
0.15,0.0,0.423728813559322,0.9556432371324669,0.1724137931034483,0.0,0.7
0.9166666666666666,0.0,0.1694915254237288,0.8096507080916526,0.27586206896551724,0.0,0.7
0.15,0.0,0.2711864406779661,0.9102149380760016,0.7931034482758621,0.0,0.7
0.3,0.0,0.559322033898305,0.9661252041883216,0.0,1.0,0.7
0.05,0.0,0.0,0.9275977054048536,0.3448275862068966,0.0,0.7
0.8666666666666667,0.0,0.5423728813559322,0.9044187316436908,0.7241379310344828,0.0,0.7
0.36666666666666664,0.0,0.2033898305084746,0.8208209561756599,0.3103448275862069,0.0,0.7
0.45,0.0,0.6779661016949152,0.7712841157963837,0.27586206896551724,0.0,0.7
0.8166666666666667,0.0,0.3389830508474576,0.9727224162301875,0.4482758620689655,0.0,0.7
0.48333333333333334,0.0,0.15254237288135594,0.945012307334154,0.5862068965517241,0.0,0.7
0.8166666666666667,0.0,0.13559322033898305,0.9838627961104429,0.06896551724137931,0.0,0.7
0.18333333333333332,0.0,0.4067796610169492,0.988497185545386,0.06896551724137931,0.0,0.7
0.5666666666666667,0.0,0.06779661016949153,0.7414401298709673,0.0,1.0,0.7
0.48333333333333334,0.0,0.6271186440677966,0.9725645221691424,0.20689655172413793,0.0,0.7
0.03333333333333333,0.0,0.4406779661016949,0.9883292184975709,0.13793103448275862,0.0,0.7
0.9166666666666666,0.0,0.7457627118644068,0.9581661946602084,0.034482758620689655,0.0,0.7
0.55,0.0,0.6271186440677966,0.957582610626087,0.27586206896551724,0.0,0.7
0.8166666666666667,0.0,0.7627118644067796,0.9946271793353861,0.5172413793103449,0.0,0.7
0.95,0.0,0.4576271186440678,0.9965721065894482,0.2413793103448276,0.0,0.7
0.85,0.0,0.2711864406779661,0.8089059257430143,0.8620689655172413,0.0,0.7
0.18333333333333332,0.0,0.3898305084745763,0.8316640903559336,0.8620689655172413,0.0,0.7
0.45,0.0,0.4915254237288136,0.9850682243193898,0.4482758620689655,0.0,0.7
0.95,0.0,0.03389830508474576,0.7019688750417102,0.0,1.0,0.7
0.9,0.0,0.13559322033898305,0.8626684213300774,0.20689655172413793,0.0,0.7
0.7666666666666667,0.0,0.5254237288135594,0.9493719731737,0.1724137931034483,0.0,0.7
0.8333333333333334,0.0,0.6610169491525424,0.7794443248419693,0.10344827586206896,0.0,0.7
0.7333333333333333,0.0,0.8983050847457628,0.7314613090825738,0.4827586206896552,0.0,0.7
0.21666666666666667,0.0,0.0,0.9801327221071295,0.2413793103448276,0.0,0.7
0.7666666666666667,0.0,0.7966101694915254,0.9502742840063664,0.8275862068965517,0.0,0.7
0.16666666666666666,0.0,0.559322033898305,0.9841230145783595,0.41379310344827586,0.0,0.7
0.6833333333333333,0.0,0.6949152542372882,0.9392916773153883,0.2413793103448276,0.0,0.7
0.6,0.0,0.559322033898305,0.9477685035241585,0.034482758620689655,0.0,0.7
0.8833333333333333,0.0,0.11864406779661017,0.9649651019628733,0.7931034482758621,0.0,0.7
0.21666666666666667,0.0,0.15254237288135594,0.8614891170579361,0.20689655172413793,0.0,0.7
0.016666666666666666,0.0,0.4915254237288136,0.8788230450772185,0.3793103448275862,0.0,0.7
0.7,0.0,0.0847457627118644,0.9743014954911615,0.6896551724137931,0.0,0.7
0.95,0.0,0.23728813559322035,0.7783876142982642,1.0,0.0,0.7
0.43333333333333335,0.0,0.288135593220339,0.9389996254530762,0.6896551724137931,0.0,0.7
0.31666666666666665,0.0,0.5423728813559322,0.7617182928466149,0.1724137931034483,0.0,0.7
0.45,0.0,0.6271186440677966,0.859443226656688,0.7241379310344828,0.0,0.7
0.6166666666666667,0.0,1.0,0.9343161642698884,0.27586206896551724,0.0,0.7
0.5666666666666667,0.0,0.4915254237288136,0.8827026343470407,0.4482758620689655,0.0,0.7
0.4666666666666667,0.0,0.423728813559322,0.9138536307259978,0.6551724137931034,0.0,0.7
0.8166666666666667,0.0,0.559322033898305,0.9981024002343966,0.4482758620689655,0.0,0.7
0.1,0.0,0.423728813559322,0.9834405459034595,0.6206896551724138,0.0,0.7
0.2833333333333333,0.0,0.0847457627118644,0.48105819742313194,0.0,1.0,0.734
0.2833333333333333,0.0,0.9830508474576272,0.9736976230789509,0.6206896551724138,0.0,0.7
0.26666666666666666,0.0,0.1864406779661017,0.9960128848511696,0.6896551724137931,0.0,0.7
0.4166666666666667,0.0,0.0,0.9077214433352522,0.1724137931034483,0.0,0.7
0.16666666666666666,0.0,0.06779661016949153,0.9201841292329414,0.896551724137931,0.0,0.7
0.6833333333333333,0.0,0.1016949152542373,0.9830606119305908,0.9310344827586207,0.0,0.7
0.9833333333333333,0.0,0.06779661016949153,0.9749454059602052,0.9310344827586207,0.0,0.7
0.85,0.0,0.15254237288135594,0.9976731025983209,0.034482758620689655,0.0,0.7
0.4166666666666667,0.0,0.6271186440677966,0.9985281126449617,0.06896551724137931,0.0,0.7
0.6166666666666667,0.0,0.01694915254237288,0.9431756367565777,0.9655172413793104,0.0,0.7
0.03333333333333333,0.0,0.7796610169491526,0.8950753077701533,0.13793103448275862,0.0,0.7
0.0,1.0,0.5423728813559322,0.8893644713437511,0.896551724137931,0.0,0.7
0.5,0.0,0.4067796610169492,0.9899542772948718,0.6896551724137931,0.0,0.7
0.6833333333333333,0.0,0.4576271186440678,0.8948431656807024,0.5517241379310345,0.0,0.7
0.6166666666666667,0.0,0.423728813559322,0.9907631682124974,0.8275862068965517,0.0,0.7
0.8666666666666667,0.0,0.6101694915254238,0.977686301986024,0.27586206896551724,0.0,0.7
0.45,0.0,0.23728813559322035,0.9563800613740097,0.6551724137931034,0.0,0.7
0.15,0.0,0.6440677966101694,0.805098294010292,0.0,1.0,0.7
0.08333333333333333,0.0,0.6440677966101694,0.8752555325870509,0.9655172413793104,0.0,0.7
0.4,0.0,0.3728813559322034,0.9990088757252248,0.4827586206896552,0.0,0.7
0.1,0.0,0.8305084745762712,0.778000527217646,0.9310344827586207,0.0,0.7
0.3,0.0,0.8983050847457628,0.9668820356875956,0.9310344827586207,0.0,0.7
0.5166666666666667,0.0,0.5254237288135594,0.7123476188810622,0.8275862068965517,0.0,0.7
0.38333333333333336,0.0,0.7966101694915254,0.9846692984181071,0.4482758620689655,0.0,0.7
0.38333333333333336,0.0,0.6779661016949152,0.7493975898493622,0.41379310344827586,0.0,0.7
0.5333333333333333,0.0,0.3559322033898305,0.8245263408008783,0.0,1.0,0.7
0.7,0.0,0.4406779661016949,0.8057417011670834,0.3448275862068966,0.0,0.7
0.8333333333333334,0.0,0.864406779661017,0.9955619767133154,0.034482758620689655,0.0,0.7
0.5333333333333333,0.0,0.9152542372881356,0.922807872099375,1.0,0.0,0.7
0.45,0.0,0.7966101694915254,0.8713466956620154,0.3448275862068966,0.0,0.7
0.6833333333333333,0.0,0.288135593220339,0.9673976889627525,0.5172413793103449,0.0,0.7
1.0,0.0,0.3050847457627119,0.8981204317832091,0.7931034482758621,0.0,0.7
0.5333333333333333,0.0,0.2033898305084746,0.978098396516924,0.3103448275862069,0.0,0.7
0.7,0.0,0.22033898305084745,0.9676685965040716,0.6551724137931034,0.0,0.7
0.05,0.0,0.9322033898305084,0.8809056983893754,0.8620689655172413,0.0,0.7
0.18333333333333332,0.0,0.3220338983050847,0.8639274608531575,0.5517241379310345,0.0,0.7
0.26666666666666666,0.0,0.9661016949152542,0.8019561203313748,0.3448275862068966,0.0,0.7
0.6833333333333333,0.0,0.3389830508474576,0.9466489660791915,0.5172413793103449,0.0,0.7
0.9666666666666667,0.0,0.13559322033898305,0.5926725844030075,0.7931034482758621,0.0,0.744
0.5166666666666667,0.0,0.0847457627118644,0.9829896641196585,0.2413793103448276,0.0,0.7
1.0,0.0,0.22033898305084745,0.9788322204977313,0.3793103448275862,0.0,0.7
0.38333333333333336,0.0,0.1694915254237288,0.6260887717068088,0.896551724137931,0.0,0.738
0.05,0.0,0.3389830508474576,0.840361280441848,0.7586206896551724,0.0,0.7
0.9166666666666666,0.0,0.5932203389830508,0.7782180436283114,0.896551724137931,0.0,0.7
0.23333333333333334,0.0,1.0,0.9978719728595056,0.034482758620689655,0.0,0.7
0.8833333333333333,0.0,0.1694915254237288,0.8388135247507691,0.9655172413793104,0.0,0.7
0.06666666666666667,0.0,0.8305084745762712,0.9142992698911462,0.896551724137931,0.0,0.7
0.1,0.0,0.05084745762711865,0.9487667399774313,0.8275862068965517,0.0,0.7
0.8333333333333334,0.0,0.4745762711864407,0.9420151065253266,0.4482758620689655,0.0,0.7
0.6333333333333333,0.0,0.22033898305084745,0.9508865910947335,0.7241379310344828,0.0,0.7
0.7,0.0,0.9152542372881356,0.9388121690908866,0.896551724137931,0.0,0.7
0.55,0.0,0.6779661016949152,0.9679103782194681,0.41379310344827586,0.0,0.7
0.75,0.0,0.6271186440677966,0.7428786271970071,0.6206896551724138,0.0,0.7
0.1,0.0,0.5932203389830508,0.7225437226097687,0.6896551724137931,0.0,0.7
0.31666666666666665,0.0,0.4067796610169492,0.8266392041243162,1.0,0.0,0.7
0.85,0.0,0.23728813559322035,0.9428558719690384,0.2413793103448276,0.0,0.7
0.26666666666666666,0.0,0.423728813559322,0.8932893208950935,0.2413793103448276,0.0,0.7
0.5166666666666667,0.0,0.3898305084745763,0.997871371148747,0.5517241379310345,0.0,0.7
0.4666666666666667,0.0,0.423728813559322,0.9441246806264266,0.0,1.0,0.7
0.5,0.0,0.4915254237288136,0.9292895159678485,1.0,0.0,0.7
0.03333333333333333,0.0,0.6440677966101694,0.9127461946335846,0.7931034482758621,0.0,0.7
0.6833333333333333,0.0,0.3559322033898305,0.9694370689702955,0.3793103448275862,0.0,0.7
0.9333333333333333,0.0,0.864406779661017,0.9767333102753306,0.7931034482758621,0.0,0.7
0.6333333333333333,0.0,0.6610169491525424,0.9162905789530196,0.6551724137931034,0.0,0.7
0.4166666666666667,0.0,0.2033898305084746,0.9829181620401202,0.8620689655172413,0.0,0.7
0.8833333333333333,0.0,0.2033898305084746,0.31066245648592894,0.10344827586206896,0.0,0.731
0.7,0.0,0.5254237288135594,0.8951477783610151,0.13793103448275862,0.0,0.7
0.7166666666666667,0.0,0.9661016949152542,0.9427544901618444,0.6551724137931034,0.0,0.7
0.7666666666666667,0.0,0.711864406779661,0.9512144847864019,0.3793103448275862,0.0,0.7
0.2,0.0,0.8135593220338984,0.9433011639371123,0.3448275862068966,0.0,0.7
0.3,0.0,0.23728813559322035,0.6438504931503078,0.5517241379310345,0.0,0.734
0.016666666666666666,0.0,0.7627118644067796,0.9347907143307862,0.7241379310344828,0.0,0.7
0.6166666666666667,0.0,0.3898305084745763,0.9824460364924851,0.10344827586206896,0.0,0.7
0.5,0.0,0.6610169491525424,0.9506728179534271,0.9310344827586207,0.0,0.7
0.7166666666666667,0.0,0.9152542372881356,0.9991524910853735,1.0,0.0,0.7
0.25,0.0,0.9830508474576272,0.8407859473371939,1.0,0.0,0.7
0.75,0.0,0.4576271186440678,0.9302130592323837,0.2413793103448276,0.0,0.7
0.5833333333333334,0.0,0.06779661016949153,0.9089661644933189,0.06896551724137931,0.0,0.7
0.1,0.0,0.6440677966101694,0.9753200158862785,0.3448275862068966,0.0,0.7
0.5,0.0,0.3050847457627119,0.9885041426637792,0.5862068965517241,0.0,0.7
0.8833333333333333,0.0,0.23728813559322035,0.9093143817086619,0.9310344827586207,0.0,0.7
0.23333333333333334,0.0,0.22033898305084745,0.5870633696662677,0.7241379310344828,0.0,0.744
0.9,0.0,0.576271186440678,0.9839949998764143,0.8275862068965517,0.0,0.7
0.4666666666666667,0.0,0.7627118644067796,0.6915910805915209,0.8620689655172413,0.0,0.699
0.9333333333333333,0.0,0.8813559322033898,0.9985325013886971,0.5862068965517241,0.0,0.7
0.13333333333333333,0.0,0.13559322033898305,0.7369926464995825,0.9310344827586207,0.0,0.7
0.45,0.0,0.711864406779661,0.6723418183551835,0.0,1.0,0.707
0.4166666666666667,0.0,1.0,0.7744953763586381,0.3103448275862069,0.0,0.7
0.2833333333333333,0.0,0.6949152542372882,0.9688628228732495,0.27586206896551724,0.0,0.7
0.23333333333333334,0.0,0.0847457627118644,0.9724979034044897,0.896551724137931,0.0,0.7
0.5833333333333334,0.0,0.0847457627118644,0.939388791205351,0.7586206896551724,0.0,0.7
0.9166666666666666,0.0,0.6101694915254238,0.8575857998867219,0.034482758620689655,0.0,0.7
0.05,0.0,0.4406779661016949,0.9488772781053003,0.9655172413793104,0.0,0.7
0.55,0.0,0.05084745762711865,0.9656693448678715,0.3793103448275862,0.0,0.7
0.06666666666666667,0.0,0.0847457627118644,0.7403011323969177,0.034482758620689655,0.0,0.7
0.9,0.0,0.9152542372881356,0.8907212465427256,0.6206896551724138,0.0,0.7
0.45,0.0,0.0847457627118644,0.8675758535189972,0.9310344827586207,0.0,0.7
0.23333333333333334,0.0,0.6440677966101694,0.8802753529282452,0.1724137931034483,0.0,0.7
0.9,0.0,0.8813559322033898,0.6066431833130518,0.3793103448275862,0.0,0.733
0.06666666666666667,0.0,0.2711864406779661,0.9898969827843698,0.896551724137931,0.0,0.7
0.9666666666666667,0.0,0.5932203389830508,0.7914645656414493,0.6896551724137931,0.0,0.7
0.5,0.0,0.576271186440678,0.9327086066593233,0.6206896551724138,0.0,0.7
0.75,0.0,0.1864406779661017,0.9078663613004498,0.7241379310344828,0.0,0.7
0.35,0.0,0.11864406779661017,0.9377317602389806,0.034482758620689655,0.0,0.7
0.6333333333333333,0.0,0.5932203389830508,0.7715942238978516,0.3793103448275862,0.0,0.7
0.5,0.0,0.4576271186440678,0.9742857474842856,0.3103448275862069,0.0,0.7
0.8666666666666667,0.0,0.3559322033898305,0.8638318255846893,0.5862068965517241,0.0,0.7
0.03333333333333333,0.0,0.9322033898305084,0.968934260012606,0.896551724137931,0.0,0.7
0.5666666666666667,0.0,0.9661016949152542,0.9318003224520992,0.4827586206896552,0.0,0.7
0.3,0.0,0.7796610169491526,0.6979864255725059,0.06896551724137931,0.0,0.7
0.45,0.0,0.5254237288135594,0.9952467456986855,0.20689655172413793,0.0,0.7
0.5833333333333334,0.0,0.4067796610169492,0.9238320344052414,0.6551724137931034,0.0,0.7
0.5,0.0,0.3220338983050847,0.9218183794239545,0.034482758620689655,0.0,0.7
0.16666666666666666,0.0,0.22033898305084745,0.959587496652099,0.06896551724137931,0.0,0.7
0.85,0.0,0.9491525423728814,0.9950539144100498,0.6896551724137931,0.0,0.7
0.8833333333333333,0.0,0.559322033898305,0.6380840111818616,0.7931034482758621,0.0,0.73
0.65,0.0,0.1016949152542373,0.9796866799023722,0.034482758620689655,0.0,0.7
0.38333333333333336,0.0,0.6271186440677966,0.9948189915595574,0.1724137931034483,0.0,0.7
0.5,0.0,0.576271186440678,0.9643630192030117,0.5517241379310345,0.0,0.7
0.6333333333333333,0.0,0.711864406779661,0.9080455189154261,0.8275862068965517,0.0,0.7
0.85,0.0,0.6271186440677966,0.989797351925857,0.41379310344827586,0.0,0.7
0.95,0.0,0.9830508474576272,0.957605521859916,0.1724137931034483,0.0,0.7
0.23333333333333334,0.0,0.7288135593220338,0.9676159626942771,0.5517241379310345,0.0,0.7
0.2833333333333333,0.0,0.4915254237288136,0.8747960681512441,0.8275862068965517,0.0,0.7
0.75,0.0,0.8813559322033898,0.9524070380475851,0.034482758620689655,0.0,0.7
0.55,0.0,0.1016949152542373,0.9812908995256977,0.9655172413793104,0.0,0.7
0.8333333333333334,0.0,0.7288135593220338,0.90344023846817,0.06896551724137931,0.0,0.7
0.31666666666666665,0.0,0.5932203389830508,0.9908557295338843,0.8620689655172413,0.0,0.7
0.95,0.0,0.1694915254237288,0.9068896724328486,0.896551724137931,0.0,0.7
0.85,0.0,0.8305084745762712,0.8984565580144264,0.5172413793103449,0.0,0.7
0.9833333333333333,0.0,0.1016949152542373,0.7838151093921182,0.6551724137931034,0.0,0.7
0.43333333333333335,0.0,0.7966101694915254,0.9847538962016321,0.0,1.0,0.7
0.5666666666666667,0.0,0.9830508474576272,0.9932064544836237,0.1724137931034483,0.0,0.7
0.6166666666666667,0.0,0.0,0.8457513687784345,0.1724137931034483,0.0,0.7
0.8166666666666667,0.0,0.01694915254237288,0.9859729990734386,0.3793103448275862,0.0,0.7
0.5833333333333334,0.0,0.4067796610169492,0.8178164618501256,0.3103448275862069,0.0,0.7
0.8166666666666667,0.0,0.2033898305084746,0.9893073045009118,0.7931034482758621,0.0,0.7
0.35,0.0,0.5423728813559322,0.7361375526254106,0.2413793103448276,0.0,0.7
0.016666666666666666,0.0,0.2711864406779661,0.994338030697679,0.4827586206896552,0.0,0.7
0.8833333333333333,0.0,0.22033898305084745,0.9724164144912933,0.27586206896551724,0.0,0.7
0.0,1.0,0.3728813559322034,0.9056396878281298,0.6206896551724138,0.0,0.7
0.3,0.0,0.0,0.7827844817564145,0.6551724137931034,0.0,0.7
0.23333333333333334,0.0,0.4067796610169492,0.8755934276335446,0.5862068965517241,0.0,0.7
0.23333333333333334,0.0,0.6949152542372882,0.924701381147069,0.41379310344827586,0.0,0.7
0.26666666666666666,0.0,0.23728813559322035,0.7614374375817774,0.3103448275862069,0.0,0.7
0.48333333333333334,0.0,0.7966101694915254,0.9115573569663915,0.13793103448275862,0.0,0.7
0.7833333333333333,0.0,0.8813559322033898,0.9801959152303241,0.2413793103448276,0.0,0.7
0.8833333333333333,0.0,0.2033898305084746,0.6548934961236684,0.034482758620689655,0.0,0.7
0.45,0.0,0.3898305084745763,0.9919541024601812,0.5172413793103449,0.0,0.7
0.6166666666666667,0.0,0.1016949152542373,0.7596682194466123,0.20689655172413793,0.0,0.7
0.2,0.0,0.22033898305084745,0.9523829256768662,0.8620689655172413,0.0,0.7
0.6666666666666666,0.0,0.2033898305084746,0.9604489858937039,0.5517241379310345,0.0,0.7
0.65,0.0,0.847457627118644,0.911881567749329,0.41379310344827586,0.0,0.7
0.3,0.0,0.7288135593220338,0.9600211079293426,0.10344827586206896,0.0,0.7
0.4666666666666667,0.0,0.8983050847457628,0.8594861211045938,0.5862068965517241,0.0,0.7
0.9166666666666666,0.0,0.7627118644067796,0.8574982928860686,0.7931034482758621,0.0,0.7
0.9333333333333333,0.0,0.7966101694915254,0.686075809271618,0.6206896551724138,0.0,0.701
0.36666666666666664,0.0,0.4576271186440678,0.578736095585827,0.3793103448275862,0.0,0.725
0.8,0.0,0.4915254237288136,0.8857884823035794,0.9310344827586207,0.0,0.7
0.8833333333333333,0.0,0.576271186440678,0.8884108393366803,0.9655172413793104,0.0,0.7
0.13333333333333333,0.0,0.1016949152542373,0.827322084326838,0.6896551724137931,0.0,0.7
0.5166666666666667,0.0,0.6271186440677966,0.7910726799747244,0.2413793103448276,0.0,0.7
0.36666666666666664,0.0,0.3728813559322034,0.8664897000650115,0.3793103448275862,0.0,0.7
0.5,0.0,0.6271186440677966,0.9235944541130544,0.41379310344827586,0.0,0.7
0.95,0.0,0.6440677966101694,0.8937488532278933,0.0,1.0,0.7
0.08333333333333333,0.0,0.13559322033898305,0.7126051358124383,0.10344827586206896,0.0,0.7
0.8333333333333334,0.0,0.3728813559322034,0.5392596433781888,0.3103448275862069,0.0,0.741
0.21666666666666667,0.0,0.5423728813559322,0.7591172139998088,0.3448275862068966,0.0,0.7
0.0,1.0,0.6779661016949152,0.8476529837076396,0.41379310344827586,0.0,0.7
0.11666666666666667,0.0,0.1694915254237288,0.7405893688422271,0.2413793103448276,0.0,0.7
1.0,0.0,1.0,0.863834021380123,0.7586206896551724,0.0,0.7
0.31666666666666665,0.0,0.2542372881355932,0.7070381182571083,0.4482758620689655,0.0,0.7
0.5333333333333333,0.0,0.5932203389830508,0.9212693408857062,0.9655172413793104,0.0,0.7
0.7166666666666667,0.0,0.0,0.606557214700415,0.896551724137931,0.0,0.736
0.2,0.0,0.7627118644067796,0.5365210454245347,0.8620689655172413,0.0,0.74
0.8333333333333334,0.0,0.2033898305084746,0.7535499813271981,0.7586206896551724,0.0,0.7
0.6333333333333333,0.0,0.576271186440678,0.991033961462158,0.7586206896551724,0.0,0.7
0.21666666666666667,0.0,0.13559322033898305,0.8887570662406621,0.4482758620689655,0.0,0.7
0.95,0.0,0.5254237288135594,0.953029375106878,0.3793103448275862,0.0,0.7
0.21666666666666667,0.0,0.1864406779661017,0.7120952794930309,0.41379310344827586,0.0,0.7
0.6833333333333333,0.0,0.6779661016949152,0.8726168497878237,0.13793103448275862,0.0,0.7
0.5833333333333334,0.0,0.6440677966101694,0.9310636194648784,0.5517241379310345,0.0,0.7
0.8166666666666667,0.0,0.423728813559322,0.9471081856515959,0.41379310344827586,0.0,0.7
0.4666666666666667,0.0,0.7796610169491526,0.967202764744866,0.4482758620689655,0.0,0.7
0.8833333333333333,0.0,0.6440677966101694,0.9443704377181341,0.0,1.0,0.7
0.36666666666666664,0.0,0.6779661016949152,0.6251821793914769,0.2413793103448276,0.0,0.729
0.85,0.0,0.3050847457627119,0.9167945865847248,0.8620689655172413,0.0,0.7
0.4666666666666667,0.0,0.22033898305084745,0.9828673156925708,0.3448275862068966,0.0,0.7
0.6833333333333333,0.0,0.576271186440678,0.8394509549405026,0.20689655172413793,0.0,0.7
0.1,0.0,0.1016949152542373,0.9070181589169531,1.0,0.0,0.7
0.8333333333333334,0.0,0.1864406779661017,0.9053257015435467,0.0,1.0,0.7
0.5333333333333333,0.0,0.0,0.9100085474268443,0.4482758620689655,0.0,0.7
0.8,0.0,0.05084745762711865,0.9397297304488688,0.0,1.0,0.7
0.6666666666666666,0.0,0.1016949152542373,0.9024043541276969,0.20689655172413793,0.0,0.7
0.95,0.0,0.5932203389830508,0.9953982567629726,0.7586206896551724,0.0,0.7
0.9166666666666666,0.0,0.4406779661016949,0.9446749090302508,0.2413793103448276,0.0,0.7
0.5333333333333333,0.0,0.3220338983050847,0.9888265731555933,0.3448275862068966,0.0,0.7
0.15,0.0,0.9152542372881356,0.9900252427428752,1.0,0.0,0.7
0.38333333333333336,0.0,0.5932203389830508,0.980609647616268,0.7931034482758621,0.0,0.7
0.15,0.0,0.6101694915254238,0.8902450364240404,0.3103448275862069,0.0,0.7
0.48333333333333334,0.0,0.3898305084745763,0.993624627220379,0.27586206896551724,0.0,0.7
0.8333333333333334,0.0,0.6779661016949152,0.8133589542673099,0.6551724137931034,0.0,0.7
0.6,0.0,0.3389830508474576,0.327074132823538,0.6896551724137931,0.0,0.73
0.36666666666666664,0.0,0.9322033898305084,0.7239372924104208,0.2413793103448276,0.0,0.7
0.6666666666666666,0.0,0.2711864406779661,0.9084302634351635,0.5862068965517241,0.0,0.7
0.18333333333333332,0.0,0.6949152542372882,0.9824610055298734,0.5862068965517241,0.0,0.7
0.7166666666666667,0.0,0.9830508474576272,0.9583154235214627,0.896551724137931,0.0,0.7
0.48333333333333334,0.0,0.9322033898305084,0.9300118786588127,0.7241379310344828,0.0,0.7
0.4166666666666667,0.0,0.8135593220338984,0.9800469833653679,0.06896551724137931,0.0,0.7
0.9166666666666666,0.0,0.8135593220338984,0.9004161240977518,0.20689655172413793,0.0,0.7
0.8333333333333334,0.0,0.864406779661017,0.961390100161171,0.5172413793103449,0.0,0.7
0.15,0.0,0.6440677966101694,0.9179486445719863,0.3103448275862069,0.0,0.7
0.95,0.0,0.01694915254237288,0.9882082829298663,0.6896551724137931,0.0,0.7
0.016666666666666666,0.0,0.5423728813559322,0.9543828824376122,0.13793103448275862,0.0,0.7
0.16666666666666666,0.0,0.3559322033898305,0.9632434769005883,0.41379310344827586,0.0,0.7
0.8333333333333334,0.0,0.1864406779661017,0.9481522310979418,0.5862068965517241,0.0,0.7
0.65,0.0,0.2711864406779661,0.9963633778937155,0.9655172413793104,0.0,0.7
0.7833333333333333,0.0,0.3728813559322034,0.9422291277729113,0.9310344827586207,0.0,0.7
0.38333333333333336,0.0,0.6271186440677966,0.9392638576308975,0.8620689655172413,0.0,0.7
0.1,0.0,0.847457627118644,0.7357856108615368,0.8620689655172413,0.0,0.7
0.36666666666666664,0.0,0.8813559322033898,0.8079896628328116,0.10344827586206896,0.0,0.7
0.55,0.0,0.3728813559322034,0.9858369979544988,0.6551724137931034,0.0,0.7
0.95,0.0,0.0847457627118644,0.7314877527231697,0.1724137931034483,0.0,0.7
0.2833333333333333,0.0,0.6779661016949152,0.9596902425108587,0.13793103448275862,0.0,0.7
0.7333333333333333,0.0,0.9322033898305084,0.9964886443476977,0.4482758620689655,0.0,0.7
0.55,0.0,0.9152542372881356,0.9817324524951349,0.4827586206896552,0.0,0.7
0.5666666666666667,0.0,0.2033898305084746,0.9835261960422451,0.7931034482758621,0.0,0.7
0.5166666666666667,0.0,0.5084745762711864,0.6665595160237827,0.06896551724137931,0.0,0.711
0.6666666666666666,0.0,0.3559322033898305,0.8975477924506288,0.6551724137931034,0.0,0.7
0.8,0.0,0.7796610169491526,0.8889002184888639,0.4827586206896552,0.0,0.7
0.9166666666666666,0.0,1.0,0.8021167900975885,0.5172413793103449,0.0,0.7
0.95,0.0,1.0,0.908972045581121,0.41379310344827586,0.0,0.7
0.13333333333333333,0.0,0.711864406779661,0.96593118238982,0.3793103448275862,0.0,0.7
0.7,0.0,0.2033898305084746,0.7946422114231578,0.6551724137931034,0.0,0.7
0.6833333333333333,0.0,0.9830508474576272,0.9895245596120049,1.0,0.0,0.7
0.5166666666666667,0.0,0.8983050847457628,0.9092598571817458,0.4482758620689655,0.0,0.7
0.36666666666666664,0.0,0.7627118644067796,0.9246621792103219,0.5172413793103449,0.0,0.7
0.36666666666666664,0.0,0.2033898305084746,0.9453364531068467,0.9310344827586207,0.0,0.7
0.85,0.0,0.288135593220339,0.8766433629967669,0.8275862068965517,0.0,0.7
0.85,0.0,0.8305084745762712,0.9236991305471943,0.9310344827586207,0.0,0.7
0.03333333333333333,0.0,0.1694915254237288,0.6908582856266967,0.7241379310344828,0.0,0.699
0.9,0.0,0.6949152542372882,0.8170438175313061,0.4482758620689655,0.0,0.7
0.2,0.0,0.7627118644067796,0.7810212953944814,0.1724137931034483,0.0,0.7
0.016666666666666666,0.0,0.22033898305084745,0.8491483897437969,0.27586206896551724,0.0,0.7
0.8333333333333334,0.0,0.9152542372881356,0.8926622937574005,0.6206896551724138,0.0,0.7
0.06666666666666667,0.0,1.0,0.7101157230462399,0.06896551724137931,0.0,0.7
0.5333333333333333,0.0,0.8983050847457628,0.9706176113184556,0.6551724137931034,0.0,0.7
0.25,0.0,0.5423728813559322,0.6862409882791332,0.896551724137931,0.0,0.699
0.5,0.0,0.5932203389830508,0.871557495736831,0.8620689655172413,0.0,0.7
0.23333333333333334,0.0,0.1694915254237288,0.977095070419726,0.06896551724137931,0.0,0.7
0.13333333333333333,0.0,0.13559322033898305,0.9815795245198496,0.6206896551724138,0.0,0.7
0.3,0.0,0.5084745762711864,0.8937024761859388,0.5172413793103449,0.0,0.7
0.48333333333333334,0.0,0.864406779661017,0.6243061282376057,0.4827586206896552,0.0,0.733
0.9833333333333333,0.0,0.423728813559322,0.8005447402697764,0.7586206896551724,0.0,0.7
0.8166666666666667,0.0,0.7796610169491526,0.9869615581141478,0.9310344827586207,0.0,0.7
0.4166666666666667,0.0,0.847457627118644,0.7612413165379466,0.06896551724137931,0.0,0.7
0.5166666666666667,0.0,0.4745762711864407,0.8198373162788262,0.9310344827586207,0.0,0.7
0.2833333333333333,0.0,0.5254237288135594,0.9811681835035528,0.6206896551724138,0.0,0.7
0.23333333333333334,0.0,0.3220338983050847,0.9476737905910718,0.0,1.0,0.7
0.48333333333333334,0.0,0.9322033898305084,0.8638276755172837,0.4827586206896552,0.0,0.7
0.9666666666666667,0.0,0.5254237288135594,0.9677396861773983,1.0,0.0,0.7
0.55,0.0,0.8305084745762712,0.6968876016691675,0.4827586206896552,0.0,0.7
0.5333333333333333,0.0,0.9322033898305084,0.9036026059307093,0.10344827586206896,0.0,0.7
0.38333333333333336,0.0,0.1016949152542373,0.9327429751150927,0.13793103448275862,0.0,0.7
0.6833333333333333,0.0,0.9491525423728814,0.9517301943568858,0.6896551724137931,0.0,0.7
0.3,0.0,0.6271186440677966,0.8365707068298992,0.5172413793103449,0.0,0.7
0.38333333333333336,0.0,0.2542372881355932,0.9021017954005168,0.8275862068965517,0.0,0.7
0.6833333333333333,0.0,0.3898305084745763,0.9807501275097921,0.5172413793103449,0.0,0.7
0.9833333333333333,0.0,0.9491525423728814,0.9940034119455898,0.8620689655172413,0.0,0.7
0.5,0.0,0.4745762711864407,0.8746976100990753,0.7931034482758621,0.0,0.7
0.4,0.0,0.03389830508474576,0.6447059956104003,0.3448275862068966,0.0,0.734
0.8,0.0,0.9491525423728814,0.953590000349358,0.27586206896551724,0.0,0.7
0.95,0.0,0.3220338983050847,0.9733877629936293,0.9655172413793104,0.0,0.7
0.9,0.0,0.8135593220338984,0.9358204555150167,0.8620689655172413,0.0,0.7
0.7833333333333333,0.0,0.3728813559322034,0.9317985282639246,0.6896551724137931,0.0,0.7
0.7166666666666667,0.0,0.576271186440678,0.8179334974023785,0.5172413793103449,0.0,0.7
0.18333333333333332,0.0,0.3728813559322034,0.7872874583130182,0.1724137931034483,0.0,0.7
0.4166666666666667,0.0,0.7966101694915254,0.9274194872872717,0.2413793103448276,0.0,0.7
0.6166666666666667,0.0,0.7457627118644068,0.9185321089758635,0.5517241379310345,0.0,0.7
0.6833333333333333,0.0,0.2711864406779661,0.8905389888028818,0.20689655172413793,0.0,0.7
0.06666666666666667,0.0,0.4406779661016949,0.8212460839974729,0.20689655172413793,0.0,0.7
0.85,0.0,0.3220338983050847,0.9921418571017043,0.3448275862068966,0.0,0.7
0.6833333333333333,0.0,0.6610169491525424,0.9635698132483562,0.1724137931034483,0.0,0.7
0.1,0.0,0.4745762711864407,0.9997931683061635,0.9655172413793104,0.0,0.7
0.16666666666666666,0.0,0.23728813559322035,0.946626759389669,0.13793103448275862,0.0,0.7
0.8,0.0,0.0847457627118644,0.8595324927893764,0.7586206896551724,0.0,0.7
0.7166666666666667,0.0,0.3389830508474576,0.8491345842844703,0.4482758620689655,0.0,0.7
0.48333333333333334,0.0,0.6610169491525424,0.8055676675971141,0.5862068965517241,0.0,0.7
0.9833333333333333,0.0,0.6610169491525424,0.9082786138725394,0.8275862068965517,0.0,0.7
0.8,0.0,0.3389830508474576,0.9644310987025475,0.8620689655172413,0.0,0.7
0.0,1.0,0.15254237288135594,0.9371469208667477,0.2413793103448276,0.0,0.7
0.9,0.0,0.7796610169491526,0.7659260737587924,0.5517241379310345,0.0,0.7
0.9833333333333333,0.0,0.1016949152542373,0.9619605819463113,0.034482758620689655,0.0,0.7
0.08333333333333333,0.0,0.4576271186440678,0.9808762528035732,0.4827586206896552,0.0,0.7
0.9,0.0,0.8813559322033898,0.9580093360586879,0.0,1.0,0.7
0.18333333333333332,0.0,0.4406779661016949,0.8673812168326831,0.5172413793103449,0.0,0.7
0.23333333333333334,0.0,0.5254237288135594,0.9631391790649656,0.7931034482758621,0.0,0.7
0.18333333333333332,0.0,0.2033898305084746,0.926758187428688,0.2413793103448276,0.0,0.7
0.03333333333333333,0.0,0.22033898305084745,0.9079433910155711,0.6206896551724138,0.0,0.7
0.26666666666666666,0.0,0.9152542372881356,0.877985766995706,0.10344827586206896,0.0,0.7
0.43333333333333335,0.0,0.5932203389830508,0.9766615704874045,0.5172413793103449,0.0,0.7
0.5333333333333333,0.0,0.576271186440678,0.8960160834859879,0.3103448275862069,0.0,0.7
0.5,0.0,0.01694915254237288,0.9666875143861516,0.6896551724137931,0.0,0.7
0.6,0.0,0.9491525423728814,0.9694628136217935,0.5517241379310345,0.0,0.7
0.16666666666666666,0.0,0.864406779661017,0.8106859623328071,0.13793103448275862,0.0,0.7
0.16666666666666666,0.0,0.8813559322033898,0.98750411327553,0.034482758620689655,0.0,0.7
0.95,0.0,0.3050847457627119,0.7394641871001749,0.41379310344827586,0.0,0.7
0.7833333333333333,0.0,0.6101694915254238,0.974249351383272,0.0,1.0,0.7
0.21666666666666667,0.0,0.8135593220338984,0.5552755037430186,0.4482758620689655,0.0,0.739
0.36666666666666664,0.0,0.01694915254237288,0.8318987944348575,1.0,0.0,0.7
0.85,0.0,0.2711864406779661,0.7115398309743479,0.13793103448275862,0.0,0.7
0.8833333333333333,0.0,0.9830508474576272,0.9256340029380915,0.5172413793103449,0.0,0.7
0.05,0.0,0.2033898305084746,0.9573380978493752,0.034482758620689655,0.0,0.7
0.95,0.0,0.3220338983050847,0.9607770908597519,0.3448275862068966,0.0,0.7
0.75,0.0,0.711864406779661,0.9290647064066145,0.7241379310344828,0.0,0.7
0.21666666666666667,0.0,0.711864406779661,0.6858028247327312,0.9310344827586207,0.0,0.701
0.8,0.0,0.15254237288135594,0.961991126014093,0.27586206896551724,0.0,0.7
0.25,0.0,0.13559322033898305,0.939416173587578,0.5862068965517241,0.0,0.7
0.5333333333333333,0.0,0.711864406779661,0.9919352316165637,0.1724137931034483,0.0,0.7
0.75,0.0,0.5254237288135594,0.9870758010734106,0.10344827586206896,0.0,0.7
0.8,0.0,0.5084745762711864,0.9193086348563363,0.3103448275862069,0.0,0.7
0.8666666666666667,0.0,0.9152542372881356,0.9818980354395755,0.7586206896551724,0.0,0.7
0.06666666666666667,0.0,1.0,0.8817867973606565,0.1724137931034483,0.0,0.7
0.45,0.0,0.1864406779661017,0.8892757723441133,0.27586206896551724,0.0,0.7
0.7833333333333333,0.0,0.22033898305084745,0.943556857209881,0.1724137931034483,0.0,0.7
0.75,0.0,0.4067796610169492,0.9952428767282914,0.6206896551724138,0.0,0.7
0.6,0.0,0.2033898305084746,0.9842726106286684,0.6206896551724138,0.0,0.7
0.9,0.0,0.864406779661017,0.9731422976477031,0.06896551724137931,0.0,0.7
0.11666666666666667,0.0,0.3898305084745763,0.9681953289380607,0.13793103448275862,0.0,0.7
0.9,0.0,0.2542372881355932,0.7807191046313393,0.4482758620689655,0.0,0.7
0.25,0.0,0.5254237288135594,0.9891360074918649,0.8620689655172413,0.0,0.7
0.26666666666666666,0.0,1.0,0.8842288933298095,0.9310344827586207,0.0,0.7
0.35,0.0,0.7966101694915254,0.9555710158305631,0.6896551724137931,0.0,0.7
0.21666666666666667,0.0,0.7966101694915254,0.6635101611423613,0.8620689655172413,0.0,0.717
0.11666666666666667,0.0,0.5254237288135594,0.9880583662573706,0.9310344827586207,0.0,0.7
0.4666666666666667,0.0,0.13559322033898305,0.9822647976556197,0.9310344827586207,0.0,0.7
0.6166666666666667,0.0,0.6271186440677966,0.8744319299217732,0.6896551724137931,0.0,0.7
0.9666666666666667,0.0,0.7288135593220338,0.9497894030572146,0.9655172413793104,0.0,0.7
0.08333333333333333,0.0,0.8135593220338984,0.8886233074880772,0.5172413793103449,0.0,0.7
0.9333333333333333,0.0,0.6271186440677966,0.9937351450757793,0.0,1.0,0.7
0.03333333333333333,0.0,0.7457627118644068,0.8152122095338191,0.7586206896551724,0.0,0.7
0.03333333333333333,0.0,0.8305084745762712,0.8879928304367787,0.20689655172413793,0.0,0.7
0.43333333333333335,0.0,0.9152542372881356,0.6063431235207751,0.2413793103448276,0.0,0.733
0.23333333333333334,0.0,0.6779661016949152,0.740244378292547,0.20689655172413793,0.0,0.7
0.8833333333333333,0.0,0.9661016949152542,0.9338716403109647,0.10344827586206896,0.0,0.7
1.0,0.0,0.15254237288135594,0.9473442835878395,0.5517241379310345,0.0,0.7
0.31666666666666665,0.0,1.0,0.9032873187919308,0.06896551724137931,0.0,0.7
0.2,0.0,0.22033898305084745,0.9837561688095824,0.3103448275862069,0.0,0.7
0.2,0.0,0.576271186440678,0.8414034541663176,0.7586206896551724,0.0,0.7
0.31666666666666665,0.0,0.5254237288135594,0.8336257916203387,0.5517241379310345,0.0,0.7
0.9666666666666667,0.0,0.8305084745762712,0.6437837056076087,0.2413793103448276,0.0,0.727
0.9666666666666667,0.0,0.864406779661017,0.9011301574030662,0.4482758620689655,0.0,0.7
0.75,0.0,0.06779661016949153,0.6810149427349907,0.4827586206896552,0.0,0.698
0.8,0.0,0.6440677966101694,0.9623316226197334,0.8275862068965517,0.0,0.7
0.26666666666666666,0.0,0.8813559322033898,0.8190885472838177,0.8620689655172413,0.0,0.7
0.6166666666666667,0.0,0.9322033898305084,0.9005485981769982,0.6206896551724138,0.0,0.7
0.08333333333333333,0.0,0.4576271186440678,0.8585124108439194,0.7586206896551724,0.0,0.7
0.7333333333333333,0.0,0.4576271186440678,0.8764509974633872,0.2413793103448276,0.0,0.7
0.7333333333333333,0.0,0.4915254237288136,0.930902770136711,0.9655172413793104,0.0,0.7
0.7166666666666667,0.0,0.0,0.9769751644313015,0.5172413793103449,0.0,0.7
0.8166666666666667,0.0,0.9830508474576272,0.9647261347425631,0.3103448275862069,0.0,0.7
0.05,0.0,0.05084745762711865,0.8353352956543287,0.13793103448275862,0.0,0.7
0.6833333333333333,0.0,1.0,0.9489590991749834,0.034482758620689655,0.0,0.7
0.0,1.0,0.7966101694915254,0.7678192508286521,0.20689655172413793,0.0,0.7
0.6666666666666666,0.0,0.6949152542372882,0.976414580583074,0.41379310344827586,0.0,0.7
0.1,0.0,1.0,0.840597802057251,0.6551724137931034,0.0,0.7
0.9333333333333333,0.0,0.7966101694915254,0.8313539151709441,0.6206896551724138,0.0,0.7
0.2833333333333333,0.0,1.0,0.9152089876645164,1.0,0.0,0.7
0.5333333333333333,0.0,0.711864406779661,0.8485338676252351,0.8620689655172413,0.0,0.7
0.5333333333333333,0.0,0.05084745762711865,0.9191389421535826,0.2413793103448276,0.0,0.7
0.7666666666666667,0.0,0.2033898305084746,0.8136025288725011,0.5172413793103449,0.0,0.7
0.05,0.0,0.0847457627118644,0.7849810524994525,0.4827586206896552,0.0,0.7
0.31666666666666665,0.0,0.423728813559322,0.9962037174625834,0.20689655172413793,0.0,0.7
0.75,0.0,0.6779661016949152,0.9296152327400197,0.3103448275862069,0.0,0.7
0.9,0.0,0.0,0.8958500314898202,0.8620689655172413,0.0,0.7
0.43333333333333335,0.0,0.13559322033898305,0.9582972361858707,0.41379310344827586,0.0,0.7
0.85,0.0,0.9152542372881356,0.9180108151931058,0.034482758620689655,0.0,0.7
0.15,0.0,0.3389830508474576,0.9916528020767469,0.3793103448275862,0.0,0.7
0.4166666666666667,0.0,0.4915254237288136,0.9387824474801552,0.4482758620689655,0.0,0.7
0.11666666666666667,0.0,0.3389830508474576,0.9150258026874409,0.034482758620689655,0.0,0.7
0.5833333333333334,0.0,0.3898305084745763,0.9082403835732835,0.9310344827586207,0.0,0.7
0.6666666666666666,0.0,0.6949152542372882,0.9752683341282684,0.27586206896551724,0.0,0.7
0.8833333333333333,0.0,0.6440677966101694,0.8915919526950068,0.034482758620689655,0.0,0.7
0.45,0.0,0.9322033898305084,0.9358569259088302,0.896551724137931,0.0,0.7
0.43333333333333335,0.0,0.847457627118644,0.8751707785758323,1.0,0.0,0.7
0.15,0.0,0.864406779661017,0.9649696709564731,0.034482758620689655,0.0,0.7
0.6833333333333333,0.0,0.4915254237288136,0.9816794661873488,0.3448275862068966,0.0,0.7
0.08333333333333333,0.0,0.2711864406779661,0.9695679218666778,0.5862068965517241,0.0,0.7
0.03333333333333333,0.0,0.0847457627118644,0.9051576302707547,0.896551724137931,0.0,0.7
0.55,0.0,0.3559322033898305,0.9803175596016344,0.1724137931034483,0.0,0.7
1.0,0.0,0.6440677966101694,0.9293082260922761,0.3793103448275862,0.0,0.7
0.7333333333333333,0.0,0.4745762711864407,0.935524319911753,0.5172413793103449,0.0,0.7
0.13333333333333333,0.0,0.2542372881355932,0.9096807574228482,0.6206896551724138,0.0,0.7
0.8,0.0,0.6440677966101694,0.9095611849465515,0.06896551724137931,0.0,0.7
0.9333333333333333,0.0,0.288135593220339,0.9560053794381866,0.4482758620689655,0.0,0.7
0.9833333333333333,0.0,0.22033898305084745,0.9836377627719206,0.3103448275862069,0.0,0.7
0.8333333333333334,0.0,0.23728813559322035,0.8696019198755122,1.0,0.0,0.7
0.48333333333333334,0.0,0.4406779661016949,0.8021547761045604,0.8620689655172413,0.0,0.7
0.85,0.0,0.4915254237288136,0.851341321620575,0.5517241379310345,0.0,0.7
0.6333333333333333,0.0,0.7288135593220338,0.9171213565108262,0.6206896551724138,0.0,0.7
0.38333333333333336,0.0,0.7966101694915254,0.8825109799542874,0.5172413793103449,0.0,0.7
0.95,0.0,0.5423728813559322,0.9918193420086668,0.7241379310344828,0.0,0.7
0.5,0.0,0.7627118644067796,0.9490263571170187,0.7586206896551724,0.0,0.7
0.13333333333333333,0.0,0.7457627118644068,0.9439324434073578,0.3103448275862069,0.0,0.7
0.38333333333333336,0.0,0.5254237288135594,0.7232991010074363,0.4827586206896552,0.0,0.7
0.03333333333333333,0.0,0.7288135593220338,0.9065401580027693,0.4827586206896552,0.0,0.7
0.9333333333333333,0.0,0.0,0.9475599069871952,0.13793103448275862,0.0,0.7
0.65,0.0,0.13559322033898305,0.9728448417096938,0.3793103448275862,0.0,0.7
0.8,0.0,0.05084745762711865,0.9212913582944988,0.7586206896551724,0.0,0.7
0.5833333333333334,0.0,0.13559322033898305,0.6704361338434388,0.9655172413793104,0.0,0.712
0.18333333333333332,0.0,0.3898305084745763,0.995908665639718,0.7241379310344828,0.0,0.7
0.5,0.0,0.5423728813559322,0.9469553258201027,0.5862068965517241,0.0,0.7
0.11666666666666667,0.0,0.15254237288135594,0.9949031311259724,0.4827586206896552,0.0,0.7
0.5,0.0,0.7796610169491526,0.8789958140110138,0.8275862068965517,0.0,0.7
0.55,0.0,0.8305084745762712,0.7891361003062165,0.13793103448275862,0.0,0.7
0.0,1.0,0.7966101694915254,0.7726692377015063,1.0,0.0,0.7
0.08333333333333333,0.0,0.6610169491525424,0.9807789434440911,1.0,0.0,0.7
0.48333333333333334,0.0,0.05084745762711865,0.9697699778899076,0.8620689655172413,0.0,0.7
0.5,0.0,0.3559322033898305,0.9689652825025645,0.896551724137931,0.0,0.7
0.65,0.0,0.3898305084745763,0.9778707333962646,0.6206896551724138,0.0,0.7
0.0,1.0,0.9491525423728814,0.7470855860961608,0.7931034482758621,0.0,0.7
0.5666666666666667,0.0,0.0847457627118644,0.8516349823340532,0.3448275862068966,0.0,0.7
0.43333333333333335,0.0,0.3559322033898305,0.4856365462244549,0.9655172413793104,0.0,0.742
0.5666666666666667,0.0,0.288135593220339,0.8351442634951826,0.41379310344827586,0.0,0.7
0.13333333333333333,0.0,0.7627118644067796,0.983794447888017,0.5862068965517241,0.0,0.7
0.5333333333333333,0.0,0.3220338983050847,0.6496624478306686,0.5172413793103449,0.0,0.739
0.5833333333333334,0.0,0.6779661016949152,0.9141030319350402,0.7931034482758621,0.0,0.7
0.15,0.0,0.1694915254237288,0.8903807461686967,0.0,1.0,0.7
0.8666666666666667,0.0,0.7796610169491526,0.9793911062368742,0.5862068965517241,0.0,0.7
0.6666666666666666,0.0,0.3898305084745763,0.9106355110099766,0.9655172413793104,0.0,0.7
0.7333333333333333,0.0,0.559322033898305,0.6553757756977013,0.3793103448275862,0.0,0.73
0.5333333333333333,0.0,0.576271186440678,0.9776228293574506,0.13793103448275862,0.0,0.7
0.23333333333333334,0.0,0.0847457627118644,0.8286429738246126,0.034482758620689655,0.0,0.7
0.7333333333333333,0.0,0.13559322033898305,0.9993922753471006,0.6206896551724138,0.0,0.7
0.25,0.0,0.4406779661016949,0.8406706759732547,0.5172413793103449,0.0,0.7
0.2833333333333333,0.0,0.06779661016949153,0.966652712044142,0.41379310344827586,0.0,0.7
0.55,0.0,0.2033898305084746,0.9702903986403353,0.41379310344827586,0.0,0.7
0.9,0.0,0.5932203389830508,0.8929341197629936,0.9310344827586207,0.0,0.7
0.18333333333333332,0.0,0.8813559322033898,0.9962257018332821,0.6896551724137931,0.0,0.7
0.03333333333333333,0.0,0.03389830508474576,0.9142564796707452,0.4827586206896552,0.0,0.7
1.0,0.0,0.0,0.8712701402885472,0.41379310344827586,0.0,0.7
0.3,0.0,0.7796610169491526,0.9416335956297485,1.0,0.0,0.7
0.31666666666666665,0.0,0.4406779661016949,0.9609579493609159,0.20689655172413793,0.0,0.7
0.1,0.0,0.7457627118644068,0.9729866638682475,0.7241379310344828,0.0,0.7
0.7166666666666667,0.0,0.559322033898305,0.9885869366290071,1.0,0.0,0.7
0.9833333333333333,0.0,0.9661016949152542,0.9313938405335365,0.6896551724137931,0.0,0.7
0.5,0.0,0.8983050847457628,0.857566454338433,0.5862068965517241,0.0,0.7
0.26666666666666666,0.0,0.6271186440677966,0.9897471561865311,0.034482758620689655,0.0,0.7
0.0,1.0,0.7288135593220338,0.9879608138105348,0.3448275862068966,0.0,0.7
0.26666666666666666,0.0,0.9661016949152542,0.8071007092474282,0.034482758620689655,0.0,0.7
0.21666666666666667,0.0,0.1694915254237288,0.7866035991193994,0.5517241379310345,0.0,0.7
0.5333333333333333,0.0,0.711864406779661,0.9793288356390946,0.3793103448275862,0.0,0.7
0.75,0.0,0.6271186440677966,0.9875480866919635,0.0,1.0,0.7
0.11666666666666667,0.0,0.9322033898305084,0.9990419222718709,0.06896551724137931,0.0,0.7
0.6166666666666667,0.0,0.9830508474576272,0.26083323475673975,0.3448275862068966,0.0,0.736
0.15,0.0,0.8983050847457628,0.9231553228969932,0.10344827586206896,0.0,0.7
0.8333333333333334,0.0,0.4745762711864407,0.9982003458991546,0.034482758620689655,0.0,0.7
0.26666666666666666,0.0,0.4067796610169492,0.9911127887528215,0.034482758620689655,0.0,0.7
0.5666666666666667,0.0,0.4406779661016949,0.9340103090479119,0.8275862068965517,0.0,0.7
0.5666666666666667,0.0,0.01694915254237288,0.9913516352553726,0.8620689655172413,0.0,0.7
0.6,0.0,0.06779661016949153,0.9231952586889253,0.2413793103448276,0.0,0.7
0.7166666666666667,0.0,0.6779661016949152,0.8448681936972073,0.7931034482758621,0.0,0.7
0.9333333333333333,0.0,0.9661016949152542,0.890044706340905,0.1724137931034483,0.0,0.7
0.5166666666666667,0.0,0.06779661016949153,0.9376119906320104,0.7931034482758621,0.0,0.7
0.1,0.0,0.2711864406779661,0.9677403556692544,0.13793103448275862,0.0,0.7
0.8333333333333334,0.0,0.8305084745762712,0.9895964752672217,0.7241379310344828,0.0,0.7
0.75,0.0,0.1694915254237288,0.9787085257002006,0.2413793103448276,0.0,0.7
0.6166666666666667,0.0,0.03389830508474576,0.8646699062592632,0.8275862068965517,0.0,0.7
0.8833333333333333,0.0,0.3220338983050847,0.9958978778568622,0.8620689655172413,0.0,0.7
0.05,0.0,0.423728813559322,0.9035732320184133,0.7241379310344828,0.0,0.7
0.25,0.0,0.6610169491525424,0.5657320568922706,0.4827586206896552,0.0,0.732
0.9166666666666666,0.0,0.03389830508474576,0.691953028873252,0.1724137931034483,0.0,0.699
0.15,0.0,0.7288135593220338,0.8631471926463133,0.9655172413793104,0.0,0.7
0.48333333333333334,0.0,0.864406779661017,0.9831721515168346,0.41379310344827586,0.0,0.7
0.03333333333333333,0.0,0.06779661016949153,0.994246561609526,0.4827586206896552,0.0,0.7
0.2,0.0,0.5932203389830508,0.9741199684216538,0.20689655172413793,0.0,0.7
0.4166666666666667,0.0,0.6949152542372882,0.9835045036738169,0.896551724137931,0.0,0.7
0.11666666666666667,0.0,0.4915254237288136,0.7160320061998684,0.5172413793103449,0.0,0.7
0.43333333333333335,0.0,0.6949152542372882,0.9781233559104586,0.5517241379310345,0.0,0.7
0.4166666666666667,0.0,0.2033898305084746,0.9862390827204359,0.5172413793103449,0.0,0.7
0.9333333333333333,0.0,0.8305084745762712,0.9431232339917638,0.13793103448275862,0.0,0.7
0.26666666666666666,0.0,0.23728813559322035,0.8437915520881261,0.3448275862068966,0.0,0.7
0.6,0.0,0.7966101694915254,0.9549150593620189,0.7586206896551724,0.0,0.7
0.38333333333333336,0.0,0.7288135593220338,0.9058889279329188,0.20689655172413793,0.0,0.7
0.16666666666666666,0.0,0.6101694915254238,0.8795903834612373,0.6896551724137931,0.0,0.7
0.6333333333333333,0.0,0.8983050847457628,0.9716178759816596,0.6551724137931034,0.0,0.7
0.5833333333333334,0.0,0.288135593220339,0.9705053382357991,0.41379310344827586,0.0,0.7
0.26666666666666666,0.0,0.8135593220338984,0.8151204807959256,0.2413793103448276,0.0,0.7
0.55,0.0,0.06779661016949153,0.9419580742427304,0.6206896551724138,0.0,0.7
0.48333333333333334,0.0,0.423728813559322,0.965907986571594,0.6206896551724138,0.0,0.7
0.38333333333333336,0.0,0.559322033898305,0.9624544543202271,1.0,0.0,0.7
0.4166666666666667,0.0,0.864406779661017,0.8882860356355098,0.6551724137931034,0.0,0.7
0.8166666666666667,0.0,0.7627118644067796,0.5477842549456463,0.13793103448275862,0.0,0.738
0.3,0.0,0.15254237288135594,0.8918729056167669,0.6551724137931034,0.0,0.7
0.8833333333333333,0.0,0.5932203389830508,0.9018390055246505,0.10344827586206896,0.0,0.7
0.9166666666666666,0.0,0.3559322033898305,0.9996253889121268,1.0,0.0,0.7
0.8833333333333333,0.0,0.13559322033898305,0.9156421594714121,0.6896551724137931,0.0,0.7
0.7833333333333333,0.0,0.4406779661016949,0.9898832972117345,0.8620689655172413,0.0,0.7
0.35,0.0,0.2542372881355932,0.8886623148673758,0.3793103448275862,0.0,0.7
0.31666666666666665,0.0,0.6101694915254238,0.7425456169634614,0.1724137931034483,0.0,0.7
0.6833333333333333,0.0,0.8305084745762712,0.9780835464370337,0.7586206896551724,0.0,0.7
0.016666666666666666,0.0,0.7627118644067796,0.9533823551698083,0.27586206896551724,0.0,0.7
0.2,0.0,0.7796610169491526,0.7337386776789933,0.5862068965517241,0.0,0.7
0.15,0.0,0.6610169491525424,0.9003972118187163,0.10344827586206896,0.0,0.7
0.35,0.0,0.23728813559322035,0.9847597874984206,0.7241379310344828,0.0,0.7
0.45,0.0,0.2033898305084746,0.8899712730564936,0.8620689655172413,0.0,0.7
0.2,0.0,0.6101694915254238,0.9796321948882855,0.896551724137931,0.0,0.7
0.7,0.0,0.3220338983050847,0.7023116329064445,0.13793103448275862,0.0,0.7
0.21666666666666667,0.0,0.23728813559322035,0.9828359448147351,0.9310344827586207,0.0,0.7
0.25,0.0,0.6610169491525424,0.997616936785707,0.1724137931034483,0.0,0.7
0.3,0.0,0.4406779661016949,0.9478706061554418,0.6896551724137931,0.0,0.7
0.21666666666666667,0.0,0.2033898305084746,0.5976959590830322,0.3448275862068966,0.0,0.744
0.18333333333333332,0.0,0.7966101694915254,0.7821168286720614,0.8275862068965517,0.0,0.7
0.9666666666666667,0.0,0.9830508474576272,0.9506785781242507,0.9310344827586207,0.0,0.7
0.55,0.0,1.0,0.8751166085584413,0.6206896551724138,0.0,0.7
0.35,0.0,0.2711864406779661,0.9239823575557615,0.8620689655172413,0.0,0.7
0.48333333333333334,0.0,0.2542372881355932,0.8802145650892592,0.3448275862068966,0.0,0.7
0.55,0.0,0.3389830508474576,0.8609023238426625,0.9655172413793104,0.0,0.7
0.31666666666666665,0.0,0.1016949152542373,0.7666765320157484,0.13793103448275862,0.0,0.7
0.8,0.0,0.423728813559322,0.9891804096781018,0.0,1.0,0.7
0.43333333333333335,0.0,0.22033898305084745,0.9510740442806811,0.034482758620689655,0.0,0.7
0.65,0.0,0.8305084745762712,0.9209869009950895,0.7241379310344828,0.0,0.7
0.18333333333333332,0.0,0.3389830508474576,0.9520115145676157,0.20689655172413793,0.0,0.7
0.48333333333333334,0.0,0.6610169491525424,0.8328656939902646,0.8275862068965517,0.0,0.7
0.8333333333333334,0.0,0.5084745762711864,0.7550853306060648,0.034482758620689655,0.0,0.7
0.21666666666666667,0.0,0.7796610169491526,0.980729676697634,0.6896551724137931,0.0,0.7
0.4166666666666667,0.0,0.4406779661016949,0.8704676845961486,0.41379310344827586,0.0,0.7
0.7666666666666667,0.0,0.9661016949152542,0.9636367154913364,0.5517241379310345,0.0,0.7
0.8833333333333333,0.0,0.4745762711864407,0.7992418339563072,0.27586206896551724,0.0,0.7
0.35,0.0,0.6271186440677966,0.9186126865589935,0.3103448275862069,0.0,0.7
0.6666666666666666,0.0,0.7796610169491526,0.8045646909285583,0.4482758620689655,0.0,0.7
0.55,0.0,0.559322033898305,0.903985411526539,0.5862068965517241,0.0,0.7
0.5833333333333334,0.0,0.8813559322033898,0.9756599533021344,0.5517241379310345,0.0,0.7
0.9833333333333333,0.0,0.864406779661017,0.577852853337561,0.5517241379310345,0.0,0.732
0.05,0.0,0.9830508474576272,0.8230187355194422,0.4482758620689655,0.0,0.7
0.23333333333333334,0.0,0.11864406779661017,0.8885098335814464,0.2413793103448276,0.0,0.7
0.45,0.0,0.0,0.9323641152372575,0.10344827586206896,0.0,0.7
0.25,0.0,0.847457627118644,0.9694043662789161,0.896551724137931,0.0,0.7
0.5666666666666667,0.0,0.23728813559322035,0.9731605953826702,0.8275862068965517,0.0,0.7
0.8166666666666667,0.0,0.0,0.942246992632927,0.6896551724137931,0.0,0.7
0.7,0.0,0.7966101694915254,0.9819220142311849,0.7241379310344828,0.0,0.7
0.11666666666666667,0.0,0.2542372881355932,0.9417218570746616,0.4482758620689655,0.0,0.7
0.9333333333333333,0.0,0.1016949152542373,0.872354170386531,0.13793103448275862,0.0,0.7
0.9166666666666666,0.0,0.1016949152542373,0.7568361496731888,0.5517241379310345,0.0,0.7
0.9333333333333333,0.0,0.7627118644067796,0.7920834217950219,0.5517241379310345,0.0,0.7
0.8333333333333334,0.0,0.7288135593220338,0.9174024230295977,0.41379310344827586,0.0,0.7
0.08333333333333333,0.0,0.05084745762711865,0.9960058942878279,0.3448275862068966,0.0,0.7
0.7666666666666667,0.0,0.1864406779661017,0.9656730770406353,0.1724137931034483,0.0,0.7
0.38333333333333336,0.0,0.13559322033898305,0.7479018238375531,0.3448275862068966,0.0,0.7
0.0,1.0,0.4576271186440678,0.6450215586840513,0.6896551724137931,0.0,0.73
0.2,0.0,0.8135593220338984,0.8808942572134745,0.27586206896551724,0.0,0.7
0.16666666666666666,0.0,0.6610169491525424,0.9727842182244549,0.9655172413793104,0.0,0.7
0.35,0.0,0.9322033898305084,0.8201877293396345,0.20689655172413793,0.0,0.7
0.1,0.0,0.7627118644067796,0.9935595704027618,0.41379310344827586,0.0,0.7
0.5,0.0,0.3389830508474576,0.8624971709020268,0.6551724137931034,0.0,0.7
0.4,0.0,0.7796610169491526,0.8176293126088979,0.2413793103448276,0.0,0.7
0.36666666666666664,0.0,0.9322033898305084,0.9814731154089752,0.1724137931034483,0.0,0.7
0.6,0.0,0.06779661016949153,0.8349500308183256,1.0,0.0,0.7
0.36666666666666664,0.0,0.01694915254237288,0.9048761575124513,0.9655172413793104,0.0,0.7
0.5833333333333334,0.0,0.15254237288135594,0.8697660382429644,0.6551724137931034,0.0,0.7
0.5666666666666667,0.0,0.6440677966101694,0.9842277688950442,0.41379310344827586,0.0,0.7
0.35,0.0,0.9830508474576272,0.9693136376467051,0.1724137931034483,0.0,0.7
0.35,0.0,0.1864406779661017,0.9420276786927512,0.6551724137931034,0.0,0.7
0.35,0.0,0.0847457627118644,0.9611133139011102,0.6896551724137931,0.0,0.7
0.6666666666666666,0.0,0.4067796610169492,0.7806541040504914,0.7931034482758621,0.0,0.7
0.25,0.0,0.847457627118644,0.7018633907302767,0.8275862068965517,0.0,0.7
0.2833333333333333,0.0,0.15254237288135594,0.8573004383106119,0.8275862068965517,0.0,0.7
0.6166666666666667,0.0,0.4745762711864407,0.9485999134163022,0.6206896551724138,0.0,0.7
0.9333333333333333,0.0,0.3389830508474576,0.9481206606685167,0.4827586206896552,0.0,0.7
0.7166666666666667,0.0,0.15254237288135594,0.8694260353317159,0.5517241379310345,0.0,0.7
0.85,0.0,0.3220338983050847,0.9275914835860537,0.034482758620689655,0.0,0.7
0.21666666666666667,0.0,0.559322033898305,0.8017851504975001,0.034482758620689655,0.0,0.7
0.36666666666666664,0.0,0.8983050847457628,0.6562967747556409,0.8620689655172413,0.0,0.722
0.6833333333333333,0.0,0.2033898305084746,0.9059333752769114,0.7241379310344828,0.0,0.7
0.5166666666666667,0.0,0.11864406779661017,0.9805825445108106,0.6896551724137931,0.0,0.7
0.11666666666666667,0.0,0.4067796610169492,0.7777251482995424,0.7586206896551724,0.0,0.7
0.2833333333333333,0.0,0.4406779661016949,0.8996870289094986,0.27586206896551724,0.0,0.7
0.6666666666666666,0.0,0.4576271186440678,0.9932631430210177,0.41379310344827586,0.0,0.7
0.9,0.0,0.8983050847457628,0.8581429048551368,0.20689655172413793,0.0,0.7
0.7166666666666667,0.0,0.03389830508474576,0.7712140112934174,0.13793103448275862,0.0,0.7
0.31666666666666665,0.0,0.9661016949152542,0.9031617208132473,0.2413793103448276,0.0,0.7
0.1,0.0,0.6271186440677966,0.9330528507442643,1.0,0.0,0.7
1.0,0.0,0.03389830508474576,0.9977060202837895,0.896551724137931,0.0,0.7
0.9,0.0,0.2711864406779661,0.8212813506749402,0.20689655172413793,0.0,0.7
0.7333333333333333,0.0,0.711864406779661,0.979752575244626,0.27586206896551724,0.0,0.7
0.7333333333333333,0.0,0.2033898305084746,0.9712110630348649,0.5517241379310345,0.0,0.7
0.5,0.0,0.9322033898305084,0.9587464668139928,0.9655172413793104,0.0,0.7
0.5,0.0,0.13559322033898305,0.9264297815796638,0.3103448275862069,0.0,0.7
0.08333333333333333,0.0,0.1694915254237288,0.8978924023586201,0.41379310344827586,0.0,0.7
0.9333333333333333,0.0,0.6101694915254238,0.9829732600101411,0.9310344827586207,0.0,0.7
0.8166666666666667,0.0,0.7288135593220338,0.9902483601733378,0.2413793103448276,0.0,0.7
0.23333333333333334,0.0,0.847457627118644,0.883913002595811,0.896551724137931,0.0,0.7
0.25,0.0,0.4406779661016949,0.9638328841207252,0.9655172413793104,0.0,0.7
0.18333333333333332,0.0,0.15254237288135594,0.9846071369945788,0.034482758620689655,0.0,0.7
0.9166666666666666,0.0,0.4406779661016949,0.8479869375455499,0.41379310344827586,0.0,0.7
0.95,0.0,0.6779661016949152,0.9918607623805827,0.3103448275862069,0.0,0.7
0.5,0.0,0.06779661016949153,0.9122768411396283,1.0,0.0,0.7
0.7666666666666667,0.0,0.2542372881355932,0.9591619647671707,0.034482758620689655,0.0,0.7
0.5,0.0,0.7796610169491526,0.9619320603409662,0.10344827586206896,0.0,0.7
0.7,0.0,0.9491525423728814,0.8584975190722242,0.034482758620689655,0.0,0.7
0.8166666666666667,0.0,0.23728813559322035,0.8251723025187951,0.7586206896551724,0.0,0.7
0.25,0.0,0.13559322033898305,0.9659498701974201,0.3103448275862069,0.0,0.7
0.5166666666666667,0.0,0.5932203389830508,0.9792428202005501,0.9655172413793104,0.0,0.7
0.21666666666666667,0.0,0.3389830508474576,0.9166938836310384,0.6206896551724138,0.0,0.7
0.48333333333333334,0.0,0.6101694915254238,0.8395998999615221,0.8620689655172413,0.0,0.7
0.7666666666666667,0.0,0.576271186440678,0.8971858934877495,0.7241379310344828,0.0,0.7
0.4,0.0,0.9152542372881356,0.9954818304653184,0.3448275862068966,0.0,0.7
0.5666666666666667,0.0,0.6271186440677966,0.39404754860420416,0.9655172413793104,0.0,0.735
0.21666666666666667,0.0,0.03389830508474576,0.9882023023817909,0.6206896551724138,0.0,0.7
0.4,0.0,0.7966101694915254,0.9282611322105946,0.13793103448275862,0.0,0.7
0.13333333333333333,0.0,0.7457627118644068,0.9509833417308259,0.3793103448275862,0.0,0.7
0.06666666666666667,0.0,0.5254237288135594,0.862102599653542,0.3793103448275862,0.0,0.7
0.06666666666666667,0.0,0.6610169491525424,0.9640323163557959,0.41379310344827586,0.0,0.7
0.5666666666666667,0.0,0.06779661016949153,0.7789136023834948,0.7586206896551724,0.0,0.7
0.9833333333333333,0.0,0.8813559322033898,0.9369175045903403,0.9310344827586207,0.0,0.7
0.8666666666666667,0.0,0.7796610169491526,0.9143844693608177,0.2413793103448276,0.0,0.7
0.8666666666666667,0.0,0.13559322033898305,0.9382379648621872,0.896551724137931,0.0,0.7
0.31666666666666665,0.0,0.13559322033898305,0.8777076089616082,0.5517241379310345,0.0,0.7
0.3,0.0,0.9152542372881356,0.8012917691936038,0.4827586206896552,0.0,0.7
0.21666666666666667,0.0,0.6271186440677966,0.6526772044096498,0.4827586206896552,0.0,0.728
0.5833333333333334,0.0,0.8305084745762712,0.7487592980706019,0.2413793103448276,0.0,0.7
0.8166666666666667,0.0,0.2542372881355932,0.9830047584681803,0.8620689655172413,0.0,0.7
0.8,0.0,0.7288135593220338,0.9945179714456293,0.5862068965517241,0.0,0.7
0.75,0.0,0.559322033898305,0.9311009449705868,0.6896551724137931,0.0,0.7
0.9333333333333333,0.0,0.423728813559322,0.9914778874119364,0.034482758620689655,0.0,0.7
0.5166666666666667,0.0,0.3389830508474576,0.6667240644936295,0.0,1.0,0.712
0.7666666666666667,0.0,0.7796610169491526,0.961556167262124,0.3103448275862069,0.0,0.7
0.016666666666666666,0.0,0.0,0.9963491378136192,0.0,1.0,0.7
0.13333333333333333,0.0,0.5423728813559322,0.9551143049592725,0.6896551724137931,0.0,0.7
0.75,0.0,0.423728813559322,0.9999232251673437,0.2413793103448276,0.0,0.7
0.7333333333333333,0.0,0.2711864406779661,0.804282978078144,0.1724137931034483,0.0,0.7
0.7833333333333333,0.0,0.4067796610169492,0.9576684784084981,0.034482758620689655,0.0,0.7
0.6666666666666666,0.0,0.7457627118644068,0.9157642161444128,0.10344827586206896,0.0,0.7
0.5666666666666667,0.0,0.847457627118644,0.998829319446327,0.9655172413793104,0.0,0.7
0.9,0.0,0.7288135593220338,0.9893729418411924,0.7241379310344828,0.0,0.7
0.05,0.0,0.3389830508474576,0.9012652253512015,1.0,0.0,0.7
0.7666666666666667,0.0,0.559322033898305,0.8631986657813393,0.4827586206896552,0.0,0.7
0.6666666666666666,0.0,0.13559322033898305,0.9133244726086834,0.27586206896551724,0.0,0.7
0.21666666666666667,0.0,0.7288135593220338,0.9330380782861364,0.20689655172413793,0.0,0.7
0.5833333333333334,0.0,0.9322033898305084,0.9514726603724045,0.9655172413793104,0.0,0.7
0.43333333333333335,0.0,0.864406779661017,0.9594339652859498,0.896551724137931,0.0,0.7
0.25,0.0,0.4406779661016949,0.8830851087279319,0.1724137931034483,0.0,0.7
0.3,0.0,0.6610169491525424,0.8851530807443415,0.9310344827586207,0.0,0.7
0.7,0.0,0.8135593220338984,0.9539251857420074,0.6896551724137931,0.0,0.7
0.9333333333333333,0.0,0.3220338983050847,0.995929025622848,0.5172413793103449,0.0,0.7
0.23333333333333334,0.0,0.3389830508474576,0.9711868788990187,0.06896551724137931,0.0,0.7
0.48333333333333334,0.0,0.2033898305084746,0.9812206798023794,0.7586206896551724,0.0,0.7
0.18333333333333332,0.0,0.8983050847457628,0.9724384148929491,0.8620689655172413,0.0,0.7
0.31666666666666665,0.0,0.8983050847457628,0.8531259363471095,0.9310344827586207,0.0,0.7
0.38333333333333336,0.0,0.7288135593220338,0.9602320470319378,0.5862068965517241,0.0,0.7
0.1,0.0,0.3559322033898305,0.6654744053943739,0.4482758620689655,0.0,0.723
1.0,0.0,0.1864406779661017,0.8474516126689039,0.8275862068965517,0.0,0.7
0.11666666666666667,0.0,0.9661016949152542,0.9711389348006207,0.3448275862068966,0.0,0.7
0.05,0.0,0.8983050847457628,0.9792118614122933,0.7241379310344828,0.0,0.7
0.08333333333333333,0.0,0.5423728813559322,0.9590543386084964,0.9310344827586207,0.0,0.7
0.5166666666666667,0.0,0.6779661016949152,0.9400108027216405,0.896551724137931,0.0,0.7
0.03333333333333333,0.0,0.4576271186440678,0.9901514848360381,0.896551724137931,0.0,0.7
0.6833333333333333,0.0,0.8983050847457628,0.873220624943155,0.5862068965517241,0.0,0.7
0.2,0.0,0.7288135593220338,0.9939449853838352,0.5517241379310345,0.0,0.7
0.3,0.0,0.8305084745762712,0.8770365961338483,0.5862068965517241,0.0,0.7
0.06666666666666667,0.0,0.3559322033898305,0.963399749824412,0.6206896551724138,0.0,0.7
0.5666666666666667,0.0,0.423728813559322,0.9186235378187398,0.3103448275862069,0.0,0.7
0.8333333333333334,0.0,0.288135593220339,0.8303524797472117,0.6206896551724138,0.0,0.7
0.5166666666666667,0.0,0.1864406779661017,0.9370033522045502,0.9655172413793104,0.0,0.7
0.7166666666666667,0.0,0.1694915254237288,0.9477931886615353,0.2413793103448276,0.0,0.7
0.1,0.0,0.1016949152542373,0.8553815251788308,0.5862068965517241,0.0,0.7
0.6166666666666667,0.0,0.5932203389830508,0.870084419176593,0.6551724137931034,0.0,0.7
0.36666666666666664,0.0,0.6101694915254238,0.9688616250125166,0.10344827586206896,0.0,0.7
0.9333333333333333,0.0,0.288135593220339,0.8924578510821952,0.9310344827586207,0.0,0.7
0.18333333333333332,0.0,0.8135593220338984,0.9704144967052086,0.3103448275862069,0.0,0.7
0.9,0.0,0.6610169491525424,0.9936125767496381,0.5517241379310345,0.0,0.7
0.31666666666666665,0.0,0.5932203389830508,0.9814839836611876,0.7241379310344828,0.0,0.7
0.4166666666666667,0.0,0.7288135593220338,0.9297008400487959,0.7241379310344828,0.0,0.7
0.9333333333333333,0.0,0.03389830508474576,0.9384919280707948,0.20689655172413793,0.0,0.7
0.5333333333333333,0.0,0.3559322033898305,0.6619481143824409,0.2413793103448276,0.0,0.73
0.9833333333333333,0.0,0.15254237288135594,0.9228803908843958,0.5517241379310345,0.0,0.7
0.6,0.0,0.2033898305084746,0.998459770628389,0.7586206896551724,0.0,0.7
0.5166666666666667,0.0,0.559322033898305,0.8291801397237638,1.0,0.0,0.7
0.31666666666666665,0.0,0.576271186440678,0.948067274993126,0.3448275862068966,0.0,0.7
0.75,0.0,0.2542372881355932,0.9214012673897778,0.13793103448275862,0.0,0.7
0.08333333333333333,0.0,0.7457627118644068,0.8800814886027342,0.7586206896551724,0.0,0.7
0.2833333333333333,0.0,0.4745762711864407,0.9209738588288857,0.9655172413793104,0.0,0.7
0.8166666666666667,0.0,0.5254237288135594,0.9789811835838195,0.5862068965517241,0.0,0.7
0.6166666666666667,0.0,0.423728813559322,0.9769577670132916,0.27586206896551724,0.0,0.7
0.16666666666666666,0.0,0.9830508474576272,0.8677266357064787,0.6896551724137931,0.0,0.7
0.25,0.0,0.2542372881355932,0.9278283151925864,0.8275862068965517,0.0,0.7
0.15,0.0,0.2711864406779661,0.9551190368716519,0.8620689655172413,0.0,0.7
0.26666666666666666,0.0,0.8983050847457628,0.9537211010472331,0.0,1.0,0.7
0.38333333333333336,0.0,0.9322033898305084,0.8085856488795239,0.1724137931034483,0.0,0.7
0.7333333333333333,0.0,0.8305084745762712,0.9937992173459312,0.034482758620689655,0.0,0.7
0.5833333333333334,0.0,0.4915254237288136,0.8734041112912949,0.10344827586206896,0.0,0.7
0.6,0.0,0.6610169491525424,0.9994395056295645,0.5862068965517241,0.0,0.7
0.1,0.0,0.2542372881355932,0.7741848580443724,0.5172413793103449,0.0,0.7
0.9166666666666666,0.0,0.11864406779661017,0.6703618557372663,0.3448275862068966,0.0,0.712
0.25,0.0,0.11864406779661017,0.9757304292428071,0.6896551724137931,0.0,0.7
0.6833333333333333,0.0,0.6779661016949152,0.7755292769700848,0.4482758620689655,0.0,0.7
0.13333333333333333,0.0,0.9830508474576272,0.8920231415919999,0.8620689655172413,0.0,0.7
0.9833333333333333,0.0,0.6949152542372882,0.9344122164953093,0.6206896551724138,0.0,0.7
0.9833333333333333,0.0,0.6271186440677966,0.8948391451276537,0.0,1.0,0.7
0.48333333333333334,0.0,0.1864406779661017,0.9588338418502783,0.5517241379310345,0.0,0.7
0.7,0.0,0.6440677966101694,0.8882493120138933,0.3103448275862069,0.0,0.7
0.8666666666666667,0.0,0.5084745762711864,0.9821254739894343,0.10344827586206896,0.0,0.7
0.2833333333333333,0.0,0.9830508474576272,0.9575377347382342,0.8275862068965517,0.0,0.7
0.08333333333333333,0.0,0.7288135593220338,0.9543988845210545,0.5862068965517241,0.0,0.7
0.0,1.0,0.0847457627118644,0.9837907469183013,0.9655172413793104,0.0,0.7
0.3,0.0,0.7796610169491526,0.8239340522248638,0.41379310344827586,0.0,0.7
0.7833333333333333,0.0,0.22033898305084745,0.7341449243348526,0.6551724137931034,0.0,0.7
0.5166666666666667,0.0,0.7796610169491526,0.9685586107390198,0.5517241379310345,0.0,0.7
0.7833333333333333,0.0,0.288135593220339,0.9541508326314696,0.27586206896551724,0.0,0.7
0.9666666666666667,0.0,0.559322033898305,0.8729492896930976,0.27586206896551724,0.0,0.7
0.21666666666666667,0.0,0.576271186440678,0.784178585790771,0.7241379310344828,0.0,0.7
0.5166666666666667,0.0,0.5932203389830508,0.9598147846240184,0.5862068965517241,0.0,0.7
0.9333333333333333,0.0,0.711864406779661,0.526085573440078,0.5517241379310345,0.0,0.738
0.48333333333333334,0.0,0.6779661016949152,0.9751055286112743,0.8275862068965517,0.0,0.7
0.5666666666666667,0.0,0.4406779661016949,0.808047494859229,0.896551724137931,0.0,0.7
0.6166666666666667,0.0,0.06779661016949153,0.9914517181581566,0.3793103448275862,0.0,0.7
0.4666666666666667,0.0,0.3898305084745763,0.7106630187818722,0.20689655172413793,0.0,0.7
0.26666666666666666,0.0,0.1016949152542373,0.7594448294710625,0.10344827586206896,0.0,0.7
0.43333333333333335,0.0,0.01694915254237288,0.9699019710099228,0.8620689655172413,0.0,0.7
0.5666666666666667,0.0,0.7966101694915254,0.4683160351480918,0.1724137931034483,0.0,0.741
0.45,0.0,0.4067796610169492,0.9252134050422667,0.8275862068965517,0.0,0.7
0.4,0.0,0.1864406779661017,0.9465121102126013,0.8275862068965517,0.0,0.7
0.03333333333333333,0.0,0.7457627118644068,0.768833895555098,0.7586206896551724,0.0,0.7
0.55,0.0,0.864406779661017,0.8256593342245132,0.8275862068965517,0.0,0.7
0.15,0.0,0.4406779661016949,0.9037371753405453,0.7241379310344828,0.0,0.7
0.6833333333333333,0.0,0.15254237288135594,0.9829266556131119,0.2413793103448276,0.0,0.7
0.25,0.0,0.15254237288135594,0.8971672573837798,0.41379310344827586,0.0,0.7
0.5,0.0,0.9491525423728814,0.9838591085888932,0.4482758620689655,0.0,0.7
0.8,0.0,0.7288135593220338,0.9777338697911907,0.8275862068965517,0.0,0.7
0.48333333333333334,0.0,0.559322033898305,0.9186432144297658,0.06896551724137931,0.0,0.7
0.9833333333333333,0.0,0.8135593220338984,0.9807089766848168,0.5862068965517241,0.0,0.7
0.9833333333333333,0.0,0.06779661016949153,0.7094920119807175,0.0,1.0,0.7
0.6333333333333333,0.0,0.7796610169491526,0.9571374977081164,0.1724137931034483,0.0,0.7
0.3,0.0,0.0847457627118644,0.9645311890423032,0.27586206896551724,0.0,0.7
0.6666666666666666,0.0,0.9152542372881356,0.9291300712206598,0.41379310344827586,0.0,0.7
0.8333333333333334,0.0,0.06779661016949153,0.9795185124900806,0.7586206896551724,0.0,0.7
0.7666666666666667,0.0,0.8983050847457628,0.9934021604138914,1.0,0.0,0.7
0.8666666666666667,0.0,0.711864406779661,0.9906191795441668,0.7931034482758621,0.0,0.7
0.6833333333333333,0.0,0.8305084745762712,0.8557017965170918,0.41379310344827586,0.0,0.7
0.26666666666666666,0.0,0.9152542372881356,0.9538475766561016,0.3103448275862069,0.0,0.7
0.95,0.0,0.2542372881355932,0.6416861186005814,0.3793103448275862,0.0,0.738
0.48333333333333334,0.0,0.1864406779661017,0.9458373757871468,0.034482758620689655,0.0,0.7
0.23333333333333334,0.0,0.1016949152542373,0.9021583442689451,0.20689655172413793,0.0,0.7
0.23333333333333334,0.0,0.3050847457627119,0.6892510868139421,1.0,0.0,0.699
0.5833333333333334,0.0,0.11864406779661017,0.935220560522835,0.7241379310344828,0.0,0.7
0.23333333333333334,0.0,0.6440677966101694,0.9005137482990868,0.4482758620689655,0.0,0.7
0.55,0.0,0.5254237288135594,0.975645829790206,0.3103448275862069,0.0,0.7
0.35,0.0,0.0847457627118644,0.8892117689963733,0.6896551724137931,0.0,0.7
0.55,0.0,0.8135593220338984,0.8713473628882338,0.7586206896551724,0.0,0.7
0.18333333333333332,0.0,0.9661016949152542,0.9554290549302351,0.3103448275862069,0.0,0.7
0.45,0.0,0.9661016949152542,0.9296485828952076,0.06896551724137931,0.0,0.7
0.6666666666666666,0.0,0.06779661016949153,0.9942461498423191,0.7241379310344828,0.0,0.7
0.38333333333333336,0.0,0.06779661016949153,0.5747556288294042,0.20689655172413793,0.0,0.745
0.3,0.0,0.4067796610169492,0.6254342250684609,0.1724137931034483,0.0,0.733
0.6666666666666666,0.0,0.4406779661016949,0.674297188023812,0.27586206896551724,0.0,0.708
0.65,0.0,0.5932203389830508,0.8274195820841824,0.6896551724137931,0.0,0.7
0.8166666666666667,0.0,0.6779661016949152,0.7747549198598777,0.4827586206896552,0.0,0.7
0.11666666666666667,0.0,0.5932203389830508,0.9930426296958739,0.9655172413793104,0.0,0.7
0.7333333333333333,0.0,0.6779661016949152,0.950576658145293,0.6551724137931034,0.0,0.7
0.5166666666666667,0.0,0.9322033898305084,0.9791168672737268,0.10344827586206896,0.0,0.7
0.9833333333333333,0.0,0.01694915254237288,0.7986106982005753,0.9310344827586207,0.0,0.7
0.7166666666666667,0.0,0.23728813559322035,0.958231744822538,0.5172413793103449,0.0,0.7
0.9166666666666666,0.0,0.6779661016949152,0.9025755471097682,0.3448275862068966,0.0,0.7
0.11666666666666667,0.0,0.4915254237288136,0.9966923828722222,0.5172413793103449,0.0,0.7
1.0,0.0,0.6610169491525424,0.9951461688782164,0.13793103448275862,0.0,0.7
0.65,0.0,0.6779661016949152,0.9893419394048935,0.034482758620689655,0.0,0.7
0.18333333333333332,0.0,0.23728813559322035,0.9433432846051072,0.7931034482758621,0.0,0.7
0.5333333333333333,0.0,0.9152542372881356,0.8376312894260778,0.3103448275862069,0.0,0.7
0.05,0.0,0.9491525423728814,0.8624391520434963,0.7586206896551724,0.0,0.7
0.2833333333333333,0.0,0.06779661016949153,0.9510147225217374,0.10344827586206896,0.0,0.7
0.85,0.0,0.5423728813559322,0.9508193945659552,0.0,1.0,0.7
0.7666666666666667,0.0,0.4915254237288136,0.9977616935753892,0.6551724137931034,0.0,0.7
0.03333333333333333,0.0,0.9152542372881356,0.9155565722034685,0.1724137931034483,0.0,0.7
1.0,0.0,0.559322033898305,0.9908354533142769,0.20689655172413793,0.0,0.7
0.5333333333333333,0.0,0.2033898305084746,0.6519895911089996,0.6206896551724138,0.0,0.734
0.45,0.0,0.4067796610169492,0.9669700433780276,0.7241379310344828,0.0,0.7
0.2833333333333333,0.0,0.5423728813559322,0.3576701886117751,0.5172413793103449,0.0,0.733
0.26666666666666666,0.0,0.6101694915254238,0.9754802875413859,0.9655172413793104,0.0,0.7
0.55,0.0,0.3389830508474576,0.9383435057213755,0.27586206896551724,0.0,0.7
0.2833333333333333,0.0,0.0,0.907632291213038,0.7586206896551724,0.0,0.7
0.5333333333333333,0.0,0.23728813559322035,0.9379596423434505,0.0,1.0,0.7
0.23333333333333334,0.0,0.864406779661017,0.9986700757024983,0.8620689655172413,0.0,0.7
0.6833333333333333,0.0,0.11864406779661017,0.971981413432937,0.4827586206896552,0.0,0.7
0.1,0.0,0.2033898305084746,0.6574575096584533,0.0,1.0,0.725
0.65,0.0,0.3389830508474576,0.9196491871529004,0.7586206896551724,0.0,0.7
0.26666666666666666,0.0,0.23728813559322035,0.8660522621748823,0.7241379310344828,0.0,0.7
0.85,0.0,0.3389830508474576,0.8194968939293725,0.10344827586206896,0.0,0.7
0.8,0.0,0.3050847457627119,0.5799149701041749,0.7931034482758621,0.0,0.742
0.1,0.0,0.6440677966101694,0.8837427118314576,0.7586206896551724,0.0,0.7
0.48333333333333334,0.0,0.7966101694915254,0.9128611218211208,0.9655172413793104,0.0,0.7
0.65,0.0,0.13559322033898305,0.9809100506861603,0.8275862068965517,0.0,0.7
0.2,0.0,0.3220338983050847,0.8432188886485605,0.3793103448275862,0.0,0.7
0.55,0.0,0.3559322033898305,0.9458864866883052,0.9655172413793104,0.0,0.7
0.8166666666666667,0.0,0.7966101694915254,0.6624856999698401,0.13793103448275862,0.0,0.717
0.43333333333333335,0.0,0.3050847457627119,0.8453843992695327,0.20689655172413793,0.0,0.7
0.9666666666666667,0.0,0.1694915254237288,0.8487303166469726,0.3793103448275862,0.0,0.7
0.5,0.0,0.23728813559322035,0.9937656380371486,0.034482758620689655,0.0,0.7
0.4,0.0,0.7966101694915254,0.9349455582433133,0.1724137931034483,0.0,0.7
0.38333333333333336,0.0,0.4067796610169492,0.7965783569039062,0.3793103448275862,0.0,0.7
0.08333333333333333,0.0,0.23728813559322035,0.972170873299188,0.20689655172413793,0.0,0.7
0.7833333333333333,0.0,0.5932203389830508,0.9691993016313324,0.3793103448275862,0.0,0.7
0.5666666666666667,0.0,0.9152542372881356,0.8268276110943904,0.6896551724137931,0.0,0.7
0.23333333333333334,0.0,0.3389830508474576,0.6868576429600192,0.5517241379310345,0.0,0.699
0.7,0.0,0.6101694915254238,0.8358558915823214,0.7931034482758621,0.0,0.7
0.35,0.0,0.1864406779661017,0.9821487517777439,0.20689655172413793,0.0,0.7
0.85,0.0,0.8983050847457628,0.796553430120644,0.3103448275862069,0.0,0.7
1.0,0.0,0.1016949152542373,0.6129585442509302,0.5862068965517241,0.0,0.736
0.5,0.0,0.1016949152542373,0.9855595523577801,0.41379310344827586,0.0,0.7
0.8,0.0,0.1016949152542373,0.7273724599841607,0.4482758620689655,0.0,0.7
0.016666666666666666,0.0,0.3220338983050847,0.8497481402037378,0.7241379310344828,0.0,0.7
0.5833333333333334,0.0,0.8813559322033898,0.7247395890941026,0.41379310344827586,0.0,0.7
0.9166666666666666,0.0,0.3050847457627119,0.8831431640472639,0.8620689655172413,0.0,0.7
0.06666666666666667,0.0,1.0,0.9930376815815903,0.6206896551724138,0.0,0.7
0.18333333333333332,0.0,0.22033898305084745,0.99019133882154,0.10344827586206896,0.0,0.7
0.6666666666666666,0.0,0.7796610169491526,0.9863631023258078,0.9310344827586207,0.0,0.7
0.7333333333333333,0.0,0.13559322033898305,0.9695536069426722,0.8620689655172413,0.0,0.7
0.6833333333333333,0.0,0.4406779661016949,0.9285798928173278,0.5172413793103449,0.0,0.7
0.75,0.0,0.06779661016949153,0.956174368297863,0.9655172413793104,0.0,0.7
0.9,0.0,0.0,0.9714625277860179,0.3103448275862069,0.0,0.7
0.016666666666666666,0.0,0.8813559322033898,0.9428092317209642,0.0,1.0,0.7
0.8333333333333334,0.0,0.7966101694915254,0.9209149319738341,0.2413793103448276,0.0,0.7
0.6833333333333333,0.0,0.9491525423728814,0.9792488750265141,0.7241379310344828,0.0,0.7
0.9833333333333333,0.0,0.06779661016949153,0.9028803229509288,0.6206896551724138,0.0,0.7
0.0,1.0,0.15254237288135594,0.9231360377818341,0.20689655172413793,0.0,0.7
0.2833333333333333,0.0,0.2033898305084746,0.8394518809151034,0.3793103448275862,0.0,0.7
0.6333333333333333,0.0,0.864406779661017,0.6721697671512737,1.0,0.0,0.702
0.6,0.0,0.7796610169491526,0.6509120533051229,0.7931034482758621,0.0,0.727
0.9666666666666667,0.0,0.559322033898305,0.8868407964427407,0.1724137931034483,0.0,0.7
0.2,0.0,0.9491525423728814,0.9734514512635083,0.6206896551724138,0.0,0.7
0.9666666666666667,0.0,0.847457627118644,0.8537674070260853,0.6896551724137931,0.0,0.7
0.4666666666666667,0.0,0.5254237288135594,0.9340126405269593,0.8275862068965517,0.0,0.7
0.8166666666666667,0.0,0.847457627118644,0.8644950591939897,0.20689655172413793,0.0,0.7
0.0,1.0,0.5423728813559322,0.9604537654686653,0.2413793103448276,0.0,0.7
0.0,1.0,0.9322033898305084,0.7452185044026814,0.13793103448275862,0.0,0.7
0.0,1.0,0.2033898305084746,0.9564368171009082,0.9655172413793104,0.0,0.7
0.2,0.0,0.4745762711864407,0.9862253033153884,0.4482758620689655,0.0,0.7
0.06666666666666667,0.0,0.5932203389830508,0.9573618962508632,0.10344827586206896,0.0,0.7
0.8,0.0,0.9152542372881356,0.958268462162251,0.8275862068965517,0.0,0.7
0.15,0.0,0.1016949152542373,0.9230582643083014,0.6896551724137931,0.0,0.7
0.48333333333333334,0.0,0.13559322033898305,0.9792189435757103,0.7586206896551724,0.0,0.7
0.1,0.0,0.1016949152542373,0.9436021057537991,0.3448275862068966,0.0,0.7
0.2833333333333333,0.0,0.6610169491525424,0.7310688643744309,0.7931034482758621,0.0,0.7
0.25,0.0,0.9322033898305084,0.9112047603810403,0.20689655172413793,0.0,0.7
0.4666666666666667,0.0,0.288135593220339,0.8481675342644605,0.9310344827586207,0.0,0.7
0.7666666666666667,0.0,0.1016949152542373,0.5167562606595665,0.7586206896551724,0.0,0.746
0.5333333333333333,0.0,0.7627118644067796,0.960176181189286,0.3103448275862069,0.0,0.7
0.5833333333333334,0.0,0.2542372881355932,0.9744126467861794,0.7586206896551724,0.0,0.7
0.1,0.0,0.3220338983050847,0.8344364104683248,0.41379310344827586,0.0,0.7
0.4166666666666667,0.0,0.864406779661017,0.45981160515874964,0.06896551724137931,0.0,0.723
0.4666666666666667,0.0,0.6271186440677966,0.930673153198501,0.2413793103448276,0.0,0.7
0.7833333333333333,0.0,0.288135593220339,0.6543822075285234,0.06896551724137931,0.0,0.723
0.23333333333333334,0.0,0.6779661016949152,0.805467213794455,0.06896551724137931,0.0,0.7
0.13333333333333333,0.0,0.559322033898305,0.9013937846775509,0.6206896551724138,0.0,0.7
0.3,0.0,0.3559322033898305,0.7974775956491333,0.7586206896551724,0.0,0.7
0.95,0.0,0.03389830508474576,0.9941366228910617,0.5862068965517241,0.0,0.7
0.13333333333333333,0.0,0.5932203389830508,0.9610180627703193,0.6896551724137931,0.0,0.7
0.18333333333333332,0.0,0.576271186440678,0.9477649991567271,0.8620689655172413,0.0,0.7
0.8333333333333334,0.0,0.6610169491525424,0.8915880602676147,0.5862068965517241,0.0,0.7
0.7166666666666667,0.0,0.0847457627118644,0.8894922553098263,0.9655172413793104,0.0,0.7
0.016666666666666666,0.0,0.559322033898305,0.9264564463634049,0.20689655172413793,0.0,0.7
0.5666666666666667,0.0,0.3050847457627119,0.8819039256156834,0.6551724137931034,0.0,0.7
0.25,0.0,0.9491525423728814,0.9915526789748492,0.3793103448275862,0.0,0.7
0.25,0.0,0.6101694915254238,0.9877883639230683,0.3103448275862069,0.0,0.7
0.5333333333333333,0.0,0.9661016949152542,0.9398613108626519,0.1724137931034483,0.0,0.7
0.7833333333333333,0.0,0.4915254237288136,0.9103034764130086,0.0,1.0,0.7
0.7833333333333333,0.0,1.0,0.8018992586060736,0.6551724137931034,0.0,0.7
0.6166666666666667,0.0,0.9491525423728814,0.9354402064495514,0.6206896551724138,0.0,0.7
0.7333333333333333,0.0,0.06779661016949153,0.6988766924347872,0.13793103448275862,0.0,0.7
0.25,0.0,0.5932203389830508,0.9835340156377315,0.20689655172413793,0.0,0.7
0.05,0.0,0.6779661016949152,0.7922934846798189,0.1724137931034483,0.0,0.7
1.0,0.0,0.4067796610169492,0.8781415292610514,0.7241379310344828,0.0,0.7
0.38333333333333336,0.0,0.23728813559322035,0.9535093790843467,0.0,1.0,0.7
0.016666666666666666,0.0,0.4067796610169492,0.9621470711493401,0.0,1.0,0.7
0.6,0.0,0.6101694915254238,0.9945319079056425,0.4482758620689655,0.0,0.7
0.08333333333333333,0.0,0.5084745762711864,0.9181130059806305,0.8275862068965517,0.0,0.7
0.5333333333333333,0.0,0.9322033898305084,0.8818702638725004,0.3793103448275862,0.0,0.7
0.11666666666666667,0.0,0.9152542372881356,0.9394094019375464,0.7241379310344828,0.0,0.7
0.4166666666666667,0.0,0.6610169491525424,0.9694076347053283,0.0,1.0,0.7
0.9,0.0,0.576271186440678,0.8890660215334739,0.20689655172413793,0.0,0.7
0.3,0.0,0.8305084745762712,0.9637451967570206,0.10344827586206896,0.0,0.7
0.7666666666666667,0.0,0.423728813559322,0.9375865867204743,0.896551724137931,0.0,0.7
0.31666666666666665,0.0,0.2711864406779661,0.8287034317068678,0.8275862068965517,0.0,0.7
0.06666666666666667,0.0,0.288135593220339,0.907848227153605,0.0,1.0,0.7
1.0,0.0,0.8813559322033898,0.9386590192354536,0.10344827586206896,0.0,0.7
0.5833333333333334,0.0,0.4576271186440678,0.9170281296517538,0.27586206896551724,0.0,0.7
0.43333333333333335,0.0,0.6101694915254238,0.9812129123555696,0.896551724137931,0.0,0.7
0.4,0.0,0.5423728813559322,0.8697993273086441,0.4827586206896552,0.0,0.7
0.7,0.0,0.23728813559322035,0.9619862170600665,0.4482758620689655,0.0,0.7
0.4,0.0,0.5084745762711864,0.9746575006777012,0.9310344827586207,0.0,0.7
0.2,0.0,0.11864406779661017,0.854680967478478,0.3793103448275862,0.0,0.7
0.9,0.0,0.8305084745762712,0.9048426284501334,0.27586206896551724,0.0,0.7
0.6833333333333333,0.0,0.7288135593220338,0.6123961643184668,0.4482758620689655,0.0,0.73
0.7166666666666667,0.0,0.4915254237288136,0.9955610429054261,0.9310344827586207,0.0,0.7
0.8,0.0,0.847457627118644,0.9590372549679586,0.7241379310344828,0.0,0.7
0.7333333333333333,0.0,0.3728813559322034,0.5326354651738613,0.3103448275862069,0.0,0.742
0.1,0.0,0.4745762711864407,0.9698661128856931,0.7586206896551724,0.0,0.7
0.2,0.0,0.864406779661017,0.8482068005901968,0.20689655172413793,0.0,0.7
0.03333333333333333,0.0,0.864406779661017,0.8237741225471806,0.034482758620689655,0.0,0.7
0.65,0.0,1.0,0.9861322023859319,0.7931034482758621,0.0,0.7
0.38333333333333336,0.0,0.15254237288135594,0.7226493838562025,0.8275862068965517,0.0,0.7
0.35,0.0,0.2711864406779661,0.8574018255815732,0.896551724137931,0.0,0.7
0.8166666666666667,0.0,0.5932203389830508,0.9591028110227036,0.5862068965517241,0.0,0.7
0.2833333333333333,0.0,0.288135593220339,0.9565432500260025,0.4482758620689655,0.0,0.7
0.4166666666666667,0.0,0.4576271186440678,0.6449418643196405,0.41379310344827586,0.0,0.73
0.6166666666666667,0.0,0.7966101694915254,0.7874503415396144,0.7241379310344828,0.0,0.7
0.9666666666666667,0.0,0.4915254237288136,0.7347391737609675,0.1724137931034483,0.0,0.7
0.8666666666666667,0.0,0.3728813559322034,0.9522624907341465,0.3448275862068966,0.0,0.7
0.8333333333333334,0.0,0.5423728813559322,0.9662639880791878,0.06896551724137931,0.0,0.7
0.9666666666666667,0.0,0.22033898305084745,0.9748673482723438,1.0,0.0,0.7
0.55,0.0,0.2033898305084746,0.8457955721827903,0.8275862068965517,0.0,0.7
0.11666666666666667,0.0,0.1864406779661017,0.9778367035348939,0.4827586206896552,0.0,0.7
0.9833333333333333,0.0,0.3728813559322034,0.8719395579260819,0.896551724137931,0.0,0.7
0.9166666666666666,0.0,0.13559322033898305,0.9705042585525849,0.9310344827586207,0.0,0.7
0.4,0.0,0.7796610169491526,0.3591099360964532,0.6551724137931034,0.0,0.744
0.5166666666666667,0.0,0.5254237288135594,0.9950048205650907,0.0,1.0,0.7
0.13333333333333333,0.0,0.7457627118644068,0.8976839391484011,0.10344827586206896,0.0,0.7
0.9166666666666666,0.0,0.3389830508474576,0.8595459847611284,0.3793103448275862,0.0,0.7
0.3,0.0,0.1694915254237288,0.9380946402731929,0.10344827586206896,0.0,0.7
0.08333333333333333,0.0,0.7966101694915254,0.998634321100546,0.13793103448275862,0.0,0.7
0.5333333333333333,0.0,0.576271186440678,0.9516065596478437,0.5172413793103449,0.0,0.7
0.5833333333333334,0.0,0.1016949152542373,0.9227896609771877,1.0,0.0,0.7
0.7333333333333333,0.0,0.22033898305084745,0.8781751984815226,0.034482758620689655,0.0,0.7
0.25,0.0,0.0,0.8293497058132037,0.13793103448275862,0.0,0.7
0.5,0.0,0.1694915254237288,0.8506275967845464,0.8275862068965517,0.0,0.7
0.7833333333333333,0.0,0.9661016949152542,0.8832539203556228,0.2413793103448276,0.0,0.7
0.5166666666666667,0.0,0.576271186440678,0.8545286499062149,0.4827586206896552,0.0,0.7
0.85,0.0,0.288135593220339,0.7911145150650221,0.2413793103448276,0.0,0.7
0.6166666666666667,0.0,0.0847457627118644,0.7295737137811684,0.8620689655172413,0.0,0.7
0.7833333333333333,0.0,0.3728813559322034,0.9562924286354804,0.3448275862068966,0.0,0.7
0.9,0.0,0.9322033898305084,0.7719701113862694,0.06896551724137931,0.0,0.7
0.03333333333333333,0.0,0.5932203389830508,0.9197533519095441,0.3103448275862069,0.0,0.7
0.16666666666666666,0.0,0.05084745762711865,0.635705118023695,0.4827586206896552,0.0,0.738
0.8833333333333333,0.0,0.06779661016949153,0.9567296090865313,0.10344827586206896,0.0,0.7
0.5666666666666667,0.0,0.9322033898305084,0.9943166814458738,0.1724137931034483,0.0,0.7
0.25,0.0,0.4745762711864407,0.8298522537431607,0.7931034482758621,0.0,0.7
0.43333333333333335,0.0,0.5254237288135594,0.8216338771966829,0.5862068965517241,0.0,0.7
0.65,0.0,0.15254237288135594,0.6344716470985692,0.7586206896551724,0.0,0.738
0.38333333333333336,0.0,0.9152542372881356,0.8560790583752196,0.3793103448275862,0.0,0.7
0.6833333333333333,0.0,0.711864406779661,0.6045834479869399,0.7241379310344828,0.0,0.73
0.16666666666666666,0.0,0.9152542372881356,0.9909029825885405,0.5172413793103449,0.0,0.7
0.6,0.0,0.11864406779661017,0.9563290445122552,0.9310344827586207,0.0,0.7
0.8166666666666667,0.0,0.05084745762711865,0.8287097631073533,0.7931034482758621,0.0,0.7
0.06666666666666667,0.0,0.9322033898305084,0.8214457734043239,0.5172413793103449,0.0,0.7
0.03333333333333333,0.0,0.4745762711864407,0.788553766674441,0.10344827586206896,0.0,0.7
0.23333333333333334,0.0,0.5423728813559322,0.8455431107117769,0.5517241379310345,0.0,0.7
0.4166666666666667,0.0,0.3050847457627119,0.8352336134300224,0.8275862068965517,0.0,0.7
0.2833333333333333,0.0,0.1016949152542373,0.9953630511301566,0.3793103448275862,0.0,0.7
0.8166666666666667,0.0,0.6271186440677966,0.8496579072255839,0.5517241379310345,0.0,0.7
0.016666666666666666,0.0,0.8135593220338984,0.9103294009535287,0.3793103448275862,0.0,0.7
0.36666666666666664,0.0,0.2033898305084746,0.8880219887366492,0.2413793103448276,0.0,0.7
0.35,0.0,0.9661016949152542,0.9370004680189948,0.4827586206896552,0.0,0.7
0.36666666666666664,0.0,0.576271186440678,0.9872141231634977,0.6896551724137931,0.0,0.7
0.016666666666666666,0.0,0.9661016949152542,0.8721178830617398,0.1724137931034483,0.0,0.7
0.5666666666666667,0.0,0.6271186440677966,0.9706880961285675,0.0,1.0,0.7
0.9666666666666667,0.0,0.2033898305084746,0.9557840696498376,0.13793103448275862,0.0,0.7
0.6,0.0,0.03389830508474576,0.9263281867942026,0.6206896551724138,0.0,0.7
0.95,0.0,0.01694915254237288,0.868617887640857,0.8275862068965517,0.0,0.7
0.5166666666666667,0.0,0.6440677966101694,0.9546165370254683,0.1724137931034483,0.0,0.7
0.3,0.0,0.8305084745762712,0.9995942130276917,0.7931034482758621,0.0,0.7
0.1,0.0,0.11864406779661017,0.9967606635206273,0.034482758620689655,0.0,0.7
0.8,0.0,0.3728813559322034,0.9459026720545751,0.13793103448275862,0.0,0.7
0.08333333333333333,0.0,0.4745762711864407,0.7776403764458457,0.1724137931034483,0.0,0.7
0.016666666666666666,0.0,0.5423728813559322,0.8187487872244966,0.9310344827586207,0.0,0.7
0.15,0.0,0.3898305084745763,0.985846084340035,0.3103448275862069,0.0,0.7
0.7,0.0,0.4915254237288136,0.8240463495046797,0.034482758620689655,0.0,0.7
0.9166666666666666,0.0,0.3898305084745763,0.7305959011033212,0.7931034482758621,0.0,0.7
0.8166666666666667,0.0,0.3389830508474576,0.9946963609326674,0.6206896551724138,0.0,0.7
0.18333333333333332,0.0,0.9152542372881356,0.9714840015133032,0.0,1.0,0.7
0.36666666666666664,0.0,0.8135593220338984,0.8960352562809535,0.4482758620689655,0.0,0.7
0.95,0.0,0.4915254237288136,0.9035357462051884,0.2413793103448276,0.0,0.7
0.9666666666666667,0.0,0.1864406779661017,0.9915719145570835,0.7586206896551724,0.0,0.7
0.4166666666666667,0.0,0.864406779661017,0.890389906333588,1.0,0.0,0.7
0.5333333333333333,0.0,0.423728813559322,0.9490336194724173,0.6896551724137931,0.0,0.7
0.016666666666666666,0.0,1.0,0.8974002155659964,0.6206896551724138,0.0,0.7
0.11666666666666667,0.0,0.6779661016949152,0.9952050363436661,0.9310344827586207,0.0,0.7
0.6333333333333333,0.0,0.5084745762711864,0.5780727527474379,0.6896551724137931,0.0,0.724
0.9666666666666667,0.0,0.13559322033898305,0.9411559490211222,0.5172413793103449,0.0,0.7
0.9333333333333333,0.0,0.8135593220338984,0.9729025450488875,0.27586206896551724,0.0,0.7
0.43333333333333335,0.0,0.9322033898305084,0.973514377182792,1.0,0.0,0.7
0.95,0.0,0.5423728813559322,0.7760554790769255,0.8275862068965517,0.0,0.7
0.2833333333333333,0.0,0.6610169491525424,0.9759719737729722,0.27586206896551724,0.0,0.7
0.23333333333333334,0.0,0.22033898305084745,0.9171129423638745,0.034482758620689655,0.0,0.7
0.8333333333333334,0.0,0.6610169491525424,0.9521667866889109,0.10344827586206896,0.0,0.7
0.65,0.0,0.4406779661016949,0.8993489072303161,0.13793103448275862,0.0,0.7
0.85,0.0,0.2711864406779661,0.9906532225254863,0.2413793103448276,0.0,0.7
0.36666666666666664,0.0,0.4915254237288136,0.9322032117159443,0.6206896551724138,0.0,0.7
0.7166666666666667,0.0,0.2711864406779661,0.9659697375538742,0.2413793103448276,0.0,0.7
0.65,0.0,0.2033898305084746,0.894849903022696,0.0,1.0,0.7
0.8166666666666667,0.0,0.8305084745762712,0.9973854373984214,0.7241379310344828,0.0,0.7
0.23333333333333334,0.0,0.7966101694915254,0.9332092120084761,0.7931034482758621,0.0,0.7
0.9166666666666666,0.0,0.15254237288135594,0.9271870664141353,0.10344827586206896,0.0,0.7
0.75,0.0,0.9491525423728814,0.47122516720788976,0.7241379310344828,0.0,0.738
0.35,0.0,0.4915254237288136,0.9931813831580285,1.0,0.0,0.7
0.35,0.0,0.3728813559322034,0.9897355644895227,1.0,0.0,0.7
0.05,0.0,0.9322033898305084,0.9487471323146629,0.2413793103448276,0.0,0.7
0.95,0.0,0.288135593220339,0.8798837727112935,0.034482758620689655,0.0,0.7
0.7166666666666667,0.0,0.6779661016949152,0.8633896896627868,0.1724137931034483,0.0,0.7
0.5833333333333334,0.0,0.423728813559322,0.9084962489289161,0.4827586206896552,0.0,0.7
0.6166666666666667,0.0,0.06779661016949153,0.9645557953950403,0.7241379310344828,0.0,0.7
0.9166666666666666,0.0,0.288135593220339,0.9522371206309823,0.4482758620689655,0.0,0.7
0.5833333333333334,0.0,0.5254237288135594,0.9877706743088687,0.5862068965517241,0.0,0.7
0.7333333333333333,0.0,0.5254237288135594,0.7476182505254232,0.3448275862068966,0.0,0.7
0.4166666666666667,0.0,0.15254237288135594,0.8759923734894215,0.7931034482758621,0.0,0.7
0.55,0.0,0.288135593220339,0.7433169498449073,0.3793103448275862,0.0,0.7
0.9,0.0,0.4576271186440678,0.8433181193610855,0.9310344827586207,0.0,0.7
0.2833333333333333,0.0,0.7457627118644068,0.7848285818278868,0.8620689655172413,0.0,0.7
0.5333333333333333,0.0,0.4915254237288136,0.9593881897223654,0.06896551724137931,0.0,0.7
0.4,0.0,0.8135593220338984,0.8876636568388221,0.7931034482758621,0.0,0.7
0.8833333333333333,0.0,0.8983050847457628,0.4347446346541982,0.41379310344827586,0.0,0.738
0.8,0.0,0.23728813559322035,0.8007522236702912,0.4482758620689655,0.0,0.7
0.7666666666666667,0.0,0.06779661016949153,0.9936860706710074,0.20689655172413793,0.0,0.7
0.08333333333333333,0.0,0.3220338983050847,0.7227840947627476,0.1724137931034483,0.0,0.7
0.8333333333333334,0.0,0.5932203389830508,0.9822383453084047,0.896551724137931,0.0,0.7
0.5333333333333333,0.0,0.6949152542372882,0.9802734683017585,0.3793103448275862,0.0,0.7
0.05,0.0,0.0847457627118644,0.896321278007564,0.896551724137931,0.0,0.7
0.36666666666666664,0.0,0.4576271186440678,0.8420430610559209,0.27586206896551724,0.0,0.7
0.45,0.0,0.01694915254237288,0.9115513663697157,0.5172413793103449,0.0,0.7
0.6833333333333333,0.0,0.7966101694915254,0.9656911933755182,0.3448275862068966,0.0,0.7
0.5666666666666667,0.0,0.03389830508474576,0.9233030303202934,0.2413793103448276,0.0,0.7
0.8333333333333334,0.0,0.847457627118644,0.8908373047126905,0.6896551724137931,0.0,0.7
0.8833333333333333,0.0,0.2033898305084746,0.9311361357221427,0.9310344827586207,0.0,0.7
0.8,0.0,0.9322033898305084,0.9909581508291192,0.9310344827586207,0.0,0.7
0.15,0.0,0.2033898305084746,0.971878527490493,0.896551724137931,0.0,0.7
0.2,0.0,0.15254237288135594,0.9051083744167685,0.7586206896551724,0.0,0.7
0.55,0.0,0.9152542372881356,0.9024764605174029,0.034482758620689655,0.0,0.7
0.38333333333333336,0.0,0.6610169491525424,0.9762494903347121,0.27586206896551724,0.0,0.7
0.13333333333333333,0.0,0.4067796610169492,0.9625151206473608,0.0,1.0,0.7
0.36666666666666664,0.0,0.7796610169491526,0.720227067928481,0.27586206896551724,0.0,0.7
0.03333333333333333,0.0,0.6779661016949152,0.8345607470837529,0.4482758620689655,0.0,0.7
0.5833333333333334,0.0,0.7966101694915254,0.7039440912378925,0.41379310344827586,0.0,0.7
0.26666666666666666,0.0,1.0,0.8835830220568877,0.2413793103448276,0.0,0.7
0.9833333333333333,0.0,0.01694915254237288,0.8417342535106286,0.7241379310344828,0.0,0.7
0.4,0.0,0.3050847457627119,0.974953192736911,0.5517241379310345,0.0,0.7
0.08333333333333333,0.0,0.8135593220338984,0.916419244580797,0.8275862068965517,0.0,0.7
1.0,0.0,0.11864406779661017,0.841532344800757,0.06896551724137931,0.0,0.7
0.7333333333333333,0.0,0.3728813559322034,0.964610145339066,0.7586206896551724,0.0,0.7
0.11666666666666667,0.0,0.3389830508474576,0.9283465177683149,0.7586206896551724,0.0,0.7
0.16666666666666666,0.0,0.7966101694915254,0.8592196523018576,0.0,1.0,0.7
0.55,0.0,0.1694915254237288,0.8947453145445323,0.3793103448275862,0.0,0.7
0.6,0.0,0.3389830508474576,0.9031669156973567,0.10344827586206896,0.0,0.7
0.7333333333333333,0.0,0.5084745762711864,0.8344900282018134,0.1724137931034483,0.0,0.7
0.65,0.0,0.13559322033898305,0.9998573415083097,0.034482758620689655,0.0,0.7
0.65,0.0,0.8305084745762712,0.9520666340779591,0.8620689655172413,0.0,0.7
0.95,0.0,0.559322033898305,0.937966242907655,0.896551724137931,0.0,0.7
0.05,0.0,0.1016949152542373,0.6064193446030228,0.9655172413793104,0.0,0.736
0.06666666666666667,0.0,1.0,0.8452737749635391,0.8275862068965517,0.0,0.7
0.7166666666666667,0.0,0.8305084745762712,0.834610751974485,0.13793103448275862,0.0,0.7
0.2,0.0,0.6949152542372882,0.6597372972807404,0.7586206896551724,0.0,0.725
0.9333333333333333,0.0,0.3559322033898305,0.9768776671083145,0.1724137931034483,0.0,0.7
0.36666666666666664,0.0,0.9661016949152542,0.9534497186297725,0.6551724137931034,0.0,0.7
0.4166666666666667,0.0,0.4406779661016949,0.9180239684592859,0.4827586206896552,0.0,0.7
0.38333333333333336,0.0,0.9322033898305084,0.9846542689588544,0.8275862068965517,0.0,0.7
0.36666666666666664,0.0,0.3050847457627119,0.9489353759713848,0.0,1.0,0.7
0.25,0.0,0.06779661016949153,0.8934857638528126,0.4482758620689655,0.0,0.7
0.7,0.0,0.288135593220339,0.9289229815860551,0.13793103448275862,0.0,0.7
0.38333333333333336,0.0,0.1864406779661017,0.9825113338523654,0.9655172413793104,0.0,0.7
0.31666666666666665,0.0,0.3220338983050847,0.9345159142016389,0.7586206896551724,0.0,0.7
0.0,1.0,0.01694915254237288,0.8305793287356221,0.896551724137931,0.0,0.7
0.6166666666666667,0.0,0.2033898305084746,0.9538785340053529,0.10344827586206896,0.0,0.7
0.26666666666666666,0.0,0.9661016949152542,0.999206443259348,0.4482758620689655,0.0,0.7
0.5333333333333333,0.0,0.7796610169491526,0.9443961088762453,0.3103448275862069,0.0,0.7
0.03333333333333333,0.0,0.8983050847457628,0.9923594868525236,0.0,1.0,0.7
0.7166666666666667,0.0,0.423728813559322,0.9462391749813771,0.6896551724137931,0.0,0.7
0.16666666666666666,0.0,0.23728813559322035,0.9723621404049689,0.8620689655172413,0.0,0.7
0.9166666666666666,0.0,0.6101694915254238,0.934275599236611,0.4827586206896552,0.0,0.7
0.7333333333333333,0.0,0.6949152542372882,0.8124000109026408,0.3793103448275862,0.0,0.7
0.0,1.0,0.11864406779661017,0.6781670134565622,0.5172413793103449,0.0,0.707
0.016666666666666666,0.0,0.05084745762711865,0.94554955819058,0.6551724137931034,0.0,0.7
0.45,0.0,0.6101694915254238,0.8581258195240025,1.0,0.0,0.7
0.43333333333333335,0.0,0.13559322033898305,0.9891077946873404,0.4482758620689655,0.0,0.7
0.65,0.0,0.423728813559322,0.8558586220371093,0.5862068965517241,0.0,0.7
0.13333333333333333,0.0,0.7457627118644068,0.8818935881066016,0.10344827586206896,0.0,0.7
0.016666666666666666,0.0,0.1694915254237288,0.7858505676864628,0.7241379310344828,0.0,0.7
0.16666666666666666,0.0,0.6610169491525424,0.7767917796770822,0.9655172413793104,0.0,0.7
0.8666666666666667,0.0,0.9830508474576272,0.8543115175582618,0.5862068965517241,0.0,0.7
0.31666666666666665,0.0,0.7796610169491526,0.8374883289745558,0.13793103448275862,0.0,0.7
0.3,0.0,0.4406779661016949,0.9960295588740694,0.034482758620689655,0.0,0.7
0.25,0.0,0.9830508474576272,0.7387165853819879,1.0,0.0,0.7
0.75,0.0,0.8983050847457628,0.7645578831885105,0.8620689655172413,0.0,0.7
0.9166666666666666,0.0,0.05084745762711865,0.9239649499205262,0.4827586206896552,0.0,0.7
0.3,0.0,0.5254237288135594,0.8184065362247507,0.9310344827586207,0.0,0.7
0.9333333333333333,0.0,0.1864406779661017,0.897203723872817,0.9655172413793104,0.0,0.7
0.15,0.0,0.6101694915254238,0.9484964483999248,0.6896551724137931,0.0,0.7
0.0,1.0,0.3898305084745763,0.9481148984134103,0.6896551724137931,0.0,0.7
0.16666666666666666,0.0,0.576271186440678,0.9672837126780497,0.10344827586206896,0.0,0.7
0.35,0.0,0.23728813559322035,0.8560168979377126,0.27586206896551724,0.0,0.7
0.11666666666666667,0.0,0.8983050847457628,0.8546690177819335,0.2413793103448276,0.0,0.7
0.05,0.0,0.576271186440678,0.9203152884442433,0.06896551724137931,0.0,0.7
0.6666666666666666,0.0,0.3220338983050847,0.8529312965052839,0.0,1.0,0.7
0.1,0.0,0.8983050847457628,0.8250553728079955,0.9310344827586207,0.0,0.7
0.25,0.0,0.9661016949152542,0.684420061123626,0.5862068965517241,0.0,0.701
0.1,0.0,0.4915254237288136,0.998240191502095,0.8620689655172413,0.0,0.7
0.8333333333333334,0.0,0.15254237288135594,0.9878351503988535,0.1724137931034483,0.0,0.7
0.6,0.0,0.6949152542372882,0.9858450678872966,0.9655172413793104,0.0,0.7
0.4166666666666667,0.0,0.711864406779661,0.9772348420761404,0.20689655172413793,0.0,0.7
0.43333333333333335,0.0,0.8983050847457628,0.9962399744915208,0.3448275862068966,0.0,0.7
0.06666666666666667,0.0,0.9830508474576272,0.913355530886957,0.41379310344827586,0.0,0.7
0.05,0.0,0.0847457627118644,0.9053009873128975,0.7931034482758621,0.0,0.7
0.65,0.0,0.7796610169491526,0.9753725191509456,0.5172413793103449,0.0,0.7
0.9833333333333333,0.0,0.3898305084745763,0.95291719113527,0.7241379310344828,0.0,0.7
0.6833333333333333,0.0,0.6271186440677966,0.9409107854507671,0.3793103448275862,0.0,0.7
1.0,0.0,0.2542372881355932,0.961584661978126,0.10344827586206896,0.0,0.7
0.35,0.0,0.8813559322033898,0.883997149544232,0.4827586206896552,0.0,0.7
0.43333333333333335,0.0,0.0,0.8659174396115251,0.41379310344827586,0.0,0.7
0.1,0.0,0.23728813559322035,0.9562509386670498,0.5517241379310345,0.0,0.7
0.8666666666666667,0.0,0.1016949152542373,0.9990437968851275,0.13793103448275862,0.0,0.7
0.4,0.0,0.6440677966101694,0.863419296506756,0.1724137931034483,0.0,0.7
0.1,0.0,0.4406779661016949,0.6893675597607478,0.8275862068965517,0.0,0.699
0.75,0.0,0.423728813559322,0.9657374570047533,0.2413793103448276,0.0,0.7
0.08333333333333333,0.0,0.9661016949152542,0.8691994378405279,1.0,0.0,0.7
0.03333333333333333,0.0,0.423728813559322,0.8102683599822234,0.3448275862068966,0.0,0.7
0.43333333333333335,0.0,0.8305084745762712,0.7299281909808822,0.4482758620689655,0.0,0.7
0.85,0.0,0.8983050847457628,0.9430321940716054,0.4827586206896552,0.0,0.7
0.13333333333333333,0.0,0.3050847457627119,0.9579644232114688,0.9655172413793104,0.0,0.7
0.13333333333333333,0.0,0.9491525423728814,0.9700703266093919,0.4827586206896552,0.0,0.7
0.7166666666666667,0.0,0.1016949152542373,0.6036802949975564,0.5862068965517241,0.0,0.736
0.9,0.0,0.4406779661016949,0.9350315770626414,0.41379310344827586,0.0,0.7
0.9333333333333333,0.0,0.9152542372881356,0.9481099134432919,0.06896551724137931,0.0,0.7
0.0,1.0,0.2033898305084746,0.9040894774807485,0.1724137931034483,0.0,0.7
0.25,0.0,0.6101694915254238,0.8100156699908703,0.13793103448275862,0.0,0.7
0.08333333333333333,0.0,0.288135593220339,0.9094149466356177,0.3793103448275862,0.0,0.7
0.38333333333333336,0.0,0.7796610169491526,0.9681670840243625,0.3793103448275862,0.0,0.7
0.6166666666666667,0.0,0.864406779661017,0.948577926597036,0.6206896551724138,0.0,0.7
0.9,0.0,0.559322033898305,0.9627942491218394,0.3793103448275862,0.0,0.7
0.36666666666666664,0.0,0.8983050847457628,0.7737862320515256,0.41379310344827586,0.0,0.7
0.5166666666666667,0.0,0.2711864406779661,0.9548426771458941,0.7586206896551724,0.0,0.7
0.95,0.0,1.0,0.9352051072519868,0.06896551724137931,0.0,0.7
0.31666666666666665,0.0,0.559322033898305,0.9133946163128295,0.5517241379310345,0.0,0.7
0.85,0.0,0.6949152542372882,0.872263982904221,0.6206896551724138,0.0,0.7
0.95,0.0,0.9322033898305084,0.9973582622541208,0.13793103448275862,0.0,0.7
0.36666666666666664,0.0,0.9491525423728814,0.9737819120294623,0.6551724137931034,0.0,0.7
0.8833333333333333,0.0,0.6271186440677966,0.8629521390699413,0.41379310344827586,0.0,0.7
0.016666666666666666,0.0,0.1864406779661017,0.9858627952721304,0.6551724137931034,0.0,0.7
0.95,0.0,0.2542372881355932,0.9298263843386481,0.20689655172413793,0.0,0.7
0.9166666666666666,0.0,0.847457627118644,0.9981146578070821,0.41379310344827586,0.0,0.7
0.75,0.0,0.01694915254237288,0.802757286494056,0.9655172413793104,0.0,0.7
0.11666666666666667,0.0,0.423728813559322,0.8191622536808069,0.3448275862068966,0.0,0.7
0.18333333333333332,0.0,0.2711864406779661,0.9618000094971771,0.8275862068965517,0.0,0.7
0.6333333333333333,0.0,0.9322033898305084,0.8533737254606688,0.1724137931034483,0.0,0.7
0.5666666666666667,0.0,0.7966101694915254,0.9985421858563878,0.3103448275862069,0.0,0.7
0.05,0.0,0.1694915254237288,0.9047063759373757,0.3103448275862069,0.0,0.7
0.95,0.0,0.6610169491525424,0.9860651867880683,0.41379310344827586,0.0,0.7
0.3,0.0,0.6779661016949152,0.8793029424583694,0.3793103448275862,0.0,0.7
0.18333333333333332,0.0,0.1694915254237288,0.9015698857089552,0.4482758620689655,0.0,0.7
0.9833333333333333,0.0,0.3559322033898305,0.7708574322345314,0.1724137931034483,0.0,0.7
0.36666666666666664,0.0,0.5423728813559322,0.9554244896705116,0.1724137931034483,0.0,0.7
0.8333333333333334,0.0,0.576271186440678,0.6425677254492882,0.8620689655172413,0.0,0.73
0.48333333333333334,0.0,0.9830508474576272,0.9116532321077543,0.9655172413793104,0.0,0.7
0.7833333333333333,0.0,0.2711864406779661,0.9671230010297572,0.6896551724137931,0.0,0.7
0.95,0.0,0.847457627118644,0.9226395031180895,0.6206896551724138,0.0,0.7
0.21666666666666667,0.0,0.8305084745762712,0.88955527656546,0.7931034482758621,0.0,0.7
0.5833333333333334,0.0,0.4915254237288136,0.9687314231381998,0.4482758620689655,0.0,0.7
0.7833333333333333,0.0,0.6949152542372882,0.792845362825151,0.1724137931034483,0.0,0.7
0.3,0.0,0.7288135593220338,0.9101140322954046,0.7931034482758621,0.0,0.7
0.18333333333333332,0.0,0.13559322033898305,0.8951549941073391,0.1724137931034483,0.0,0.7
0.7333333333333333,0.0,0.01694915254237288,0.9183756510224721,0.2413793103448276,0.0,0.7
0.36666666666666664,0.0,0.11864406779661017,0.9074405510688541,0.8275862068965517,0.0,0.7
0.06666666666666667,0.0,0.8983050847457628,0.6245199294890474,0.4482758620689655,0.0,0.733
0.6666666666666666,0.0,0.05084745762711865,0.6360810759003838,0.2413793103448276,0.0,0.738
0.7166666666666667,0.0,0.05084745762711865,0.9900505885253232,0.10344827586206896,0.0,0.7
1.0,0.0,0.5084745762711864,0.945374007236758,0.7931034482758621,0.0,0.7
0.55,0.0,0.1016949152542373,0.8544904311958744,0.4482758620689655,0.0,0.7
0.15,0.0,0.711864406779661,0.9385118980126328,0.8275862068965517,0.0,0.7
0.9,0.0,0.3050847457627119,0.9590684915983703,0.3448275862068966,0.0,0.7
0.85,0.0,0.4406779661016949,0.7718946573122629,0.6896551724137931,0.0,0.7
0.9833333333333333,0.0,0.0,0.6603850163808855,0.7241379310344828,0.0,0.725
0.6166666666666667,0.0,0.7966101694915254,0.8553439936029803,0.7586206896551724,0.0,0.7
0.13333333333333333,0.0,0.288135593220339,0.9138980961508362,0.20689655172413793,0.0,0.7
0.35,0.0,0.8305084745762712,0.9711824300640358,0.6206896551724138,0.0,0.7
0.5833333333333334,0.0,0.6440677966101694,0.8609446765760428,0.9310344827586207,0.0,0.7
0.9166666666666666,0.0,0.4745762711864407,0.8400787240914622,0.8620689655172413,0.0,0.7
0.4166666666666667,0.0,0.8983050847457628,0.7675778830958236,0.13793103448275862,0.0,0.7
0.9,0.0,0.864406779661017,0.9792898993830887,0.41379310344827586,0.0,0.7
0.2833333333333333,0.0,0.3220338983050847,0.8032383278329326,0.27586206896551724,0.0,0.7
0.45,0.0,0.4576271186440678,0.8569835856685266,0.034482758620689655,0.0,0.7
0.0,1.0,0.6610169491525424,0.8049635335415868,0.5862068965517241,0.0,0.7
0.75,0.0,0.5932203389830508,0.9904898758342735,0.3793103448275862,0.0,0.7
0.9333333333333333,0.0,0.9661016949152542,0.9513408832684273,0.8620689655172413,0.0,0.7
0.8,0.0,1.0,0.8730305631444218,0.0,1.0,0.7
0.45,0.0,0.5254237288135594,0.8055597070127174,0.3793103448275862,0.0,0.7
0.8333333333333334,0.0,0.3898305084745763,0.9270674393795592,1.0,0.0,0.7
0.45,0.0,0.576271186440678,0.8422954116975145,0.896551724137931,0.0,0.7
0.4166666666666667,0.0,0.711864406779661,0.9684735562970082,0.8275862068965517,0.0,0.7
0.7,0.0,0.864406779661017,0.834751769600587,1.0,0.0,0.7
0.6666666666666666,0.0,0.2542372881355932,0.8215229771106947,0.9310344827586207,0.0,0.7
0.7,0.0,0.1864406779661017,0.8018263936454172,0.5862068965517241,0.0,0.7
0.16666666666666666,0.0,0.7966101694915254,0.934394413460669,0.4482758620689655,0.0,0.7
0.48333333333333334,0.0,0.9152542372881356,0.9517790567991296,0.5517241379310345,0.0,0.7
0.4166666666666667,0.0,0.5423728813559322,0.9441121258980283,0.4482758620689655,0.0,0.7
0.05,0.0,0.8135593220338984,0.9694030748954215,0.3103448275862069,0.0,0.7
0.06666666666666667,0.0,0.576271186440678,0.8871386599366805,0.13793103448275862,0.0,0.7
0.75,0.0,0.847457627118644,0.9268115673083632,0.7586206896551724,0.0,0.7
0.7333333333333333,0.0,0.6440677966101694,0.8496170022321811,0.3103448275862069,0.0,0.7
0.6,0.0,0.15254237288135594,0.7767660764947227,0.0,1.0,0.7
0.016666666666666666,0.0,0.559322033898305,0.9643616025058178,0.1724137931034483,0.0,0.7
0.8666666666666667,0.0,0.3220338983050847,0.9586457545227266,0.3448275862068966,0.0,0.7
0.9666666666666667,0.0,0.4067796610169492,0.9859604388862696,0.7931034482758621,0.0,0.7
0.05,0.0,0.711864406779661,0.9401934215645966,0.8620689655172413,0.0,0.7
0.9833333333333333,0.0,0.3728813559322034,0.746019082772715,0.5517241379310345,0.0,0.7
0.36666666666666664,0.0,0.3220338983050847,0.9521846240620134,0.4482758620689655,0.0,0.7
0.25,0.0,0.6440677966101694,0.9793852902644052,0.7241379310344828,0.0,0.7
0.38333333333333336,0.0,0.2711864406779661,0.961027023458019,0.5172413793103449,0.0,0.7
0.95,0.0,0.1694915254237288,0.7846474589509829,0.4482758620689655,0.0,0.7
0.35,0.0,0.3389830508474576,0.9813871895976484,0.41379310344827586,0.0,0.7
0.0,1.0,0.3220338983050847,0.6472400429097022,0.06896551724137931,0.0,0.723
0.38333333333333336,0.0,0.13559322033898305,0.941283879000369,0.4482758620689655,0.0,0.7
0.9666666666666667,0.0,0.288135593220339,0.9170946363748151,0.10344827586206896,0.0,0.7
0.65,0.0,0.4915254237288136,0.6848814190854311,0.13793103448275862,0.0,0.703
0.75,0.0,0.05084745762711865,0.9952300013884745,0.6551724137931034,0.0,0.7
0.5666666666666667,0.0,0.864406779661017,0.9988952155953127,0.034482758620689655,0.0,0.7
0.18333333333333332,0.0,0.7457627118644068,0.9249953413344719,0.6551724137931034,0.0,0.7
0.9166666666666666,0.0,0.8305084745762712,0.8825813573892572,0.8620689655172413,0.0,0.7
0.05,0.0,0.11864406779661017,0.9047821201164249,0.3793103448275862,0.0,0.7
0.5166666666666667,0.0,0.3559322033898305,0.8843502726136429,0.10344827586206896,0.0,0.7
0.9166666666666666,0.0,0.0847457627118644,0.8643657793598424,0.10344827586206896,0.0,0.7
0.6,0.0,0.6101694915254238,0.9123394095575906,0.6551724137931034,0.0,0.7
0.15,0.0,0.6271186440677966,0.8728440272604235,0.3448275862068966,0.0,0.7
0.1,0.0,0.7627118644067796,0.9771931378773573,0.5172413793103449,0.0,0.7
0.26666666666666666,0.0,0.847457627118644,0.9948566276555861,0.7241379310344828,0.0,0.7
0.03333333333333333,0.0,0.1694915254237288,0.9814555667926637,0.7241379310344828,0.0,0.7
0.8166666666666667,0.0,0.9152542372881356,0.8383032716840348,0.7931034482758621,0.0,0.7
0.6,0.0,0.8983050847457628,0.9932565110555502,0.9310344827586207,0.0,0.7
0.9333333333333333,0.0,0.2542372881355932,0.9796757530922843,0.8275862068965517,0.0,0.7
0.8833333333333333,0.0,0.3050847457627119,0.9934158833286789,0.4482758620689655,0.0,0.7
0.8166666666666667,0.0,1.0,0.7778074932053866,0.20689655172413793,0.0,0.7
0.21666666666666667,0.0,0.7627118644067796,0.8734722938561628,0.3103448275862069,0.0,0.7
0.23333333333333334,0.0,0.288135593220339,0.4637935283548987,0.27586206896551724,0.0,0.734
0.8333333333333334,0.0,0.864406779661017,0.7464935335815619,0.9310344827586207,0.0,0.7
0.45,0.0,0.7966101694915254,0.7509723366602888,0.0,1.0,0.7
1.0,0.0,0.3389830508474576,0.6802251367393735,0.9310344827586207,0.0,0.698
0.16666666666666666,0.0,0.5254237288135594,0.8448488104807516,0.8275862068965517,0.0,0.7
0.6666666666666666,0.0,0.711864406779661,0.9423498993143852,0.4827586206896552,0.0,0.7
0.7,0.0,0.6949152542372882,0.9693204757114475,0.13793103448275862,0.0,0.7
0.75,0.0,0.0,0.857182889883716,1.0,0.0,0.7
0.05,0.0,0.7966101694915254,0.9753931822311751,0.41379310344827586,0.0,0.7
0.7833333333333333,0.0,0.9661016949152542,0.9264558115447001,0.3793103448275862,0.0,0.7
0.5166666666666667,0.0,0.5423728813559322,0.9262079058649326,0.9310344827586207,0.0,0.7
0.5,0.0,0.05084745762711865,0.8699043049159693,0.0,1.0,0.7
0.05,0.0,0.9152542372881356,0.7846525565721444,0.4827586206896552,0.0,0.7
0.75,0.0,0.9152542372881356,0.9094342357304399,0.6896551724137931,0.0,0.7
0.6166666666666667,0.0,0.01694915254237288,0.7050353016236194,0.10344827586206896,0.0,0.7
1.0,0.0,0.7796610169491526,0.9763579595842542,0.6551724137931034,0.0,0.7
0.8333333333333334,0.0,0.11864406779661017,0.9845531486824787,0.896551724137931,0.0,0.7
0.9,0.0,0.9152542372881356,0.9058067413240652,0.896551724137931,0.0,0.7
0.8666666666666667,0.0,0.1016949152542373,0.9131401806078246,0.7241379310344828,0.0,0.7
0.8333333333333334,0.0,0.23728813559322035,0.8904556679057807,0.7931034482758621,0.0,0.7
0.36666666666666664,0.0,0.1864406779661017,0.9211541300684261,0.1724137931034483,0.0,0.7
0.21666666666666667,0.0,0.4406779661016949,0.765782935135304,0.034482758620689655,0.0,0.7
0.55,0.0,0.23728813559322035,0.9341365873205899,0.8620689655172413,0.0,0.7
0.9,0.0,0.847457627118644,0.9805441541887389,0.6551724137931034,0.0,0.7
0.3,0.0,0.6271186440677966,0.9226050081253919,0.4827586206896552,0.0,0.7
0.8833333333333333,0.0,0.13559322033898305,0.9856239062674763,0.896551724137931,0.0,0.7
0.48333333333333334,0.0,0.6101694915254238,0.8531956601632026,0.2413793103448276,0.0,0.7
0.8666666666666667,0.0,0.7288135593220338,0.8518504809342449,0.8620689655172413,0.0,0.7
0.43333333333333335,0.0,0.2711864406779661,0.9481967184366196,0.5862068965517241,0.0,0.7
0.16666666666666666,0.0,0.8305084745762712,0.729091281793356,0.0,1.0,0.7
0.26666666666666666,0.0,0.6101694915254238,0.9471342696991879,0.3793103448275862,0.0,0.7
0.25,0.0,0.8135593220338984,0.55226996447466,0.1724137931034483,0.0,0.739
0.55,0.0,0.1694915254237288,0.9102354270348267,0.1724137931034483,0.0,0.7
0.2833333333333333,0.0,0.1694915254237288,0.9499914488450415,0.5862068965517241,0.0,0.7
0.8333333333333334,0.0,0.7627118644067796,0.8113178381311323,1.0,0.0,0.7
0.9333333333333333,0.0,0.15254237288135594,0.9800557673151901,0.10344827586206896,0.0,0.7
0.7166666666666667,0.0,0.7457627118644068,0.9554453484330043,0.034482758620689655,0.0,0.7
0.5166666666666667,0.0,0.0847457627118644,0.910682930356655,0.13793103448275862,0.0,0.7
0.8833333333333333,0.0,0.22033898305084745,0.8268884721836476,0.2413793103448276,0.0,0.7
0.5333333333333333,0.0,0.2711864406779661,0.9252691599090853,0.8620689655172413,0.0,0.7
0.9833333333333333,0.0,0.9152542372881356,0.920259172733105,0.6206896551724138,0.0,0.7
0.6833333333333333,0.0,0.4406779661016949,0.9557827319396716,0.27586206896551724,0.0,0.7
0.6,0.0,0.5254237288135594,0.9888475032161645,0.7586206896551724,0.0,0.7
0.65,0.0,0.01694915254237288,0.8545237402222119,0.3793103448275862,0.0,0.7
0.8833333333333333,0.0,0.7966101694915254,0.9294444819627596,0.896551724137931,0.0,0.7
0.7166666666666667,0.0,0.3389830508474576,0.8550398220335863,0.13793103448275862,0.0,0.7
0.7666666666666667,0.0,0.3389830508474576,0.7866965499541441,0.4827586206896552,0.0,0.7
0.8166666666666667,0.0,0.13559322033898305,0.6316288321740142,0.3793103448275862,0.0,0.738
0.4166666666666667,0.0,0.9491525423728814,0.8934818355428796,0.3448275862068966,0.0,0.7
0.9,0.0,0.2033898305084746,0.8598965836232609,0.896551724137931,0.0,0.7
0.9333333333333333,0.0,0.3389830508474576,0.9222599007288679,0.5517241379310345,0.0,0.7
0.95,0.0,0.9491525423728814,0.891862048843097,1.0,0.0,0.7
0.9333333333333333,0.0,0.9322033898305084,0.9943041024447634,0.3793103448275862,0.0,0.7
0.5833333333333334,0.0,0.9152542372881356,0.9667902976269089,0.6896551724137931,0.0,0.7
0.2833333333333333,0.0,0.5084745762711864,0.815148352539489,0.6896551724137931,0.0,0.7
0.2,0.0,0.5423728813559322,0.942664789570482,0.3793103448275862,0.0,0.7
0.15,0.0,0.8813559322033898,0.749336669813276,0.4482758620689655,0.0,0.7
0.7833333333333333,0.0,0.7457627118644068,0.9822334514910676,0.27586206896551724,0.0,0.7
0.0,1.0,0.288135593220339,0.9426952245848542,0.2413793103448276,0.0,0.7
0.75,0.0,0.06779661016949153,0.9289522187499054,0.9655172413793104,0.0,0.7
0.45,0.0,0.576271186440678,0.9985788208328904,0.7241379310344828,0.0,0.7
0.06666666666666667,0.0,0.9322033898305084,0.8182655551815612,0.7241379310344828,0.0,0.7
0.4,0.0,0.9491525423728814,0.9224043025569906,0.6896551724137931,0.0,0.7
0.4166666666666667,0.0,0.864406779661017,0.9587507665511364,0.6206896551724138,0.0,0.7
0.26666666666666666,0.0,0.4745762711864407,0.9477809660763636,0.1724137931034483,0.0,0.7
0.5,0.0,0.7457627118644068,0.9939628719861141,0.896551724137931,0.0,0.7
0.8833333333333333,0.0,0.8813559322033898,0.9449314162197412,0.5862068965517241,0.0,0.7
0.1,0.0,0.01694915254237288,0.947238745080471,1.0,0.0,0.7
0.8166666666666667,0.0,0.0,0.9436941046374916,0.9310344827586207,0.0,0.7
0.48333333333333334,0.0,0.2711864406779661,0.9809463658569114,0.4827586206896552,0.0,0.7
0.9666666666666667,0.0,0.0847457627118644,0.9680942700788501,1.0,0.0,0.7
0.9833333333333333,0.0,0.9322033898305084,0.9190583457552666,0.9310344827586207,0.0,0.7
0.25,0.0,0.8135593220338984,0.9095071068807908,0.10344827586206896,0.0,0.7
0.13333333333333333,0.0,0.6101694915254238,0.9619001589894671,0.27586206896551724,0.0,0.7
0.9166666666666666,0.0,0.4406779661016949,0.9972496991268169,0.27586206896551724,0.0,0.7
0.0,1.0,0.4406779661016949,0.8698456573892013,0.5172413793103449,0.0,0.7
0.65,0.0,0.0847457627118644,0.9280511286413088,0.6551724137931034,0.0,0.7
0.7166666666666667,0.0,0.5423728813559322,0.9995998343709434,0.06896551724137931,0.0,0.7
0.06666666666666667,0.0,0.3389830508474576,0.9721848057182522,0.6206896551724138,0.0,0.7
0.7,0.0,0.22033898305084745,0.9629723742974385,0.06896551724137931,0.0,0.7
0.5666666666666667,0.0,0.3898305084745763,0.9041420697461968,0.20689655172413793,0.0,0.7
0.1,0.0,0.6949152542372882,0.9654575077858422,0.7931034482758621,0.0,0.7
0.36666666666666664,0.0,0.4067796610169492,0.9890249324903716,0.7931034482758621,0.0,0.7
0.5,0.0,0.3559322033898305,0.9683098696735334,0.4827586206896552,0.0,0.7
0.6,0.0,0.5254237288135594,0.924300525490267,0.8620689655172413,0.0,0.7
0.016666666666666666,0.0,0.576271186440678,0.9191006529754384,0.6206896551724138,0.0,0.7
0.85,0.0,0.864406779661017,0.9902780958989228,0.3103448275862069,0.0,0.7
0.43333333333333335,0.0,0.7966101694915254,0.9324508076380462,0.10344827586206896,0.0,0.7
0.5166666666666667,0.0,0.06779661016949153,0.9776239591993807,0.3448275862068966,0.0,0.7
0.25,0.0,0.7796610169491526,0.897125237311464,0.7586206896551724,0.0,0.7
0.85,0.0,0.7457627118644068,0.9385490297859451,0.5862068965517241,0.0,0.7
0.85,0.0,0.6949152542372882,0.7525781971032999,0.8275862068965517,0.0,0.7
0.4,0.0,0.6271186440677966,0.8986238276308091,0.7931034482758621,0.0,0.7
0.9,0.0,0.7627118644067796,0.9939252075938492,0.13793103448275862,0.0,0.7
0.5666666666666667,0.0,0.05084745762711865,0.8972944659169608,0.896551724137931,0.0,0.7
0.45,0.0,0.05084745762711865,0.8306400115684232,0.3103448275862069,0.0,0.7
1.0,0.0,0.23728813559322035,0.9574517870388634,0.3448275862068966,0.0,0.7
0.7,0.0,0.3559322033898305,0.996823035143861,0.6896551724137931,0.0,0.7
0.6333333333333333,0.0,0.3559322033898305,0.8216731145426749,0.10344827586206896,0.0,0.7
0.06666666666666667,0.0,1.0,0.9053443711494811,0.4482758620689655,0.0,0.7
0.5833333333333334,0.0,0.06779661016949153,0.9135473033521556,0.20689655172413793,0.0,0.7
0.5666666666666667,0.0,0.559322033898305,0.978099946613272,0.7241379310344828,0.0,0.7
0.8166666666666667,0.0,0.7966101694915254,0.7610185303013164,0.896551724137931,0.0,0.7
0.016666666666666666,0.0,0.4576271186440678,0.9908696945923667,0.034482758620689655,0.0,0.7
0.8333333333333334,0.0,0.9491525423728814,0.8371826091889182,0.9655172413793104,0.0,0.7
0.7833333333333333,0.0,0.9152542372881356,0.9199329402860517,0.4827586206896552,0.0,0.7
0.9333333333333333,0.0,0.711864406779661,0.995318582876004,0.5517241379310345,0.0,0.7
0.05,0.0,0.3220338983050847,0.8860143872135825,0.0,1.0,0.7
0.8833333333333333,0.0,0.8135593220338984,0.7757260571376512,0.1724137931034483,0.0,0.7
0.8833333333333333,0.0,0.2033898305084746,0.8300045018989166,0.9310344827586207,0.0,0.7
0.65,0.0,0.1016949152542373,0.9834555815341338,0.896551724137931,0.0,0.7
0.95,0.0,0.6101694915254238,0.9834872007911506,0.4827586206896552,0.0,0.7
0.5166666666666667,0.0,0.6610169491525424,0.9439104723555435,0.3448275862068966,0.0,0.7
0.2,0.0,0.15254237288135594,0.9897712337509109,0.13793103448275862,0.0,0.7
0.8833333333333333,0.0,0.576271186440678,0.9836019750063522,0.06896551724137931,0.0,0.7
0.8333333333333334,0.0,0.9491525423728814,0.9406573004402814,0.41379310344827586,0.0,0.7
0.9,0.0,0.8813559322033898,0.9264844023296108,0.034482758620689655,0.0,0.7
0.8833333333333333,0.0,0.1016949152542373,0.8847099200404517,0.8620689655172413,0.0,0.7
0.2833333333333333,0.0,0.7796610169491526,0.9599264974993876,0.41379310344827586,0.0,0.7
0.75,0.0,0.8983050847457628,0.8957804946566577,0.9310344827586207,0.0,0.7
0.5333333333333333,0.0,0.8135593220338984,0.8946708162642886,0.3448275862068966,0.0,0.7
0.35,0.0,0.05084745762711865,0.8994901977361048,0.6551724137931034,0.0,0.7
0.35,0.0,0.22033898305084745,0.722050225161462,0.4827586206896552,0.0,0.7
0.5333333333333333,0.0,0.5423728813559322,0.7960622697990029,0.034482758620689655,0.0,0.7
0.85,0.0,0.6779661016949152,0.9852330379147136,0.20689655172413793,0.0,0.7
0.08333333333333333,0.0,0.847457627118644,0.9855893391122835,0.0,1.0,0.7
0.03333333333333333,0.0,0.0,0.8201821420823313,0.5517241379310345,0.0,0.7
0.35,0.0,0.11864406779661017,0.9917809545236113,0.7241379310344828,0.0,0.7
0.5833333333333334,0.0,0.05084745762711865,0.9658801370039429,0.5172413793103449,0.0,0.7
0.016666666666666666,0.0,0.05084745762711865,0.8040216657205358,0.10344827586206896,0.0,0.7
0.21666666666666667,0.0,0.288135593220339,0.785530972594875,0.6551724137931034,0.0,0.7
0.016666666666666666,0.0,0.9152542372881356,0.9304714771117281,0.6206896551724138,0.0,0.7
0.05,0.0,0.8135593220338984,0.9653432058780559,0.06896551724137931,0.0,0.7
0.31666666666666665,0.0,0.4745762711864407,0.9771186202270197,0.0,1.0,0.7
0.26666666666666666,0.0,0.0,0.943454785582475,0.6206896551724138,0.0,0.7
0.65,0.0,0.6610169491525424,0.8676170025348378,0.8620689655172413,0.0,0.7
0.36666666666666664,0.0,0.7288135593220338,0.8372767098012618,0.1724137931034483,0.0,0.7
0.13333333333333333,0.0,0.7457627118644068,0.7579702049290817,0.1724137931034483,0.0,0.7
0.0,1.0,0.288135593220339,0.5993399393146392,0.5517241379310345,0.0,0.742
0.6833333333333333,0.0,0.6610169491525424,0.9729457201905486,0.034482758620689655,0.0,0.7
0.65,0.0,0.01694915254237288,0.7614588702221248,0.5862068965517241,0.0,0.7
0.13333333333333333,0.0,0.576271186440678,0.9891974753197681,0.3793103448275862,0.0,0.7
0.016666666666666666,0.0,0.06779661016949153,0.9466455055450868,0.6896551724137931,0.0,0.7
0.5166666666666667,0.0,0.7457627118644068,0.9684861921940706,0.896551724137931,0.0,0.7
0.6166666666666667,0.0,0.8813559322033898,0.8970375883731013,0.9655172413793104,0.0,0.7
0.5166666666666667,0.0,0.4067796610169492,0.9598669000092829,0.6551724137931034,0.0,0.7
0.9,0.0,0.288135593220339,0.9648556362225414,0.7586206896551724,0.0,0.7
0.18333333333333332,0.0,0.01694915254237288,0.9140748178435594,0.1724137931034483,0.0,0.7
0.8666666666666667,0.0,0.6101694915254238,0.9921342274990099,0.9310344827586207,0.0,0.7
0.7166666666666667,0.0,0.2033898305084746,0.9895683612706088,0.5517241379310345,0.0,0.7
0.1,0.0,0.2711864406779661,0.5725881687732471,0.41379310344827586,0.0,0.743
0.16666666666666666,0.0,0.6101694915254238,0.8521545118107734,0.6551724137931034,0.0,0.7
0.9666666666666667,0.0,0.4576271186440678,0.39458757038795694,0.8620689655172413,0.0,0.725
0.5166666666666667,0.0,0.4915254237288136,0.9804172301869687,0.8620689655172413,0.0,0.7
0.38333333333333336,0.0,0.06779661016949153,0.9751844732715017,0.20689655172413793,0.0,0.7
0.31666666666666665,0.0,0.8813559322033898,0.858385321272991,0.20689655172413793,0.0,0.7
0.11666666666666667,0.0,0.3728813559322034,0.8945922134650701,0.20689655172413793,0.0,0.7
0.5666666666666667,0.0,0.15254237288135594,0.970485039052695,0.0,1.0,0.7
0.25,0.0,0.5423728813559322,0.9276314375264628,1.0,0.0,0.7
0.35,0.0,0.6101694915254238,0.927841850825248,0.8620689655172413,0.0,0.7
0.5,0.0,0.7796610169491526,0.9913014614067472,0.6896551724137931,0.0,0.7
0.35,0.0,1.0,0.9390125726317327,0.7241379310344828,0.0,0.7
0.03333333333333333,0.0,0.9661016949152542,0.7889089542472234,0.13793103448275862,0.0,0.7
0.6833333333333333,0.0,0.01694915254237288,0.6691159428218664,0.9310344827586207,0.0,0.712
0.16666666666666666,0.0,0.7796610169491526,0.9439056675849642,0.06896551724137931,0.0,0.7
0.16666666666666666,0.0,0.9491525423728814,0.966552866825877,0.4827586206896552,0.0,0.7
0.75,0.0,0.0847457627118644,0.8826619110833077,0.5172413793103449,0.0,0.7
0.15,0.0,0.06779661016949153,0.8566821950977288,0.6206896551724138,0.0,0.7
0.9166666666666666,0.0,0.3220338983050847,0.7251894015890668,0.8275862068965517,0.0,0.7
0.55,0.0,0.9491525423728814,0.8435961448710904,0.41379310344827586,0.0,0.7
0.11666666666666667,0.0,0.423728813559322,0.9583648470903353,0.9310344827586207,0.0,0.7
0.06666666666666667,0.0,0.22033898305084745,0.6995732664497962,0.6896551724137931,0.0,0.7
0.5166666666666667,0.0,0.9491525423728814,0.9244497415371864,0.06896551724137931,0.0,0.7
0.9166666666666666,0.0,0.06779661016949153,0.9294459671297604,0.5517241379310345,0.0,0.7
0.9333333333333333,0.0,0.3898305084745763,0.9902839625895723,0.7931034482758621,0.0,0.7
0.0,1.0,0.3050847457627119,0.8761339819327826,0.0,1.0,0.7
0.35,0.0,0.7627118644067796,0.9001439811270037,0.4827586206896552,0.0,0.7
0.31666666666666665,0.0,0.8813559322033898,0.9961361192795573,0.9310344827586207,0.0,0.7
0.38333333333333336,0.0,0.11864406779661017,0.9301403032410888,0.8275862068965517,0.0,0.7
0.9833333333333333,0.0,0.6949152542372882,0.9903692864864982,0.10344827586206896,0.0,0.7
0.36666666666666664,0.0,0.9830508474576272,0.980013980487841,0.4827586206896552,0.0,0.7
0.7833333333333333,0.0,0.4406779661016949,0.9787924682128889,0.4827586206896552,0.0,0.7
0.6,0.0,0.6271186440677966,0.9360074116523117,0.41379310344827586,0.0,0.7
0.06666666666666667,0.0,0.5423728813559322,0.9245597110187942,0.41379310344827586,0.0,0.7
0.8833333333333333,0.0,0.2033898305084746,0.9942421003238708,0.7931034482758621,0.0,0.7
0.8,0.0,0.8983050847457628,0.9185130771073639,0.3103448275862069,0.0,0.7
0.08333333333333333,0.0,0.6440677966101694,0.995899927145055,0.27586206896551724,0.0,0.7
0.23333333333333334,0.0,0.9661016949152542,0.9401248270711057,0.896551724137931,0.0,0.7
0.8833333333333333,0.0,0.7796610169491526,0.9923503148516786,0.7931034482758621,0.0,0.7
0.8,0.0,0.7288135593220338,0.7458447343761246,0.7931034482758621,0.0,0.7
0.55,0.0,0.5423728813559322,0.8034372638400257,0.6896551724137931,0.0,0.7
0.6833333333333333,0.0,0.9322033898305084,0.9672846927540719,0.06896551724137931,0.0,0.7
0.16666666666666666,0.0,0.7457627118644068,0.9926867781654967,0.5172413793103449,0.0,0.7
0.85,0.0,0.6779661016949152,0.9718612192048657,0.5862068965517241,0.0,0.7
0.43333333333333335,0.0,0.5932203389830508,0.9933997096898435,0.5172413793103449,0.0,0.7
0.4,0.0,0.3050847457627119,0.7525727336444994,0.2413793103448276,0.0,0.7
0.7666666666666667,0.0,0.06779661016949153,0.8291946985953753,0.4482758620689655,0.0,0.7
0.5833333333333334,0.0,0.03389830508474576,0.9937082396926429,0.6551724137931034,0.0,0.7
0.1,0.0,0.559322033898305,0.9752511709977827,0.5517241379310345,0.0,0.7
0.8833333333333333,0.0,0.3559322033898305,0.9522943986218407,0.6551724137931034,0.0,0.7
0.08333333333333333,0.0,0.6271186440677966,0.8381456626409158,0.1724137931034483,0.0,0.7
0.65,0.0,0.3389830508474576,0.9446678424891647,0.9655172413793104,0.0,0.7
0.8,0.0,0.7796610169491526,0.9559202578798152,0.0,1.0,0.7
0.4666666666666667,0.0,1.0,0.9805175749266335,0.896551724137931,0.0,0.7
0.7,0.0,0.6271186440677966,0.9961747695522758,0.06896551724137931,0.0,0.7
0.26666666666666666,0.0,0.6779661016949152,0.9001723041378142,0.5862068965517241,0.0,0.7
0.0,1.0,0.5084745762711864,0.9225764400027536,0.6551724137931034,0.0,0.7
0.4166666666666667,0.0,0.9661016949152542,0.7993988097598396,0.6896551724137931,0.0,0.7
0.43333333333333335,0.0,0.5932203389830508,0.7734943587449371,0.4827586206896552,0.0,0.7
0.8833333333333333,0.0,0.7627118644067796,0.9599575231986244,1.0,0.0,0.7
0.4,0.0,0.6779661016949152,0.7335596105114679,0.3793103448275862,0.0,0.7
0.4666666666666667,0.0,0.3898305084745763,0.9734635155428301,0.6206896551724138,0.0,0.7
0.5,0.0,0.7627118644067796,0.9529641453243514,0.41379310344827586,0.0,0.7
0.4,0.0,0.864406779661017,0.9937447870380812,0.0,1.0,0.7
0.5,0.0,0.9830508474576272,0.9545962543922001,0.9310344827586207,0.0,0.7
0.45,0.0,0.288135593220339,0.9411070054859161,0.20689655172413793,0.0,0.7
0.06666666666666667,0.0,0.7288135593220338,0.9552116258378718,1.0,0.0,0.7
1.0,0.0,0.4406779661016949,0.9060869841909138,0.4827586206896552,0.0,0.7
0.6666666666666666,0.0,0.7966101694915254,0.8864231783959898,0.5862068965517241,0.0,0.7
0.8166666666666667,0.0,1.0,0.9875091597272011,0.6896551724137931,0.0,0.7
0.8166666666666667,0.0,1.0,0.9335298409329126,0.9655172413793104,0.0,0.7
0.3,0.0,0.9491525423728814,0.9249287052801298,0.5862068965517241,0.0,0.7
0.15,0.0,0.7966101694915254,0.9802106390468446,0.5862068965517241,0.0,0.7
0.8833333333333333,0.0,0.3898305084745763,0.9905738870429092,0.9310344827586207,0.0,0.7
0.16666666666666666,0.0,0.13559322033898305,0.9598515898759529,0.8275862068965517,0.0,0.7
0.7,0.0,0.3220338983050847,0.965200685379884,0.1724137931034483,0.0,0.7
0.8166666666666667,0.0,0.864406779661017,0.6923737725143563,0.6206896551724138,0.0,0.699
0.25,0.0,0.4915254237288136,0.8228913303026246,0.8275862068965517,0.0,0.7
0.0,1.0,0.6271186440677966,0.8973983221173237,0.034482758620689655,0.0,0.7
0.7666666666666667,0.0,0.576271186440678,0.9253082437465523,0.10344827586206896,0.0,0.7
0.21666666666666667,0.0,0.7796610169491526,0.9587597772978106,0.5172413793103449,0.0,0.7
0.4666666666666667,0.0,0.2033898305084746,0.9069083053638605,0.8620689655172413,0.0,0.7
0.016666666666666666,0.0,0.01694915254237288,0.9758499674629669,0.5517241379310345,0.0,0.7
0.2,0.0,0.8983050847457628,0.9380979068176925,0.13793103448275862,0.0,0.7
0.35,0.0,0.03389830508474576,0.9172201865883468,0.6206896551724138,0.0,0.7
0.15,0.0,0.1694915254237288,0.7975434543585869,0.6551724137931034,0.0,0.7
0.55,0.0,0.8813559322033898,0.9725892024323693,0.13793103448275862,0.0,0.7
0.2833333333333333,0.0,0.8813559322033898,0.9894554487286473,0.9655172413793104,0.0,0.7
0.05,0.0,0.22033898305084745,0.9505490589887329,0.7586206896551724,0.0,0.7
0.7833333333333333,0.0,0.4067796610169492,0.8717218838188512,0.0,1.0,0.7
0.95,0.0,0.8135593220338984,0.9501686099108174,0.1724137931034483,0.0,0.7
0.5666666666666667,0.0,0.6101694915254238,0.8898019671646249,0.7241379310344828,0.0,0.7
0.6,0.0,0.0847457627118644,0.9530686673195501,0.896551724137931,0.0,0.7
0.08333333333333333,0.0,0.1864406779661017,0.932648205852492,0.13793103448275862,0.0,0.7
0.15,0.0,0.4576271186440678,0.9273550072060979,0.06896551724137931,0.0,0.7
0.6333333333333333,0.0,0.7966101694915254,0.884772568148992,0.6551724137931034,0.0,0.7
