batch_size,learning_rate,max_dropout,max_units,momentum,num_layers,weight_decay,accuracy
71.0,0.0018243300267253295,0.025926231827891333,293.0,0.21325193168301043,3.0,0.020472816917443872,64.4649446494465
457.0,0.01239328605026128,0.5472322491757223,950.0,0.16411425552061212,4.0,0.09762768273307641,53.44095940959409
352.0,0.0002103633313740744,0.3319798053011772,623.0,0.39125038484728947,1.0,0.05298643804566024,51.881918819188186
329.0,0.0004990970282009203,0.968540662820932,712.0,0.10264765935201169,3.0,0.04305257714106613,58.03505535055351
16.0,0.0002668905866905689,0.5018745921487388,252.0,0.16504588833160305,1.0,0.04185663296924015,62.57380073800738
230.0,0.0031298320746735286,0.0207519493594015,370.0,0.1674231280918207,4.0,0.019814305847314802,60.67343173431734
29.0,0.0018222619787163098,0.019475241487624584,230.0,0.304304450022221,4.0,0.0012879536509149588,67.71217712177122
27.0,0.00011059229929511224,0.7400496965154048,132.0,0.8217445949831458,3.0,0.09007247826316006,53.445571955719565
94.0,0.000849586839797424,0.7731650520792968,715.0,0.8983053483297235,1.0,0.051316540059666044,62.67988929889299
302.0,0.000670197472749198,0.17889592492099848,74.0,0.3370442147730286,2.0,0.030598832384434244,56.98339483394834
34.0,0.0012083326373602157,0.5231633414006761,294.0,0.16676589431281374,1.0,0.06887572892051744,62.48154981549815
43.0,0.02295918037365286,0.5305867556052941,108.0,0.45026558471877,1.0,0.06375571439540315,62.53690036900369
151.0,0.03603289913748951,0.5054533737348429,731.0,0.5582928773445519,1.0,0.06661350573185741,62.53228782287823
22.0,0.000987051220400902,0.7612497166748563,126.0,0.12095874942070696,1.0,0.06720098835723386,62.52767527675277
18.0,0.00041473271596757316,0.28910965978981684,472.0,0.11234445488510034,1.0,0.030234166677522042,62.74446494464945
95.0,0.000460400821402937,0.9469626038148141,534.0,0.48219961509141723,2.0,0.016722248917974625,61.61439114391144
446.0,0.001211069486194714,0.699512049949576,1024.0,0.5452701559306933,2.0,0.0996456079516588,63.20571955719557
325.0,0.0017111984720442413,0.5822769286725598,138.0,0.1308769681447354,1.0,0.06850002474996976,61.7619926199262
199.0,0.02207621519406376,0.5612396023276411,90.0,0.32267297759607916,2.0,0.018277508907998345,67.2140221402214
318.0,0.002281167485681001,0.2849059652276268,78.0,0.34668085078001776,4.0,0.07266631192492246,55.09225092250922
148.0,0.07723665217765914,0.38074848963511654,401.0,0.2213852737938978,1.0,0.09917518171943783,62.36162361623616
37.0,0.04084953009215733,0.44997542105079547,199.0,0.15283832303142064,2.0,0.001975945928750101,70.86715867158672
18.0,0.00011007090695481574,0.780100460524675,82.0,0.8552092434327613,4.0,0.042663172429735996,53.44095940959409
77.0,0.028294657137417915,0.30834960696491165,121.0,0.12908049723480972,2.0,0.0626474585231357,61.94649446494465
198.0,0.026428796663806896,0.6016142123702133,897.0,0.2299477876220027,1.0,0.018663815660808696,63.33487084870849
422.0,0.007248574894335152,0.4640981743044076,109.0,0.4799958834372459,3.0,0.010352721126449608,61.997232472324725
105.0,0.006397437038197494,0.7978990212826053,622.0,0.33359598456471334,1.0,0.04639620149694875,62.684501845018445
65.0,0.002244149374276339,0.05536604011186008,569.0,0.2007177533629145,2.0,0.05264468843447158,64.18819188191883
37.0,0.00022349669715967014,0.046095820672611754,417.0,0.3992362179093922,1.0,0.01910115697134612,62.30166051660516
57.0,0.00029380279387035364,0.9507143064099162,486.0,0.1429926236099579,3.0,0.005817780380698264,54.55258302583026
23.0,0.000958113958729467,0.6090665392794814,92.0,0.7167827134937558,2.0,0.0666123604076716,61.86808118081181
288.0,0.0011965545799559087,0.10479610436986975,504.0,0.40418405218717496,2.0,0.03938401731331426,62.933579335793354
493.0,0.002154807546828439,0.5495447268447254,139.0,0.2956271080678261,1.0,0.0048617148706355225,61.70664206642067
241.0,0.0008694223632297516,0.6348337060527302,127.0,0.8573269951183493,4.0,0.004296116180742869,58.7730627306273
16.0,0.02377402866254077,0.8915732671802584,140.0,0.2104041717502054,2.0,0.08647239156515894,61.90036900369004
87.0,0.0013550187134784195,0.22808310444933622,129.0,0.9822552926224637,2.0,0.04082563806131638,64.90313653136532
165.0,0.0007122607230141914,0.04471218220294604,165.0,0.881442794412852,4.0,0.015775440175688656,61.37915129151291
276.0,0.0001971757021368783,0.026117981569867332,114.0,0.41440459030381044,4.0,0.005398483057648391,52.99354243542436
300.0,0.00572208299154257,0.5611655402650342,225.0,0.3415161932390184,2.0,0.08274735311516682,61.65590405904059
67.0,0.00010612467078995534,0.3632394969650856,106.0,0.9219491934722743,3.0,0.08014011178908594,57.2739852398524
21.0,0.003920771109836776,0.9716559199897875,244.0,0.19244112648182243,2.0,0.08626441140139345,61.73431734317343
485.0,0.0011570160778242057,0.33341226601465335,413.0,0.6453803958305522,1.0,0.02479247685559099,61.82656826568266
21.0,0.0049873250259524805,0.23047709955172802,199.0,0.34888685494315713,2.0,0.08071187328860938,61.76660516605166
56.0,0.005191403038678936,0.4512059158933379,252.0,0.19425392812960768,1.0,0.030887357834254597,62.98431734317344
393.0,0.005256795129628643,0.15787058053479197,708.0,0.19085746653207322,1.0,0.02563549297542245,62.559963099631
44.0,0.005022412773607791,0.186945816341878,156.0,0.24918142084376388,4.0,0.03794769740330442,53.44095940959409
277.0,0.07848366939245491,0.18134973249719977,728.0,0.10081614135247548,3.0,0.09236519822037213,53.44095940959409
17.0,0.007838737499163643,0.48910750796558466,668.0,0.19483784914142108,3.0,0.054284600890131644,53.44095940959409
108.0,0.0002878165383075272,0.3962478937053667,73.0,0.3146499839584153,3.0,0.025616117103817598,54.96309963099632
58.0,0.0023499546226895254,0.567098167179614,333.0,0.20431050719269594,3.0,0.03134060274614507,63.13653136531365
33.0,0.0008130722569367211,0.031402719502580556,141.0,0.14529108818057285,1.0,0.06993438218524438,62.47693726937269
27.0,0.0003831335397000994,0.13369956070006594,174.0,0.17787458467598738,4.0,0.0758440549896453,53.459409594095945
105.0,0.00015135396015039752,0.858856610591359,428.0,0.2424330100359084,2.0,0.021322854369848723,60.72416974169742
38.0,0.0067972046758128695,0.043361051161900255,320.0,0.19728509828669166,1.0,0.08072714681918483,62.48154981549815
44.0,0.004831110013577261,0.8090677156733267,168.0,0.17884717631338748,4.0,0.010506658597674055,64.35424354243543
30.0,0.056191923378250755,0.38659930304207,642.0,0.6093542967601705,1.0,0.07226320239513995,62.59225092250923
23.0,0.0017291948410799582,0.6843426332786874,281.0,0.3848412673495153,2.0,0.0716102180913167,61.75276752767528
147.0,0.0030127767476170342,0.5386209309689469,264.0,0.16350307050544008,4.0,0.024405562128565244,59.66328413284133
31.0,0.0005579322021036934,0.7845476041105609,695.0,0.6409536666614736,2.0,0.0713463445778337,62.08487084870848
46.0,0.00021425944477332305,0.81898722071885,161.0,0.9080500594237033,1.0,0.08650607470129616,62.39852398523985
386.0,0.00018279261421603132,0.6421955999238554,516.0,0.6089232860724244,1.0,0.03262183219407854,53.085793357933575
89.0,0.02889573910383204,0.4680674259481151,256.0,0.20891101550082536,1.0,0.07791960797077026,62.49077490774908
41.0,0.002718570428444719,0.6392307609252696,360.0,0.9014620589884551,4.0,0.09974344632888135,53.44095940959409
136.0,0.0006614843946985851,0.508953068645407,146.0,0.3317742948623747,4.0,0.03733124171250669,55.74261992619927
31.0,0.0004811497862641782,0.20709310406097314,97.0,0.4583353723228999,4.0,0.058925890301792946,53.44095940959409
154.0,0.0005275149197643267,0.9549013769132275,945.0,0.7325723684277579,1.0,0.054749818915906835,62.32011070110701
89.0,0.004926691219225841,0.2559371343116702,130.0,0.10373379821837014,1.0,0.015267996936103036,63.3809963099631
31.0,0.0009982433770252689,0.329020466492182,145.0,0.5272994088829497,1.0,0.06523975076457948,62.54151291512915
344.0,0.00010024487512855393,0.7885815668037246,207.0,0.7122446087182165,3.0,0.0353386361167314,51.08856088560886
192.0,0.0022506000893225673,0.6072211756219895,432.0,0.2459002137291761,3.0,0.05119559574164765,60.34132841328413
35.0,0.0039714596118052186,0.19068801862418294,747.0,0.7339510010062352,4.0,0.07242652526317078,53.44095940959409
290.0,0.020589687920336896,0.9702358519403298,220.0,0.19844437880185636,2.0,0.0976337441387795,61.093173431734314
201.0,0.003116182136318319,0.5671890154508847,147.0,0.13133823230750266,4.0,0.0388620666830592,57.2739852398524
163.0,0.02655521916586367,0.4880783992405837,631.0,0.36571991456531444,1.0,0.029769273645407362,62.99354243542435
94.0,0.0113718453543807,0.5706675868681398,69.0,0.6764832770190726,1.0,0.03070355230502706,62.99815498154982
125.0,0.005447762591766181,0.675986904372284,146.0,0.6389788228409432,4.0,0.016733177929850056,59.995387453874535
26.0,0.0003606784762905392,0.22829835699996648,600.0,0.5871743534338812,2.0,0.04054989788762908,64.58487084870849
21.0,0.004045014959331584,0.333506292479001,693.0,0.11572083992194594,1.0,0.02969048952121685,63.04889298892989
27.0,0.001056295315747129,0.7547808776513499,304.0,0.14184878897622935,2.0,0.034525669655732116,64.10055350553505
35.0,0.011447861678850372,0.0343876221032432,319.0,0.4793920558013711,1.0,0.08732086492195984,62.43542435424354
132.0,0.021128126674072087,0.4914264045523,444.0,0.5067615129408647,1.0,0.0365143505768509,62.8690036900369
23.0,0.01092626319110343,0.6584553817461534,180.0,0.4780620951365422,4.0,0.09550144949880057,53.44095940959409
132.0,0.0007690877840441442,0.16906975434563642,214.0,0.14077057671734086,4.0,0.0022576076711707353,57.97509225092251
58.0,0.021418496227292604,0.6403046199226442,892.0,0.6747004337575373,1.0,0.005490025970838002,63.800738007380076
305.0,0.00024156455084205103,0.07390359884225994,765.0,0.37440735092078964,3.0,0.08404868726375993,58.565498154981555
31.0,0.015262129588756898,0.7027744007964171,201.0,0.15477782214195693,3.0,0.05731608790966122,53.44095940959409
58.0,0.00010173596774178361,0.34870740764602626,840.0,0.6032411654463397,1.0,0.0041856470404994656,61.04704797047971
301.0,0.007807184898403156,0.49783120979273576,112.0,0.11394012672235652,4.0,0.0042864605881704695,59.43726937269373
166.0,0.0024031420469003,0.5129588022595625,360.0,0.8845339895146799,3.0,0.09845771415181331,53.44095940959409
23.0,0.03094100492221295,0.2107675745428309,121.0,0.25476450859535094,1.0,0.05558350207727512,62.67527675276753
27.0,0.0016756981663290204,0.7022100424924458,131.0,0.40632351118735327,3.0,0.05831222960206545,53.44095940959409
177.0,0.014401472828461642,0.28613933495037946,119.0,0.26379082295620504,3.0,0.0980766121964777,53.44095940959409
22.0,0.0014259940359422612,0.745471484885613,312.0,0.18741027427134904,3.0,0.06679956131671325,53.44095940959409
91.0,0.0002473178424411727,0.05753069516808973,364.0,0.6096803047156366,1.0,0.05067354423288289,61.858856088560884
22.0,0.017505836149365232,0.12814407203400036,81.0,0.24064331414898796,1.0,0.05800871696851422,62.63837638376384
97.0,0.004533635873635247,0.039962974149974184,107.0,0.12187098386671084,4.0,0.044145061761745645,53.44095940959409
321.0,0.0005209223655678344,0.2631448495974139,92.0,0.4391948404317733,1.0,0.0790620292087031,59.83856088560886
114.0,0.08336102679051316,0.2682597758139009,342.0,0.3266521579208375,1.0,0.08890004307219518,62.37084870848708
25.0,0.003031431376856601,0.31154436112759,297.0,0.8262420543821407,1.0,0.03799070496409469,62.86439114391143
238.0,0.025397522557130292,0.38114454181934154,636.0,0.22664386515506213,4.0,0.09621257215653631,53.44095940959409
67.0,0.0020787602449069643,0.12966085928477078,86.0,0.5428527442393417,1.0,0.020264364547474163,63.307195571955724
26.0,0.0005323705105407965,0.14816782846416143,115.0,0.2254977997993152,1.0,0.036831350743659015,62.670664206642066
421.0,0.0031535595367961087,0.08854402816348483,439.0,0.31659847678518843,4.0,0.08918139889045273,56.85424354243543
212.0,0.00010136908049956914,0.10873231990090226,64.0,0.20856341601232908,2.0,0.009256858283927671,53.321033210332104
384.0,0.013887422990136714,0.5223948976356186,72.0,0.14248259093514876,3.0,0.005050903960558013,61.692804428044276
205.0,0.005069426623763936,0.3399547406731225,233.0,0.7541091992620867,3.0,0.00332410959205585,66.62822878228782
21.0,0.013593133608185011,0.8909430134480786,239.0,0.320447808178111,1.0,0.04590979144600826,62.78136531365314
42.0,0.00905258603446454,0.002029799586009795,278.0,0.5852951207092334,1.0,0.05981797653987896,62.60147601476015
89.0,0.0010036074103087133,0.6189069652263383,146.0,0.7914474528836167,2.0,0.03628955335844354,63.91143911439114
116.0,0.0053365641770976024,0.14030840725258253,99.0,0.40156725379176833,1.0,0.022680158239552713,63.20571955719557
372.0,0.012423088000580673,0.2579716412752475,729.0,0.32730379173384067,4.0,0.09521144189026237,53.44095940959409
428.0,0.0009179039366632599,0.7436438528107691,71.0,0.25337913399827455,2.0,0.0072628530013058076,57.762915129151295
26.0,0.003082105663081136,0.5291844022508702,251.0,0.6367942576776476,1.0,0.022074876866487375,63.29335793357933
152.0,0.0002088719046453375,0.9211229648646226,103.0,0.15297785268985248,4.0,0.024018243716772768,53.25184501845018
46.0,0.002869051216585771,0.5590003536580203,132.0,0.6527180469278969,1.0,0.08225999767390396,62.44464944649446
252.0,0.014112220482980982,0.5852205723068482,131.0,0.43417369476634293,2.0,0.024904910243281075,66.01476014760148
22.0,0.01708407409901528,0.15500673495574224,318.0,0.6568458608079895,3.0,0.06663755894814455,53.44095940959409
245.0,0.0007034666823765379,0.19639211333133877,98.0,0.45829897208400977,3.0,0.0163492555637031,55.39206642066421
286.0,0.005009819120348989,0.32343457490346217,183.0,0.4961201266804511,2.0,0.017752592568035956,64.29428044280444
416.0,0.0004798648083688099,0.3512082175211362,185.0,0.4106810697499157,1.0,0.09238652484000684,57.24169741697417
173.0,0.026952807033843597,0.4740896610633508,221.0,0.1064238287120269,2.0,0.0777268479902844,61.66051660516605
44.0,0.022688317345271942,0.8272770816554297,534.0,0.3920593942866617,1.0,0.0599523410820642,62.59686346863469
125.0,0.03462074558946508,0.520846196067144,126.0,0.44523283160575655,2.0,0.07334289339664499,61.678966789667896
161.0,0.0026701512190773547,0.907574651630474,407.0,0.8533092977857603,1.0,0.015138785666840971,63.44557195571956
19.0,0.0061775056108052265,0.2268617825847583,135.0,0.33339889994887273,3.0,0.07413794249084163,53.44095940959409
26.0,0.006805522626970645,0.12460811922138482,154.0,0.7514281881951704,4.0,0.030879336682451724,53.44095940959409
21.0,0.006594949493778614,0.7092150333171126,271.0,0.5792231580583477,3.0,0.04167559883991212,61.94649446494465
77.0,0.0035524169252243967,0.8963154770622405,108.0,0.11720580885546354,2.0,0.07583444837525416,61.75738007380074
256.0,0.00011274951422912353,0.2660147223829904,296.0,0.9042857876946424,4.0,0.04850728518813156,56.683579335793354
90.0,0.0006997441955638454,0.785804317688174,219.0,0.4212071861556482,1.0,0.05496351893103623,62.28321033210332
97.0,0.04262563070348451,0.0383600014459029,508.0,0.898755067044244,4.0,0.05555540382778499,53.44095940959409
431.0,0.0013041344488275667,0.2905273465778796,710.0,0.2451272720229875,4.0,0.08164288768196484,51.32380073800738
111.0,0.061773832754296494,0.09526276615648399,437.0,0.30889881687318094,2.0,0.03896611011472718,65.16143911439114
97.0,0.0003518862870838049,0.1140895628049603,310.0,0.14323598413483887,3.0,0.03191877578755807,60.08302583025831
333.0,0.08554782205947149,0.06286346682083044,89.0,0.18650804987924705,4.0,0.08743374153309354,53.44095940959409
276.0,0.00028470680498242243,0.892622323831463,751.0,0.3938351923899983,3.0,0.022483824156524175,59.84778597785978
20.0,0.0014046213733882157,0.5052818674452129,949.0,0.11445455057683085,1.0,0.05639196683599522,62.6429889298893
24.0,0.0007201767460013864,0.5150474520351019,190.0,0.16545297686873198,4.0,0.06568475446886227,53.44095940959409
67.0,0.012701195751609773,0.549903741630228,77.0,0.6413805608693659,4.0,0.04297303022418104,53.44095940959409
93.0,0.026717925497814196,0.7896899748442757,302.0,0.20900271623333003,2.0,0.026931304928700706,66.37915129151291
68.0,0.004393972513713122,0.37789849670367137,677.0,0.4968468611248282,3.0,0.02046989933008522,67.61070110701107
210.0,0.0347647290185388,0.6271868490888557,392.0,0.6577979952283546,4.0,0.04956553362510946,53.44095940959409
103.0,0.0008742452754346709,0.25550892627413957,94.0,0.6531147641245376,2.0,0.023364853852110734,63.26568265682657
63.0,0.03665363099736133,0.663137073293948,192.0,0.3332377762091356,1.0,0.06022234580764636,62.578413284132836
458.0,0.01062801949675027,0.7185367705636856,312.0,0.5453856707908097,3.0,0.016110639591485173,63.74077490774908
346.0,0.007023580922147743,0.0981715035350954,169.0,0.17237331171852932,3.0,0.03880744281221492,60.96863468634687
173.0,0.003323175492315453,0.5779753908046407,73.0,0.25554933672825825,1.0,0.07510491161596416,62.4169741697417
323.0,0.016090324904513023,0.7847028874971258,959.0,0.1887094772170536,4.0,0.0734786986137255,53.44095940959409
131.0,0.0020050965223560226,0.9589100123196298,149.0,0.31241160308178545,1.0,0.09757213815705232,62.36623616236162
427.0,0.019607492594813355,0.226547421131723,332.0,0.10065795566592871,3.0,0.0357487938919233,63.38560885608856
301.0,0.08114148278587686,0.18893842932501292,222.0,0.16102735005555519,4.0,0.05944891304798859,53.44095940959409
69.0,0.0451559452396258,0.4848911684590276,72.0,0.4179163550915317,3.0,0.017197895322120883,68.16881918819189
90.0,0.008071042500912179,0.3660225706426885,220.0,0.3446369454351359,2.0,0.03486819366145144,65.45202952029521
296.0,0.0011157097970032255,0.3381167599123185,619.0,0.5076439255451091,4.0,0.029318538550771562,58.74538745387454
22.0,0.0002178069629426617,0.30284809990502937,560.0,0.12647365696151502,3.0,0.08648840896713841,60.502767527675275
239.0,0.08713378360071967,0.6928288605999772,942.0,0.19829631599717262,1.0,0.0964095731547351,62.34317343173432
35.0,0.0008704888203013295,0.911689574063521,73.0,0.20027255255133553,1.0,0.01402879485117989,63.08579335793358
18.0,0.0006057603605370951,0.3557247209151485,797.0,0.12681357816386366,3.0,0.04064351761662015,63.676199261992615
27.0,0.0004671985937208809,0.48956512337854274,105.0,0.12129958065555003,2.0,0.09159477220591355,60.90405904059041
18.0,0.0005308669117860911,0.7796446753429164,427.0,0.8716595411615862,2.0,0.04148721543673431,64.52952029520294
22.0,0.003999372362728451,0.7934184988802505,135.0,0.4357565435917533,4.0,0.04755735521239003,53.44095940959409
50.0,0.047410136832808744,0.14888319828878738,392.0,0.19724158875955902,4.0,0.0589386681465274,53.44095940959409
16.0,0.05434868635055214,0.2761673288469465,105.0,0.49898721963207054,2.0,0.041880240596031446,64.7370848708487
55.0,0.0009942288614654428,0.37365341779829664,378.0,0.4801979117653181,2.0,0.029961739269793973,64.47878228782288
105.0,0.08018155109732178,0.9643073486393018,76.0,0.13179752562365352,2.0,0.06545242672965322,61.95571955719558
98.0,0.0001291415114015285,0.685317185083675,649.0,0.15113648543764976,4.0,0.07605933617364746,50.078413284132836
269.0,0.0001298245345739707,0.7883669558286482,739.0,0.7326432395135235,4.0,0.07328573621725282,54.97232472324723
84.0,0.012035896700887755,0.43704830427361274,68.0,0.19399488059482997,2.0,0.0712367699645974,61.70664206642067
43.0,0.005996668221955502,0.5351554082642969,120.0,0.7788184524792112,2.0,0.0601293975913935,61.978782287822874
355.0,0.0008915084649593885,0.3448268030038485,427.0,0.8558333987456092,4.0,0.04736702795621827,58.9760147601476
24.0,0.000224661567635242,0.58056803940243,379.0,0.6635625221081021,3.0,0.06324590028019152,60.327490774907744
68.0,0.0020753292766412593,0.5417427669021565,431.0,0.38590286567763643,2.0,0.06536968067206887,62.50922509225092
22.0,0.021796422649167285,0.7385572070311085,419.0,0.29404240079783756,2.0,0.037192858443131555,65.16605166051662
49.0,0.0008546024885679845,0.3461387204690489,95.0,0.19180338691617585,4.0,0.08478781728005824,53.44095940959409
46.0,0.00581948828496339,0.12980398543272442,167.0,0.33259427477770764,4.0,0.053284961463767586,53.44095940959409
43.0,0.0009907289679428142,0.4303768657213849,561.0,0.6156466323678741,2.0,0.07267632000628256,61.91881918819189
133.0,0.015367228395716657,0.5783065708694511,101.0,0.689402996633634,1.0,4.9355776046293136e-05,63.966789667896684
170.0,0.001024289501386458,0.055204111376790044,384.0,0.12794338559073049,3.0,0.06257728183517691,59.64944649446494
32.0,0.0016324502561134444,0.7819919876584366,343.0,0.27791771861087355,2.0,0.07326906360527327,61.73431734317343
43.0,0.00016488503868392895,0.09927705097019224,127.0,0.16470043476943583,2.0,0.09904852394845676,59.75092250922509
370.0,0.06723042085523409,0.11253000461453122,84.0,0.7008824695187875,1.0,0.09518411132530981,62.34317343173432
83.0,0.00010492299261209821,0.9124664421066712,433.0,0.256305225289398,3.0,0.05754829482538062,58.07656826568266
56.0,0.007569054655978518,0.9075415017960841,640.0,0.24025608250736286,1.0,0.08562578336527148,62.42619926199262
33.0,0.00839504361178743,0.27266364074690175,172.0,0.513926654506712,4.0,0.0580315590472236,53.44095940959409
144.0,0.001140135366580667,0.10301647458835728,133.0,0.7708798410537381,1.0,0.05344402244272441,62.59225092250923
16.0,0.018029076816679222,0.43319091187159275,126.0,0.222124317698217,3.0,0.02819111044377557,66.55442804428044
39.0,0.0001382805084634965,0.6834923460622843,270.0,0.4152223461656593,3.0,0.011443894742411928,59.62177121771217
93.0,0.0017930437613253422,0.6401181496219702,99.0,0.47450388516577097,3.0,0.07555314515115212,53.44095940959409
79.0,0.02162418995195087,0.22303538373458942,156.0,0.1809105192054971,1.0,0.03873930161757672,62.79981549815498
18.0,0.00011966758636750169,0.5861207062682025,112.0,0.2518711939768217,1.0,0.03787739772622946,62.09409594095941
401.0,0.018927419975922077,0.8066561574419341,368.0,0.13802646617425796,4.0,0.03243733453393264,53.768450184501845
21.0,0.00011565828324973912,0.6579339147573621,200.0,0.6696945524834628,4.0,0.08976420580921089,53.44095940959409
22.0,0.008174038087458117,0.21757934293269576,131.0,0.1477900130869593,4.0,0.04107883271622073,53.44095940959409
255.0,0.00015986665770919499,0.48581069403548804,633.0,0.5103911088116718,4.0,0.0944161776525898,49.7739852398524
234.0,0.007243577511820035,0.30421856354222954,312.0,0.126074297867645,1.0,0.05565521886672909,62.57380073800738
96.0,0.02238235988078034,0.6935286064208095,89.0,0.3629889986203966,1.0,0.01421136745305944,63.4409594095941
20.0,0.01583988837102542,0.0024553741851678357,125.0,0.7806764502467484,3.0,0.09997891490300849,53.44095940959409
26.0,0.008130600059734094,0.6952221038096837,965.0,0.45284544154397494,1.0,0.0015042866921609911,63.88376383763838
145.0,0.0022113059042582085,0.3376414090127472,81.0,0.4715563008538743,4.0,0.028794870385155557,58.49169741697416
37.0,0.0024891405820382504,0.8785707195716125,862.0,0.148900651273625,2.0,0.022247161503139,65.21217712177122
20.0,0.003467243206511072,0.06494431696960623,76.0,0.8187022842888455,1.0,0.07713127309455606,62.52767527675277
42.0,0.0038921458668587806,0.6007504122402682,99.0,0.10614990861076332,1.0,0.09562950315000611,62.39391143911439
452.0,0.09188386218575315,0.9772485968078792,119.0,0.7422222918630738,1.0,0.09533731986537741,62.37546125461254
84.0,0.0003888327086019664,0.3269925272384149,74.0,0.4993735342419036,4.0,0.08013876318407345,55.913284132841326
31.0,0.006668408875054768,0.9072281961553303,269.0,0.18115274412591675,4.0,0.08223991362420421,53.44095940959409
120.0,0.0007086638908855241,0.4931452379614598,647.0,0.10604249466956017,4.0,0.09455283285365133,53.13653136531366
25.0,0.0005490778881128715,0.24427263550556344,251.0,0.2757208469452912,2.0,0.04989495484902123,63.556273062730625
76.0,0.008890407137285785,0.08789600968271416,89.0,0.37645588326048596,2.0,0.03430727935768668,65.7610701107011
125.0,0.024126393277064558,0.32662323744657806,377.0,0.8473704096964618,1.0,0.01693051438680484,63.413284132841326
37.0,0.005653931746459736,0.056564086106362765,347.0,0.15093568053925252,3.0,0.07289753696596138,53.44095940959409
26.0,0.03922392212289881,0.23354370751586595,201.0,0.25006612192494815,2.0,0.016346362155052124,68.05350553505535
26.0,0.00046159091369529163,0.7107531202262497,726.0,0.10423993305919707,4.0,0.09551558151746518,53.44095940959409
107.0,0.033306239535332724,0.7150324669083761,608.0,0.46779977135301215,1.0,0.020554883890651295,63.26568265682657
197.0,0.046155257515416444,0.5235887520356124,104.0,0.28442436692132533,4.0,0.041742322250241784,53.44095940959409
40.0,0.000947001988567798,0.26246098833617504,501.0,0.12052865617692865,1.0,0.09667227652614657,62.36623616236162
22.0,0.01881957020834801,0.674365285014574,388.0,0.23388359643636536,3.0,0.0648954645837834,53.44095940959409
37.0,0.0010295363120514953,0.374827524931702,335.0,0.5978992801151604,3.0,0.061025627729543286,53.44095940959409
269.0,0.009330543158792544,0.6896834550733111,407.0,0.7184995296508411,2.0,0.0005891466275211781,65.94095940959409
160.0,0.011073411976945582,0.13632272808426893,354.0,0.2632885817495029,1.0,0.034912915319154095,62.91051660516606
137.0,0.014408176957546013,0.3315703570534235,485.0,0.42648483245367613,3.0,0.08375336161999197,53.44095940959409
45.0,0.004164978323077912,0.723580703677589,811.0,0.10067637623545597,1.0,0.05527062021773844,62.65682656826568
430.0,0.0019511985133691856,0.052741853756089196,78.0,0.9595407122699486,1.0,0.07197939736026673,62.49077490774908
172.0,0.00020298481192186147,0.5713238343024644,453.0,0.18223894878364988,2.0,0.02733359924411275,59.59870848708487
75.0,0.0005287297926086736,0.2210223417135454,177.0,0.600665865225869,2.0,0.08111132565282547,62.06180811808119
50.0,0.014222179275629496,0.5935774835795399,414.0,0.2813309685721004,3.0,0.08952298293494979,53.44095940959409
144.0,0.00255546924752088,0.825042341147564,164.0,0.34707350213246696,4.0,0.05457120004218683,53.45018450184502
67.0,0.001099598180633285,0.8296334944498794,865.0,0.2555466670977548,3.0,0.06025401881708268,60.221402214022135
27.0,0.0027713730769853076,0.8492969792327226,269.0,0.39980763106496536,3.0,0.09810360409189553,53.44095940959409
241.0,0.00021988802220641981,0.6888627728597667,67.0,0.11983451451773197,3.0,0.05537601647910879,46.715867158671585
244.0,0.0008095670071352202,0.8115064829316995,600.0,0.45935065339728387,3.0,0.026986233255956612,60.299815498154985
76.0,0.00037042526715106106,0.43950392881341027,490.0,0.409978256778948,3.0,0.029444972485088147,61.60516605166052
33.0,0.039667924500194046,0.418722019865265,201.0,0.4149241216027382,1.0,0.04361611486812623,62.827490774907744
28.0,0.06898253680693216,0.5501043660221061,696.0,0.3617511626835637,4.0,0.08696005270700964,53.44095940959409
383.0,0.05675487710716247,0.5885419136419221,133.0,0.6664134724506575,4.0,0.07279786871210742,53.44095940959409
134.0,0.09788154215709242,0.2791654521552399,90.0,0.26378271706807876,2.0,0.011257171288158563,68.73154981549816
283.0,0.0003707899515896631,0.7454642252783003,448.0,0.5218490568484075,1.0,0.0463779966863251,59.46955719557195
45.0,0.00036604668143439066,0.7263021743090906,926.0,0.5070416408209176,3.0,0.05596881005590335,61.23616236162361
121.0,0.0016472609736787821,0.3401764847133385,140.0,0.1649237969270516,1.0,0.0024342940640036635,62.68911439114391
510.0,0.0026713248130498498,0.9155792876383765,95.0,0.9796931136467554,1.0,0.04587736902519407,62.67527675276753
189.0,0.013342449242933674,0.25596660466943455,1006.0,0.41694464507769025,3.0,0.0021724005756691023,69.19280442804428
344.0,0.01814070465497382,0.07791235871612434,968.0,0.3344851178712066,2.0,0.09075629978645162,61.45756457564575
66.0,0.00011278311585023566,0.1416920629467603,137.0,0.3762044097575339,1.0,0.01992827019350229,59.39575645756457
19.0,0.0038416324993315117,0.5139810767010883,75.0,0.8659021716451787,2.0,0.024381782419494392,66.59594095940959
95.0,0.058231115980251706,0.8531957688177744,257.0,0.41854906670161224,1.0,0.024225477190315474,63.16881918819188
74.0,0.013943456054646251,0.7242886677749957,140.0,0.4750992954151488,3.0,0.0029068968873206856,69.17435424354244
88.0,0.018027898304831643,0.1837887038559164,693.0,0.8497870685686542,1.0,0.06312429679405106,62.50461254612546
425.0,0.046669498922836804,0.11599149902724981,449.0,0.40378175569172264,1.0,0.09369859586726047,62.34317343173432
104.0,0.0012769252495167462,0.7289507278990068,67.0,0.11171020007651354,2.0,0.01046197351536536,60.0
36.0,0.0007423393490551642,0.03248528859266486,90.0,0.659863734922931,1.0,0.07993574245634526,62.46309963099631
222.0,0.0023070161069456783,0.021296917306560137,637.0,0.5296517289257942,4.0,0.07874274246540602,57.97047970479705
72.0,0.07271404751859832,0.8965703166453943,243.0,0.2173794853442692,2.0,0.06475747547195294,61.88653136531366
254.0,0.004325221553985354,0.1535674120900018,308.0,0.16944567135544217,1.0,0.03396355498362195,62.65682656826568
23.0,0.010647954168127138,0.5624348734203044,267.0,0.1360511701695277,3.0,0.009537629902103984,69.65867158671587
144.0,0.08857110757729911,0.17161213400701936,135.0,0.10585824697820626,3.0,0.011862980053983967,69.5710332103321
41.0,0.0030287104639165276,0.971714266460604,288.0,0.18203830052298953,2.0,0.03378156729953482,62.82287822878229
20.0,0.0005212575796218757,0.646019013459684,394.0,0.8264196042376867,3.0,0.0931838432098573,53.44095940959409
46.0,0.0004724882935958325,0.7693715522071277,148.0,0.21506380226677294,1.0,0.05759414693969015,62.2739852398524
57.0,0.0005402003150059035,0.6648842266234037,253.0,0.3108769928994149,4.0,0.07105693607094647,53.55166051660517
124.0,0.07113964491331314,0.00910225473215609,106.0,0.46269226264944247,3.0,0.0018436505744833952,71.76660516605166
39.0,0.010020480795663676,0.2876808247944421,734.0,0.585562373739137,4.0,0.05586466095697664,53.44095940959409
70.0,0.007344907057187419,0.7162486226157807,765.0,0.1077521209847441,2.0,0.046878720061764786,63.95295202952029
329.0,0.045002420622047956,0.5616882109122823,121.0,0.1604256596918033,1.0,0.011961941515642819,63.51476014760148
71.0,0.01675572149281138,0.2630044578700893,614.0,0.20131169716991795,4.0,0.008885267285772231,70.3090405904059
35.0,0.01458354685541118,0.4520862848335544,871.0,0.7318173242958743,1.0,0.06288185057941495,62.57380073800738
85.0,0.0030610246380884977,0.23340375880593678,483.0,0.22015843915635464,3.0,0.023489689240046716,64.81549815498155
195.0,0.007895793208648307,0.2686486245976517,619.0,0.28482224227907676,4.0,0.061663736325416905,53.44095940959409
188.0,0.03635591375862104,0.18950512514327178,231.0,0.38692315614910816,4.0,0.03221413298020734,53.44095940959409
336.0,0.00201866187099635,0.7000234245625907,150.0,0.6051465421845051,3.0,0.060914714628687715,58.91605166051661
23.0,0.007048757259233892,0.6941548506332932,726.0,0.3907921888792031,3.0,0.04103575861372918,62.09409594095941
16.0,0.00017516855139661125,0.48420405859826954,516.0,0.149795448654895,1.0,0.0946906088142519,62.30166051660516
22.0,0.0021580283739469574,0.7101116884031362,304.0,0.593333550597389,4.0,0.08748738809127188,53.44095940959409
418.0,0.004282147840112112,0.6416027051696119,426.0,0.23252216341495616,3.0,0.07666491111493247,60.359778597785976
21.0,0.00015580010618068305,0.1290391479311508,71.0,0.158825025879507,4.0,0.09102533065536758,53.5239852398524
151.0,0.023580452219434007,0.34344896511388656,205.0,0.12848278671278296,3.0,0.03578170838538382,63.43173431734317
56.0,0.000106905577533709,0.3010721199664026,709.0,0.7151968308707459,2.0,0.02083611437311456,64.13284132841328
35.0,0.00011444580223125956,0.14810639098302336,375.0,0.387866218050919,1.0,0.09726358303593365,61.61439114391144
176.0,0.013919689114382853,0.5832554078638524,522.0,0.45028878214644935,1.0,0.0759972236615319,62.45848708487085
25.0,0.06366958949351134,0.4599669651579711,99.0,0.5871822396520275,4.0,0.08609610533404256,53.44095940959409
32.0,0.00043132752587827285,0.0821895564355003,74.0,0.335986433904828,3.0,0.094191819342147,53.459409594095945
64.0,0.013562023422732392,0.7967948884225735,882.0,0.20993252625060876,1.0,0.07617338175098205,62.49538745387454
258.0,0.003272676619853342,0.1621699732851698,342.0,0.49587495022957323,3.0,0.0005514237671478206,64.94926199261992
120.0,0.0009810680504608437,0.4413910905087526,132.0,0.24107717538251885,3.0,0.0686027291220663,57.11254612546125
72.0,0.006582951372420329,0.20454979064885237,158.0,0.24350333473278518,4.0,0.01826577297924794,66.21771217712177
242.0,0.0022282964722739754,0.2847608866470521,474.0,0.19629254324077872,4.0,0.0441268191521708,59.36346863468634
21.0,0.0026928168284957345,0.19737341882047332,116.0,0.10137862412028906,1.0,0.09094740256021515,62.43542435424354
205.0,0.00830111998446372,0.44082866209038896,641.0,0.9130710672622346,1.0,0.040780121035315406,62.758302583025824
123.0,0.0020640374728242267,0.20793626204227234,74.0,0.7520467908340256,3.0,0.09897810456837244,53.44095940959409
50.0,0.012569700571589128,0.504129242250735,367.0,0.26592636137987885,2.0,0.04791845988155067,63.989852398523986
43.0,0.004160732158443387,0.9369755104272551,137.0,0.6202244880703429,4.0,0.014708533929555019,53.44095940959409
358.0,0.005076534859150597,0.5634844839910842,949.0,0.7516772355968578,3.0,0.034461520541655195,64.36808118081181
19.0,0.002680415145992363,0.12482764731855689,170.0,0.15620696358326752,4.0,0.005965020925803652,69.35424354243543
92.0,0.04333661835805316,0.5311582419286593,79.0,0.42080750786899845,4.0,0.09219411838980295,53.44095940959409
46.0,0.00011058768678020411,0.38400795154338774,625.0,0.3630153327997352,2.0,0.07374676994237364,62.66143911439115
33.0,0.0135536263393309,0.12558207109774977,140.0,0.10077745557712399,4.0,0.0550801022056258,53.44095940959409
207.0,0.021105347686961814,0.03993449872490096,207.0,0.25102894312696417,2.0,0.006373221341961706,68.31642066420665
58.0,0.00027723596477440183,0.6738259066823635,78.0,0.7161693712389547,1.0,0.09942573719927388,62.352398523985244
161.0,0.00027838606189914026,0.22599847009845475,693.0,0.1028006353843039,2.0,0.07761764775264607,61.91420664206642
199.0,0.01489734986824807,0.33838050620709403,281.0,0.16851128572507812,1.0,0.06074804790753892,62.54612546125461
29.0,0.0008083731591970501,0.5814916902045969,332.0,0.35548786782603986,2.0,0.07170696601012908,62.117158671586715
161.0,0.000143701443993774,0.35071131536970257,761.0,0.8201342714396644,2.0,0.047221483674860516,63.57472324723247
180.0,0.00022596733812220101,0.2782739204832233,107.0,0.12123046299982901,2.0,0.07489439879126239,54.792435424354245
306.0,0.03439266319024053,0.5037885996314178,118.0,0.14551785721915197,3.0,0.02908241464562645,63.95295202952029
87.0,0.0016474563906147377,0.8320982712268791,988.0,0.1852291166181792,3.0,0.09082649880559233,59.38653136531366
298.0,0.04500184410408621,0.6188642050175169,133.0,0.3634841295684105,2.0,0.07197367415937878,61.73892988929889
423.0,0.0003357679077010093,0.8812429553949876,70.0,0.30492454528243174,3.0,0.06909345084042184,48.05350553505535
154.0,0.002865713040988997,0.38504189530429844,79.0,0.5675201979421224,3.0,0.06485111562410911,53.55166051660517
19.0,0.0002429569726553447,0.8189405464088063,89.0,0.19317677722952012,1.0,0.08504471626451565,62.352398523985244
58.0,0.028884332593325325,0.24803836282908487,146.0,0.12811231595230207,1.0,0.03138028448333816,63.002767527675275
43.0,0.001310186917163272,0.8218534733920103,70.0,0.7484397279273303,2.0,0.017581635735827512,64.89852398523985
47.0,0.04022531353282904,0.45303067684589227,133.0,0.42362333547127873,1.0,0.035258345604652346,62.88745387453874
37.0,0.07843015523104767,0.36934794611721455,104.0,0.36134750420812733,4.0,0.0877547314455128,53.44095940959409
269.0,0.016778289661894062,0.4651773443617694,130.0,0.26482433898408125,3.0,0.013074670533348175,65.80258302583026
220.0,0.005994847521714774,0.2693841678813663,618.0,0.5671477237177218,2.0,0.04832531890834943,64.10516605166052
327.0,0.010727556201388252,0.41349142035619046,300.0,0.48748536151919813,3.0,0.028615994206934975,64.52952029520294
436.0,0.03104098083000009,0.5141786277962456,96.0,0.3731374175131197,1.0,0.010386239365076997,63.556273062730625
272.0,0.00024302090081616674,0.8744142685987583,203.0,0.12720200242793692,3.0,0.06461564905420344,54.58948339483395
55.0,0.00023166810625470017,0.3346553804082032,614.0,0.21240465495782818,4.0,0.07694082790733724,58.21955719557196
83.0,0.005596628372494975,0.07833692729823816,250.0,0.13044088965577771,1.0,0.06479858626593658,62.48616236162362
406.0,0.02896447975063436,0.7940943713919457,148.0,0.303894477836007,1.0,0.08917503468835318,62.4169741697417
36.0,0.0015173975464914482,0.7475492833964876,158.0,0.34302037792104734,1.0,0.0642435437173415,62.52767527675277
102.0,0.0007388906405727988,0.4021327418133036,629.0,0.5245923849693599,4.0,0.007087352211387304,61.60516605166052
28.0,0.001846887742263053,0.9835753671025875,664.0,0.3794490981709599,1.0,0.0453752208003009,62.707564575645755
28.0,0.00705411433513806,0.9651458285464393,670.0,0.4229543040326921,2.0,0.015294203104089672,66.74354243542436
463.0,0.02746806867185318,0.3962953156400366,66.0,0.688527361336173,4.0,0.03197206755796004,53.44095940959409
180.0,0.006186787152363659,0.9266973080490728,76.0,0.18070156294809864,3.0,0.06909959493392788,53.44095940959409
292.0,0.00013104477720017545,0.8212949650754298,379.0,0.11624806730281177,4.0,0.02765729899794945,46.35608856088561
147.0,0.011790940514892764,0.06564588592217258,65.0,0.9093964174588337,2.0,0.0015698449745764468,70.71955719557195
226.0,0.017242470623195,0.41407198288128766,629.0,0.9760337872342749,1.0,0.027952613612396406,63.04889298892989
46.0,0.003869799461114296,0.4188581080277599,999.0,0.18521240287926768,1.0,0.06449288873439303,62.51845018450185
117.0,0.0002865883222577718,0.8134523085438002,849.0,0.13460207914509825,4.0,0.07842351057045864,57.12638376383764
238.0,0.0010368730880555494,0.6322425147587162,594.0,0.5509207517074983,4.0,0.09323200834602544,54.95387453874538
232.0,0.001972520014580763,0.6631317961597026,285.0,0.20009548044944275,2.0,0.08871667083111011,61.891143911439116
161.0,0.020783673267593582,0.7326213710388096,842.0,0.209526174128617,4.0,0.07046724822683145,53.44095940959409
66.0,0.08558509319498556,0.35710392847370254,158.0,0.8779645684065036,1.0,0.03188169199450758,62.965867158671585
29.0,0.0162793761991946,0.323059266160174,92.0,0.12621598677662196,3.0,0.07282030904861334,53.44095940959409
260.0,0.015129133396688808,0.985024307816509,92.0,0.26089416651398184,2.0,0.04277971526228285,62.11254612546126
58.0,0.00013053356700987276,0.5430748836889651,702.0,0.14177534688418475,4.0,0.09847794908176793,53.79612546125462
333.0,0.0002479345054917185,0.7505524650031673,97.0,0.3110610068481333,2.0,0.06171195569312048,53.42712177121771
78.0,0.0004837999694346879,0.9430589363135251,352.0,0.15181978340349786,4.0,0.09236834178353091,53.445571955719565
185.0,0.00017179832521497615,0.34745573672813057,348.0,0.1632064360908782,1.0,0.019381702158134888,52.490774907749085
321.0,0.00014297548514181967,0.7311613308457854,600.0,0.11650433530529263,1.0,0.07952405709327702,49.921586715867164
216.0,0.0010017411208782794,0.918077409942037,103.0,0.3980871296383201,1.0,0.0028614009916355736,62.05258302583025
22.0,0.000526193393210039,0.5441543768955266,671.0,0.5585185705837408,1.0,0.09618141328159056,62.44464944649446
174.0,0.0002081291496284781,0.08533349331929685,283.0,0.1680100532083618,2.0,0.06742698905740992,59.0359778597786
17.0,0.004088743492974812,0.6198266871872009,238.0,0.3116097541571939,4.0,0.06964732319388506,53.44095940959409
147.0,0.0001856793996960172,0.8138874986411033,228.0,0.19343915899009298,4.0,0.024618474022449204,52.00645756457565
18.0,0.0003168567483660641,0.5595328962817679,301.0,0.6582220294830281,2.0,0.04843809958500142,63.78690036900368
47.0,0.06533512694369366,0.7867722864792807,158.0,0.23358374015462197,4.0,0.07995547366813999,53.44095940959409
16.0,0.0018693785297792178,0.834128632589254,257.0,0.9360260531105077,2.0,0.02091135795944104,66.80350553505535
171.0,0.00010277063596164295,0.346225131531554,68.0,0.2273372194241327,4.0,0.03212438958579251,54.41881918819188
33.0,0.009451802561201893,0.530021951840045,204.0,0.14406392763124576,3.0,0.07823933553488532,53.44095940959409
398.0,0.0004921803714086681,0.8427915278876943,225.0,0.4495097640774582,3.0,0.02245591276339012,57.31549815498155
17.0,0.0007788877018360647,0.8182361000654256,903.0,0.10006850364303257,2.0,0.05583734853377699,63.2380073800738
259.0,0.002850089771673806,0.1419489129708571,462.0,0.5502501156448925,3.0,0.0973728238457721,59.215867158671585
16.0,0.004009483080694778,0.7646596370330347,1012.0,0.12064079268496168,2.0,0.035870353750777635,65.45664206642067
153.0,0.0004550341089725446,0.7840323270873446,932.0,0.17124379730963135,4.0,0.046367647178582216,57.14483394833948
306.0,0.006442259833159212,0.1721191809346322,303.0,0.5629593877303695,1.0,0.0019651556443414622,63.64391143911439
108.0,0.00013706965199811506,0.006319508098848292,249.0,0.524715737476054,4.0,0.04150048851296435,51.526752767527675
53.0,0.0035135344213145436,0.24793247139474195,544.0,0.44277182807820853,4.0,0.0868113987168446,53.44095940959409
79.0,0.008481155130754758,0.5359351395579904,103.0,0.1580956662172144,1.0,0.0797244086476808,62.44464944649446
475.0,0.0027057413082879887,0.8578156534522493,75.0,0.615165563206549,1.0,0.07104332686842203,62.163284132841326
129.0,0.011973907910883493,0.14777576010449822,82.0,0.8908978029177353,3.0,0.08870834573999979,53.44095940959409
76.0,0.008257737714163117,0.6474435156035447,299.0,0.502232017227683,4.0,0.031147992259765844,53.44095940959409
20.0,0.023005737987373067,0.027945433698811972,446.0,0.3270378918251469,2.0,0.06303285115901701,61.891143911439116
21.0,0.026642561825065036,0.451503467304161,537.0,0.33411411963232857,4.0,0.058409538566763876,53.44095940959409
32.0,0.004334966263623138,0.08357888499669308,325.0,0.8715764903177233,4.0,0.02953041017700339,53.44095940959409
436.0,0.006965155016729229,0.6455244230272476,185.0,0.13865521831442013,4.0,0.003746557922385869,59.995387453874535
176.0,0.00018002460585586524,0.06171699256249541,405.0,0.2458703864609864,3.0,0.04971278196323729,54.875461254612546
32.0,0.018902253697340537,0.5128866857543396,75.0,0.4498235894551229,1.0,0.04564601021642964,62.753690036900366
21.0,0.0005410604694037189,0.5043736552152996,914.0,0.11643838562763803,1.0,0.05770552883604161,62.55535055350554
17.0,0.009453020096482823,0.4636783965219212,340.0,0.5214157222869423,4.0,0.027504850161365474,53.44095940959409
265.0,0.003627302675266923,0.3368720259240371,112.0,0.3465254899838895,1.0,0.07949945152410418,62.315498154981555
304.0,0.001360411678047079,0.2925411765534175,118.0,0.13738187794418386,1.0,0.0010927286026887876,61.42066420664206
301.0,0.012957604856788162,0.006299601980428227,88.0,0.28148343058682374,1.0,0.0026737092528608115,63.699261992619924
48.0,0.0005295542168762301,0.8891490549675495,199.0,0.7860388970210456,1.0,0.05557156387720086,62.66143911439115
218.0,0.01474694047455181,0.25087827967402254,452.0,0.402127943090223,2.0,0.0675774387085303,61.81273062730628
110.0,0.0042382239541616405,0.0641986500286249,68.0,0.8888941925029903,3.0,0.04723266116546559,53.44095940959409
40.0,0.004919708769409227,0.8096915550981634,123.0,0.5148748651736221,4.0,0.009046660873736371,67.77214022140221
23.0,0.0001796121910746525,0.21193692987264212,187.0,0.21192528797606489,2.0,0.04699997647116974,62.3570110701107
22.0,0.00873488165103238,0.04098272175125228,403.0,0.13871362346232316,1.0,0.05337999436773727,62.69833948339484
82.0,0.00013720192655905376,0.9606924347055109,87.0,0.13600377771861694,1.0,0.08172102011690575,57.071033210332104
87.0,0.02411988902517179,0.5390676024849125,432.0,0.2852413627586781,4.0,0.04086463453127753,53.44095940959409
265.0,0.02389652570061783,0.7084090612742915,87.0,0.6822616164790288,3.0,0.05421973574898554,46.55904059040591
64.0,0.0014104270331553805,0.01776992197586269,256.0,0.19488169110703266,2.0,0.03186241893690883,64.49261992619925
135.0,0.08099560774066698,0.6661821277746549,94.0,0.37645582696434654,3.0,0.019174261502595123,67.74446494464945
73.0,0.009246305729543413,0.20766076968503933,66.0,0.20461617422091966,3.0,0.00597066500408585,68.6531365313653
38.0,0.0013895132068184302,0.9077919262861307,183.0,0.33192792678941374,3.0,0.07065920513226251,53.44095940959409
214.0,0.07906409562585882,0.37945531870297067,535.0,0.5082334459500865,2.0,0.08388472440315069,61.69741697416974
500.0,0.00010313290888460438,0.20222748614623898,632.0,0.2761035470964908,4.0,0.08895372690779964,46.72970479704797
42.0,0.00023478912122808606,0.23193849258360655,310.0,0.5298211035339605,2.0,0.09914732471569095,62.25092250922509
34.0,0.0017211367376144514,0.8206112442587524,889.0,0.12936980714768503,4.0,0.0851140663182509,53.44095940959409
263.0,0.003964211458301463,0.44113482130332915,174.0,0.32921593325816373,4.0,0.08950271075129074,53.44095940959409
65.0,0.0012950303236550385,0.7293798611320348,412.0,0.2136613387732926,1.0,0.02910908870679228,62.753690036900366
55.0,0.01005415289941081,0.7469863976494561,100.0,0.2736928860284896,4.0,0.03429697391671842,53.44095940959409
16.0,0.07639400790805291,0.5814043472184736,185.0,0.14978144810435284,2.0,0.04484249493741456,64.08671586715867
62.0,0.0003510057986689249,0.49775377436022916,433.0,0.15527768936144828,2.0,0.051522802623950176,62.67988929889299
23.0,0.000746803886212974,0.8545630338744769,88.0,0.5952846926637797,3.0,0.02507920748295743,60.73339483394834
190.0,0.028414004735171514,0.5055369271850798,105.0,0.1931199379882276,4.0,0.09749096991121364,53.44095940959409
508.0,0.00015812671616080047,0.19819653888940614,111.0,0.5265293875258223,1.0,0.0755122600457041,50.60424354243543
66.0,0.0015764535124446549,0.1558218546939677,204.0,0.18032114821990652,1.0,0.026630834879406422,62.836715867158674
21.0,0.0017479899490502296,0.9999477871003879,76.0,0.15671274515717834,1.0,0.07459965017663837,62.49538745387454
318.0,0.0008446693753079725,0.2570357482411999,798.0,0.33609801411846446,1.0,0.037195238201187565,60.94557195571956
74.0,0.0010294410179233259,0.28353771208793876,362.0,0.37237644278934273,3.0,0.026070471776676433,62.90129151291512
56.0,0.007293828540882062,0.7622557165635131,108.0,0.10920172791973771,1.0,0.009164429722701222,63.63007380073801
145.0,0.025477916693421865,0.041509416997527415,290.0,0.42049568565909495,4.0,0.02281564027275313,67.73523985239852
72.0,0.007701490164449198,0.690282686285803,73.0,0.1825281953049328,3.0,0.010105316350308249,66.18081180811808
191.0,0.005541431927112637,0.047855132556195557,878.0,0.13869341814946176,4.0,0.0945924589039381,53.44095940959409
283.0,0.00038098936122670375,0.2714134111385397,554.0,0.2600835914848506,3.0,0.017567835359251913,58.18726937269373
109.0,0.00021262498656930375,0.4041112235879939,654.0,0.9634692186819283,1.0,0.029832504176001622,62.95664206642066
283.0,0.0006235177390136308,0.2086508958662604,114.0,0.11963507298121945,3.0,0.045481255110732206,56.34225092250923
438.0,0.0023548989065400247,0.9344881202729175,83.0,0.11427491335908031,2.0,0.08662756682953635,58.63929889298893
18.0,0.00014323122397274208,0.7003301864684627,224.0,0.5903207384287769,1.0,0.012299580363423476,62.7260147601476
261.0,0.0010527180276429635,0.13668306790518348,451.0,0.1595239635488616,1.0,0.05708864987934488,61.35608856088561
45.0,0.00021520936132497168,0.4068137106933123,787.0,0.44936347421525885,1.0,0.018916712917959207,62.23247232472324
182.0,0.00036961736787818785,0.3078703258929296,590.0,0.2956672912351739,1.0,0.011521316264810141,59.552583025830266
45.0,0.024630169888505943,0.8034325913926658,221.0,0.182794628155943,4.0,0.03860248082150568,53.44095940959409
332.0,0.07316573102811234,0.27769701382650647,260.0,0.33823566575849306,2.0,0.07051359979017612,61.715867158671585
28.0,0.00011376915663256904,0.27887473398571905,772.0,0.44717755231095047,4.0,0.005448302202874015,60.77952029520295
93.0,0.05914636791698798,0.4561019964176516,127.0,0.4383960023669215,1.0,0.03845830435159063,62.836715867158674
80.0,0.01588728771787027,0.8278190299433534,187.0,0.11186928619233738,1.0,0.0572127509633929,62.61992619926199
109.0,0.0019285809292988434,0.8544317075275637,273.0,0.1961127157498596,1.0,0.07098798911731431,62.40774907749077
149.0,0.002729011095181903,0.2831420611978921,76.0,0.5687317088006495,4.0,0.04664348305084692,53.44095940959409
142.0,0.00035136649598070197,0.9140319527336822,806.0,0.14834564091292132,4.0,0.016068139353095666,54.69557195571956
335.0,0.023778545170281374,0.27220706263560035,533.0,0.26325152920372435,2.0,0.06527049217018593,61.960332103321036
66.0,0.0012409755238497106,0.9123846642165853,162.0,0.3925205140840958,1.0,0.015297860228300151,63.021217712177126
224.0,0.0039009656425801073,0.45016958633551984,82.0,0.5208612541704206,4.0,0.05429645894102593,53.44095940959409
23.0,0.0007474342381450024,0.9784401254354762,512.0,0.4291638649373861,3.0,0.009863827138999862,54.225092250922515
304.0,0.004633791981066153,0.045588516007107116,425.0,0.5089375468161116,3.0,0.026819736493499904,64.0590405904059
24.0,0.0004631532285450806,0.11441487559979913,757.0,0.4649178280134953,1.0,0.07051832897428527,62.48154981549815
53.0,0.000353591984619466,0.11846171429106522,74.0,0.2124514539856174,4.0,0.004410226194190384,55.5950184501845
42.0,0.0558591239283455,0.6550964587474478,792.0,0.3736039631673885,1.0,0.017084999947434256,63.427121771217706
30.0,0.0003191642620941806,0.6956418339686079,112.0,0.2533455106964253,3.0,0.03277634017102214,58.602398523985244
76.0,0.0023296889039853266,0.8474693414571096,278.0,0.1757499977179597,4.0,0.009757339351578222,56.28228782287823
34.0,0.0017760105734929612,0.45971459047798713,244.0,0.4797385479757746,3.0,0.03909084494733404,62.09870848708488
22.0,0.017312743313653865,0.1425327627937647,396.0,0.589940972868283,4.0,0.02815371362327486,53.44095940959409
272.0,0.0018088705554851695,0.13596128953095366,173.0,0.2908101228058725,3.0,0.08097736358453136,59.75553505535055
111.0,0.0017570779590147852,0.04633246469604979,181.0,0.1385904187904479,4.0,0.013979192746976406,58.791512915129154
24.0,0.002001076074654512,0.11708275411855618,151.0,0.5172924076395037,1.0,0.03530332579487657,62.8690036900369
34.0,0.007506357052594105,0.623750691420884,125.0,0.18887225710764124,1.0,0.04493180290323979,62.73523985239853
96.0,0.004360251323843537,0.4589173518777855,439.0,0.22154139780667723,4.0,0.013269694984260038,64.61715867158672
26.0,0.0002890402542180522,0.8617614858651901,290.0,0.6940057643120243,4.0,0.06741997348965396,53.44095940959409
185.0,0.0008604435083078964,0.5282944489056806,665.0,0.45770119402897863,4.0,0.06799470610006168,58.38560885608855
181.0,0.002986271324029499,0.3547516072173359,246.0,0.32456517821706066,3.0,0.07589892674765789,59.866236162361616
17.0,0.0014021495129200785,0.5424096630692735,592.0,0.16219958794680073,1.0,0.08523662040229878,62.44464944649446
81.0,0.00761716525086351,0.11420643088893923,118.0,0.4751223975867844,3.0,0.06305803725399953,53.44095940959409
43.0,0.00020253720362796212,0.16131679122465536,372.0,0.38681221548315897,1.0,0.07908717607723537,62.0249077490775
56.0,0.003806957499728148,0.5003628947933095,229.0,0.33465414732965654,4.0,0.08205487721427555,53.44095940959409
393.0,0.00039281419072695524,0.13393294542377454,85.0,0.12994730580017075,2.0,0.0019301049350643723,55.428966789667896
186.0,0.01045295940825099,0.2862522407780743,133.0,0.22756968361192698,4.0,0.00020875911759362693,65.2029520295203
51.0,0.00040999514391562813,0.0814974190239226,149.0,0.2349627063466524,4.0,0.03259185473000878,57.44003690036901
45.0,0.007091761125726852,0.09726193552710183,358.0,0.10749878098735545,3.0,0.010008570492998501,69.02675276752768
26.0,0.036618453835457275,0.4958987806024705,903.0,0.26709201448902475,1.0,0.03697574759411226,62.87822878228783
294.0,0.014015409779777397,0.6152907611741439,78.0,0.2511728344314213,1.0,0.06609347539330354,62.49077490774908
230.0,0.0010476050000329548,0.9067837874882217,79.0,0.10727490923784416,1.0,0.08817968273582916,61.4760147601476
32.0,0.011802124977802936,0.6362940955079722,118.0,0.4918004896180388,2.0,0.08561308493866936,61.75738007380074
156.0,0.0034475925428924478,0.8714395280913507,110.0,0.3103822908085528,2.0,0.022517145397205833,61.59594095940959
22.0,0.00020814308454638095,0.8659237298264375,107.0,0.2814481120259468,2.0,0.0021140662526964444,59.76476014760148
39.0,0.000979263213030025,0.3728790006467134,74.0,0.11125718255865968,2.0,0.010238958280390634,63.48247232472325
33.0,0.011580146465258016,0.39481861093501847,370.0,0.1704537252813419,1.0,0.04924161468452654,62.721402214022135
429.0,0.004175541176496797,0.882532708006302,141.0,0.606765392560049,1.0,0.013192105810228,62.8690036900369
138.0,0.0001693790483760412,0.2602634805522025,283.0,0.30623690155303557,3.0,0.02348554235711349,54.91697416974169
344.0,0.037227320036883046,0.3270100823227211,149.0,0.3895724734937014,2.0,0.006672363555403031,68.61623616236162
74.0,0.0014186664854655973,0.06800925178064032,727.0,0.15318147591095999,4.0,0.05302084431531627,60.08302583025831
75.0,0.00024804144245252075,0.5954068859578183,300.0,0.24498126787013966,2.0,0.09195489312873012,61.38376383763837
73.0,0.07765700138398432,0.7328235420542523,200.0,0.1384327461618108,4.0,0.06744105645564573,53.44095940959409
86.0,0.00010936830854452939,0.2124046985027348,377.0,0.5987421818649854,3.0,0.02244841171058373,59.428044280442805
28.0,0.0104482485816713,0.5544216933906839,788.0,0.16506882892739017,4.0,0.016000474900883636,68.91605166051662
101.0,0.012012530912170532,0.27410762097208385,71.0,0.607205276140882,1.0,0.0324445242075663,62.965867158671585
109.0,0.0003978758009064833,0.21154148117941463,623.0,0.5111237408076985,2.0,0.08502278565635421,63.03044280442804
265.0,0.0037703186278282832,0.7807432093079023,236.0,0.2921277825711685,1.0,0.09025173101951565,62.26937269372693
461.0,0.00016098417582866985,0.2160434276206472,366.0,0.15081301585217405,1.0,0.07647691714058061,49.478782287822874
69.0,0.00031136126424145377,0.16942728605406865,235.0,0.2801807184062148,3.0,0.09252529891134291,59.308118081180815
63.0,0.043901276798309276,0.07196383868596057,587.0,0.2764614053428506,1.0,0.07068801577167443,62.51845018450185
337.0,0.006622321837201159,0.2874873789390937,328.0,0.4075697219294829,4.0,0.05084177465961995,53.54243542435424
48.0,0.017576596068941158,0.7505895270970079,862.0,0.2174049962408317,2.0,0.08093311580229638,61.75276752767528
31.0,0.00023252163465756006,0.6877386695703211,852.0,0.6673533768299901,1.0,0.09294080541837775,62.41236162361624
46.0,0.003054185598945164,0.003963636752275956,168.0,0.9521496554894339,2.0,0.05584183775588743,62.22785977859778
59.0,0.0001359529682151168,0.4881775398249393,104.0,0.27217190081668463,2.0,0.0035695626511741364,57.3339483394834
111.0,0.0034542221446984176,0.7405701870509106,392.0,0.1045682064158578,1.0,0.02555244927713234,62.94280442804428
176.0,0.032376561054228585,0.352463823557974,71.0,0.7032048582405238,4.0,0.0662021304955594,53.44095940959409
18.0,0.008424247813205563,0.21796333422005887,275.0,0.6472464644263951,4.0,0.06846192226751684,53.44095940959409
91.0,0.0011069192670332625,0.35184077319084484,252.0,0.3706715899314379,3.0,0.02524779836425101,62.16789667896679
110.0,0.00013116769187324084,0.3603467307015201,83.0,0.1431098017941746,1.0,0.02161037903961803,53.93911439114392
85.0,0.022316431793372928,0.1979785170413738,276.0,0.1911695885497902,2.0,0.03418699301034396,65.89483394833948
201.0,0.001099718479704654,0.4741750827811376,115.0,0.535395759226261,3.0,0.07341241397735752,59.52952029520296
124.0,0.0006461783658785631,0.6799670890245711,180.0,0.20998030650404526,1.0,0.04881367711866255,61.82656826568266
19.0,0.010271476372033241,0.022741410660903072,98.0,0.37880122148872347,1.0,0.04793406449962605,62.753690036900366
208.0,0.0015406755025562287,0.3863720220169402,817.0,0.25442305978675606,3.0,0.038304221128811294,62.52767527675277
283.0,0.0001310100558367138,0.7262805681514675,528.0,0.1848192291861875,3.0,0.07964397974124866,47.43081180811808
30.0,0.023167157741720512,0.06384242628312442,75.0,0.3198092284768149,1.0,0.021753369056955213,63.33025830258303
42.0,0.007804480390459573,0.7133403395702915,237.0,0.35395595187287,2.0,0.04088622081382185,64.55719557195572
94.0,0.0001251849353013303,0.6062108307704097,456.0,0.8316716891118838,2.0,0.04847921515220135,62.82287822878229
507.0,0.0002790082024234561,0.6167190826145484,845.0,0.5333941455489456,2.0,0.03374644133150896,61.586715867158674
38.0,0.03392744764027896,0.18921642887856638,108.0,0.3821914891575755,2.0,0.06562695066797959,61.85424354243543
96.0,0.0008647467136051593,0.5501156705176771,445.0,0.11662839427720213,3.0,0.09059216778322515,59.76014760147601
468.0,0.0002573450254075437,0.2588304110681734,418.0,0.2194164032978459,4.0,0.06274488856423067,52.58763837638376
79.0,0.0013585759529510294,0.7511393182789294,120.0,0.20659289832639005,1.0,0.020326731582543944,62.739852398523986
24.0,0.0023471146593190494,0.7405146946959997,759.0,0.10851434635829528,3.0,0.06797497326993282,53.44095940959409
66.0,0.0068798443803453875,0.38018834582175765,155.0,0.21201809866633683,1.0,0.09749621488774173,62.38929889298893
118.0,0.0503824828598733,0.7487077024425002,97.0,0.7467759186963399,4.0,0.07568663773362595,46.55904059040591
48.0,0.028685526264931267,0.03953647405778271,85.0,0.2609674494471397,3.0,0.09918644898951039,53.44095940959409
23.0,0.026957141150435696,0.01968877479316533,68.0,0.3487247842198324,1.0,0.0226294947753599,63.33948339483395
171.0,0.0006152382197625077,0.2591395145303327,112.0,0.24870564344645477,1.0,0.09321635782935389,61.36992619926199
133.0,0.00036410949106317715,0.7878916779905858,413.0,0.9041695051350951,4.0,0.03325114373366107,55.4520295202952
18.0,0.00010880513656907564,0.5408056004254953,244.0,0.9320212226812125,1.0,0.050112449618804296,62.69372693726937
318.0,0.0008143633644946294,0.7308109847657213,464.0,0.8828750256211798,2.0,0.013402045400594276,63.61162361623616
375.0,0.029579020685558097,0.5350897774538684,464.0,0.22246349630659626,1.0,0.0035385598600344015,63.76383763837639
247.0,0.022960494967055996,0.5752330275461496,87.0,0.3662264351499446,1.0,0.09018424490724662,62.38929889298893
31.0,0.0021211437964448986,0.5511575815897786,290.0,0.46033293444734213,2.0,0.08898114660717626,61.65590405904059
21.0,0.013843972794713355,0.3912138888956913,382.0,0.6369423670240248,1.0,0.061343486153338574,62.63376383763838
24.0,0.0044487116187590225,0.629049349192578,154.0,0.8124972147115647,4.0,0.0355026663425733,53.44095940959409
411.0,0.0023140416316888113,0.024270683181704,78.0,0.10724071966507104,1.0,0.09647497174918025,61.75276752767528
41.0,0.00015234066086554818,0.9347459600535482,152.0,0.31241208780266977,3.0,0.028363771246811376,57.01568265682657
80.0,0.00020574568159327015,0.3935507022225333,687.0,0.1582376391976453,3.0,0.01908721343834563,60.64114391143911
33.0,0.0012660362710862738,0.40327909879821144,98.0,0.16304956243598376,4.0,0.09520704000401102,53.44095940959409
16.0,0.0008285038368375809,0.820893234238969,608.0,0.865270045556885,1.0,0.06219680779023791,62.62915129151292
213.0,0.0001054839611400399,0.5415004862872248,748.0,0.27060486296059466,1.0,0.043532431585253745,50.66881918819188
307.0,0.0009271367329202976,0.7009436241193598,361.0,0.34382128572794096,1.0,0.05508461346006395,61.32841328413284
109.0,0.0003672660082016773,0.6607238308472144,216.0,0.2463715243412877,1.0,0.0013150261780145495,61.0839483394834
161.0,0.00010261268097330818,0.10620285352380998,947.0,0.7745263502980803,1.0,0.09696500503910203,59.76937269372694
95.0,0.0002795543133941283,0.33839158751129406,91.0,0.4624187187635615,3.0,0.04391340650022841,54.97232472324723
52.0,0.00040412198351388455,0.28399365630887485,522.0,0.23216659244800347,2.0,0.006690205083950139,64.07287822878229
152.0,0.010694236880415436,0.7305196244257495,109.0,0.6323152082737548,3.0,0.05335595133152702,53.44095940959409
170.0,0.06058376537485837,0.014758276547367721,159.0,0.6797175530072463,4.0,0.05261567091703383,46.55904059040591
130.0,0.002031599550289764,0.6690080988324301,110.0,0.5370604562907082,4.0,0.0385753087660265,53.68542435424354
345.0,0.00010790256104317338,0.7015419452501115,217.0,0.21147837596790045,3.0,0.04930840227168588,50.18911439114391
88.0,0.0009007566800839394,0.8770629115346761,377.0,0.3192476236952873,3.0,0.08888612059749885,55.80719557195572
238.0,0.0006367685136749891,0.09229329752998161,87.0,0.6371294085401483,4.0,0.02987079360574201,51.4160516605166
67.0,0.0007057825476093009,0.9483730684880225,117.0,0.3043423463146426,3.0,0.032829184541052776,53.731549815498155
256.0,0.0004465717497548642,0.03348323934791264,455.0,0.8391720044207021,1.0,0.06894463937003116,62.19557195571955
246.0,0.024447349244355192,0.31927137812331163,177.0,0.7590905033263591,2.0,0.020741381548902697,67.41236162361623
65.0,0.003195180209538326,0.787194096332035,90.0,0.7736508023232624,1.0,0.08315062299855239,62.47232472324723
51.0,0.00025252670235529175,0.0367111864999663,562.0,0.86244824261304,3.0,0.07087926705658103,60.71494464944649
52.0,0.002378075150813442,0.3482890314564633,80.0,0.9580198378581491,3.0,0.04547068755013099,53.44095940959409
342.0,0.0028650682633978367,0.01810987208275372,263.0,0.16578839062691222,4.0,0.08851448153871828,58.542435424354245
118.0,0.07450993053987898,0.45914584055522834,460.0,0.7161963382422226,3.0,0.09578604840643601,53.44095940959409
123.0,0.00018468623474492818,0.8833408256098193,231.0,0.39924537901507223,4.0,0.008243052305464196,54.580258302583026
16.0,0.017890425947510922,0.19119709107024263,222.0,0.5784539200858168,2.0,0.062304603983611914,61.86808118081181
285.0,0.0001790056079493423,0.9444252742036822,314.0,0.2698423270978111,1.0,0.02998019155683179,51.39760147601476
438.0,0.04777722906785334,0.09651018595128491,162.0,0.29942276784887395,1.0,0.03832017839015921,62.836715867158674
69.0,0.004580160259555344,0.3445557897069874,110.0,0.22167264213164478,3.0,0.046808111974920734,53.44095940959409
389.0,0.0003126360267615742,0.4764043607928866,183.0,0.8378228341762647,2.0,0.03400739354165769,61.217712177121776
230.0,0.005373620760615292,0.44622501695740824,147.0,0.26146899110248467,1.0,0.0008441051442073141,63.33487084870849
443.0,0.005943366529210381,0.5602075155866985,249.0,0.3611842845011902,2.0,0.09397130503336248,61.374538745387454
51.0,0.02350004264412503,0.04230649242821782,575.0,0.3571376721514444,1.0,0.0808014927543959,62.51845018450185
17.0,0.00015176094072119015,0.5543900865637328,731.0,0.5211711456396705,1.0,0.09351379747723278,62.42619926199262
43.0,0.0099299461875641,0.35797046265316323,532.0,0.13439311629037992,1.0,0.01613504751848773,63.43634686346864
168.0,0.025079829264196284,0.4726133644590619,462.0,0.388337843859104,1.0,0.06016352727612641,62.55073800738007
338.0,0.0008957531373801491,0.5124350871276422,430.0,0.12072644274075998,3.0,0.09905149119637564,58.96678966789668
501.0,0.000267724309618779,0.18951803208712448,97.0,0.37989981005521745,4.0,0.04966218214404409,54.17435424354243
426.0,0.0001853377633523848,0.7876960097911112,262.0,0.23352410149834235,4.0,0.06991573193145817,54.46494464944649
45.0,0.0007389867334686666,0.5189908413620608,216.0,0.6520602001314628,3.0,0.01735562585731681,63.791512915129154
77.0,0.004860014772066249,0.5290343376101176,565.0,0.7589502693972602,3.0,0.0528281127274963,53.44095940959409
24.0,0.003097584669577226,0.12348996101385912,113.0,0.7192560509955294,3.0,0.016209221527862007,68.5470479704797
39.0,0.0005172706392707427,0.4037509088707101,550.0,0.7010116936359677,3.0,0.00896702708973396,65.59501845018451
167.0,0.003525279166140116,0.9861043574503997,329.0,0.3438585882079785,1.0,0.053658935437330114,62.59686346863469
19.0,0.04635122588644059,0.15078262828444566,111.0,0.41153061767849974,2.0,0.08383621050761163,61.83118081180812
79.0,0.00039030680914921837,0.15703733824160693,895.0,0.4673096373354013,4.0,0.0029580630319070715,62.21863468634686
122.0,0.00019517640792781875,0.484151657093878,297.0,0.7269440760531148,1.0,0.051365208632162485,61.7020295202952
30.0,0.0004929966920294125,0.8097726326286202,95.0,0.4691278745660904,3.0,0.04613952662194599,58.56088560885608
59.0,0.02628668781980328,0.16267662635491698,413.0,0.11122928788818812,2.0,0.0750661228775577,61.7020295202952
39.0,0.0003417479014399929,0.48124927613166235,524.0,0.16813146393453865,4.0,0.04509662851716745,59.84778597785978
352.0,0.005289218819899067,0.8086979311456625,706.0,0.43456288488778533,1.0,0.075635198325883,62.37546125461254
333.0,0.005258083592233221,0.7437084538142894,296.0,0.5593818108704744,1.0,0.08822309595898248,62.38929889298893
58.0,0.00012744407928292744,0.24683143461658574,126.0,0.7831304742506373,2.0,0.07033879916841726,60.95479704797048
218.0,0.000619826433625508,0.1430923975233418,623.0,0.950554989522298,4.0,0.04923933885637845,53.44095940959409
26.0,0.032044990953264775,0.3023566097075212,75.0,0.8374345720494171,3.0,0.07270162854206383,53.44095940959409
384.0,0.00996803786436224,0.7395812913604772,64.0,0.23630874651789913,3.0,0.021629793946234824,58.90221402214022
27.0,0.03320497005916122,0.7225973732983813,831.0,0.3457185646346548,2.0,0.09210241713733533,61.72509225092251
179.0,0.0012435763514567506,0.8365958321379555,320.0,0.8857836187194279,4.0,0.006604615100436738,60.42435424354243
454.0,0.0023260937757162586,0.39663225450263007,288.0,0.874586446973449,4.0,0.020549464423791002,60.009225092250915
67.0,0.00010143689699206657,0.04835421504701076,339.0,0.21920870542197984,4.0,0.05339888476874502,48.13191881918819
219.0,0.04183731728069128,0.3074450957264464,763.0,0.11909762724372584,2.0,0.037663453651518505,65.29520295202951
129.0,0.025609540743417397,0.6818530051599173,927.0,0.3011911889562814,1.0,0.09547324186754287,62.384686346863475
29.0,0.0003984905125926989,0.9889120021710232,625.0,0.683365521899102,4.0,0.0828843507854723,53.44095940959409
102.0,0.00031683083600064717,0.8769199846892761,719.0,0.17848973262312648,4.0,0.09289316610484856,47.26476014760148
185.0,0.0016731119234099276,0.4688113330094559,506.0,0.17809925954759093,3.0,0.07749830962790852,60.42435424354243
242.0,0.005001347261507,0.25758452025573486,133.0,0.5708577175653503,2.0,0.09952651453766903,61.337638376383765
307.0,0.028872769619695468,0.43618937710761474,145.0,0.7201578319783966,2.0,0.058443473575778865,62.034132841328415
39.0,0.00038136703867952803,0.03381360854879634,114.0,0.8239903094230026,4.0,0.055801920813315975,53.44095940959409
506.0,0.03140957773442872,0.2796010046620182,110.0,0.1708631620706371,2.0,0.0227796900344143,66.28690036900369
21.0,0.0007232719924868949,0.3839583905644205,169.0,0.6061354317594437,1.0,0.049432142576729114,62.7029520295203
92.0,0.03915845513439051,0.29204785974986147,284.0,0.8587120187799319,1.0,0.06619007020424905,62.56918819188192
30.0,0.00789551874350596,0.9768839025846001,575.0,0.2267010664277909,1.0,0.07854478078947331,62.48154981549815
33.0,0.0019545010279827936,0.22876785856283388,289.0,0.16797398649654138,3.0,0.022153166935391842,66.02859778597787
17.0,0.002101668053260091,0.6198434023506484,196.0,0.21838607676057561,1.0,0.016190086322989534,63.40867158671587
444.0,0.012704783972138782,0.21616728478779368,85.0,0.32416476997211013,3.0,0.053454766896099765,58.671586715867164
18.0,0.0001032628414513573,0.6418645154511531,921.0,0.3185033697170101,1.0,0.07087060678619496,62.066420664206646
124.0,0.00039386701527194295,0.5163501965655225,876.0,0.11858717748132044,2.0,0.09593738263332462,62.99815498154982
91.0,0.006030454801472436,0.6059276050477963,227.0,0.17971258831003847,2.0,0.02387854355869181,65.79335793357933
478.0,0.004927650588413732,0.8642260806130225,130.0,0.5138247573322189,1.0,0.04095834298500039,62.60147601476015
29.0,0.01440175491010223,0.6966449022919056,751.0,0.1735878650174512,2.0,0.09717857322230536,61.25000000000001
262.0,0.0012961711882638293,0.9550349536886013,137.0,0.24786148743647635,3.0,0.08542056309988508,54.06826568265682
89.0,0.015115749844691101,0.2584301885718465,91.0,0.43014778280271077,2.0,0.05848512923808087,61.997232472324725
33.0,0.0012827065057847756,0.715340285431291,202.0,0.6494082796947521,1.0,0.05552202329084214,62.647601476014756
18.0,0.0021271175463499366,0.5712212203648597,273.0,0.3954722857152902,4.0,0.07188948956731733,53.44095940959409
93.0,0.00025999181409999564,0.43762702495403993,490.0,0.18303147017624094,4.0,0.00794169690146827,56.07472324723247
70.0,0.015577086994999503,0.2435524014774737,639.0,0.24083587454803188,1.0,0.003318951714411592,63.83302583025831
507.0,0.04552426584607894,0.4783986976566652,213.0,0.12618361545990403,4.0,0.04679781153704599,53.44095940959409
47.0,0.052675273018918875,0.25524044083365416,568.0,0.18891491863612112,1.0,0.0618053410671847,62.55073800738007
107.0,0.003493612707696526,0.23583223072434367,104.0,0.6121489809531303,4.0,0.07283681731087024,53.44095940959409
503.0,0.00262940153620211,0.4052474525290636,321.0,0.2759461923554728,2.0,0.05654750230591239,62.49077490774908
421.0,0.008227243391562349,0.8522780285002125,488.0,0.32927418237720435,3.0,0.06322509339794567,59.65867158671587
262.0,0.0006341228095641218,0.8484622911872401,582.0,0.1877565595318932,2.0,0.004019386754450968,62.34317343173432
132.0,0.0055456578135031345,0.20334002632068604,340.0,0.6205985899222852,2.0,0.0541543587519666,63.2380073800738
17.0,0.006579599464967888,0.21372513231478518,131.0,0.26899382566768615,4.0,0.08688383168383496,53.44095940959409
351.0,0.009926827212430907,0.40343187885886056,286.0,0.15016077457733978,1.0,0.04416977020887817,62.67527675276753
174.0,0.0004657573435110372,0.7119255542405095,629.0,0.10125287282212651,3.0,0.006899154233809629,60.78413284132841
142.0,0.0032038626190905805,0.6466339425021841,678.0,0.31962233801443135,3.0,0.07533312589731157,59.98616236162362
162.0,0.049161119074564996,0.9227097748140898,103.0,0.12820737825874565,4.0,0.07863135682623373,53.44095940959409
413.0,0.01266636159196467,0.6423374758282161,138.0,0.3858785776212811,2.0,0.07322302528233411,61.84963099630997
75.0,0.0028808057354082314,0.3057504013330009,813.0,0.24747129718920555,2.0,0.01038465447721856,66.18542435424354
472.0,0.0002442621443307152,0.7351368754887586,242.0,0.8120691273896544,2.0,0.029125347382261545,60.44741697416974
501.0,0.0004836460364648987,0.005003915656138336,323.0,0.13546928321629909,2.0,0.005801858214185939,59.132841328413285
48.0,0.0012043246954201291,0.7158858349498574,104.0,0.26123625293164743,1.0,0.03093914358811542,62.82287822878229
59.0,0.004595552546120986,0.041237039423700717,864.0,0.1129408571081228,2.0,0.042815305716344586,64.62638376383764
95.0,0.006402095430543137,0.8128923989659004,70.0,0.2163622993188344,3.0,0.02055440016382404,61.73892988929889
36.0,0.0033218742257038413,0.8730721831254985,382.0,0.21095006009077785,1.0,0.05408139490482502,62.647601476014756
57.0,0.0123983682593703,0.8938852337485775,901.0,0.312321001415236,2.0,0.0016797570602064434,66.7850553505535
29.0,0.0012554416821478408,0.024132993892936883,254.0,0.19753859733170964,4.0,0.03349750647201622,53.45018450184502
93.0,0.0003166514346164985,0.44149023907009743,84.0,0.6592095333571721,1.0,0.09139516543008469,62.12177121771217
27.0,0.001043511885144651,0.41080809069023394,983.0,0.16552517703275546,2.0,0.02932267877505742,65.22140221402213
57.0,0.04092375220855857,0.5652775378039339,800.0,0.3379717587860239,2.0,0.09040973962052025,61.71125461254613
210.0,0.00011870011020988337,0.6954144625004088,201.0,0.13869894730140614,2.0,0.01111961244346371,54.02214022140222
490.0,0.0013162334309567874,0.7683043937445861,796.0,0.27163905084403245,1.0,0.09887973605877806,60.89022140221402
232.0,0.0010382502033404594,0.3990836677769388,335.0,0.36247698063926553,2.0,0.07494630075398549,62.28782287822878
146.0,0.00014447217467989027,0.9787497704513151,143.0,0.11864157717219631,3.0,0.06050833290302867,53.376383763837644
25.0,0.012218995443529477,0.6254785924946857,314.0,0.36329214348184646,4.0,0.030471859791112162,53.44095940959409
91.0,0.0031225677299675484,0.9811357700887943,67.0,0.2715342690858648,1.0,0.054398065156172584,62.63837638376384
28.0,0.017095825578910963,0.3061405779282945,65.0,0.17705813322271918,4.0,0.04119273196000846,53.44095940959409
82.0,0.00012664799193386919,0.6375919960822157,103.0,0.1867366954511754,4.0,0.002645358298124369,51.83579335793358
146.0,0.0037978177235706246,0.14837748163414244,778.0,0.8201865501556099,1.0,0.01769844199594486,63.37638376383764
43.0,0.00019130939857752826,0.7733773426286716,123.0,0.29079319867769,1.0,0.020793880067910494,61.77583025830258
101.0,0.0025273841192579353,0.023716955196468215,788.0,0.7047359864466619,2.0,0.08133574998179001,61.66974169741697
191.0,0.0003868593603361846,0.12540848043945807,142.0,0.4255030770029134,3.0,0.07149194215934107,54.05904059040591
21.0,0.00010201704490465725,0.9536984919563534,147.0,0.7992116178290163,4.0,0.06027480123644364,53.44095940959409
25.0,0.006366346046240002,0.7187334208871321,155.0,0.2511527338607985,3.0,0.022158911757955816,67.15405904059041
69.0,0.018212213366470355,0.8539389900183767,80.0,0.1797624122059573,1.0,0.0718145100505755,62.52306273062731
21.0,0.0002939964014821023,0.8515758893284084,103.0,0.29436645508600284,1.0,0.017715544676590575,62.707564575645755
68.0,0.0010771931429732178,0.6319975015277228,203.0,0.17358770960665618,3.0,0.05057482712525185,59.571033210332104
145.0,0.00010031593374592347,0.4695764189416263,257.0,0.6015477490673917,2.0,0.036795802194208006,59.94003690036901
23.0,0.00015960773311349963,0.22332360378121507,676.0,0.6298820460084484,3.0,0.08657604066632442,60.76107011070111
119.0,0.0016769674700869055,0.5884705444149629,991.0,0.1721147152994932,3.0,0.009157384370625453,64.30350553505535
23.0,0.02453778437725041,0.04221501458671695,337.0,0.2315249239772725,2.0,0.08806202829504328,61.7020295202952
69.0,0.0006671196428600999,0.8079777508803245,511.0,0.2503194988425543,3.0,0.0504194565325098,60.77490774907749
158.0,0.0008284320882270689,0.41060664534306734,321.0,0.8159457950640624,4.0,0.06409534024148383,53.44095940959409
77.0,0.08886822099390136,0.3869635119394912,127.0,0.11893449816742913,4.0,0.05673611840323238,53.44095940959409
76.0,0.04299185687614247,0.6369777934619046,114.0,0.353873160494315,2.0,0.04649992990698223,63.87915129151291
32.0,0.018733287416247586,0.7015215083286727,454.0,0.6357729541245934,3.0,0.08884592482555478,53.44095940959409
207.0,0.0010856780374604537,0.590422177628996,129.0,0.2827338018099057,2.0,0.0719787901968608,60.26752767527675
68.0,0.0003009660870032604,0.4763794397257929,443.0,0.6096896917941522,4.0,0.005424947284936177,59.903136531365305
71.0,0.0008420734784089687,0.30732792685059374,289.0,0.40366202932616985,1.0,0.027261318178320077,62.61992619926199
16.0,0.03136833203295582,0.17126036105066822,650.0,0.8915027947884872,4.0,0.08645849467455682,53.44095940959409
160.0,0.04029931015457374,0.7994953717385503,71.0,0.19707896421634513,2.0,0.004284839324245155,68.01660516605166
21.0,0.004216108058928348,0.6157291660130939,850.0,0.5887575183412366,2.0,0.018250323028283055,67.77675276752767
23.0,0.06577197853969946,0.19317669447534136,371.0,0.11495288682912257,2.0,0.07794203069836374,61.7020295202952
42.0,0.00012319082049764982,0.7358201934694691,436.0,0.11536582040638763,3.0,0.06428783487874545,59.21125461254613
77.0,0.00036282236699540174,0.07107693854092856,121.0,0.26479093476760907,2.0,0.07723506094590303,59.66328413284133
21.0,0.0005541483662824335,0.07865189505426873,618.0,0.13971858600006903,2.0,0.052629858142776216,64.04981549815498
180.0,0.004253479933478918,0.47718407738121116,394.0,0.13785503957760786,1.0,0.055276127200065625,62.54151291512915
303.0,0.00010887535161883593,0.7590242754645633,936.0,0.9697812881474343,1.0,0.02759120306549078,62.37546125461254
372.0,0.0047659786051146395,0.8651127158681959,123.0,0.20754034667761534,4.0,0.00218760405605872,54.686346863468636
30.0,0.07609480526273611,0.4949979056102358,286.0,0.4415636917284309,1.0,0.09364385699466307,62.51383763837638
51.0,0.03251344032565109,0.26774013632321336,283.0,0.5915641938015229,4.0,0.014972296121432282,69.19741697416974
454.0,0.014758669475164637,0.29582799280733996,70.0,0.20890485012471122,3.0,0.015044835881031081,61.68357933579336
55.0,0.00012033545529712718,0.2950223884122072,774.0,0.15149946845987905,3.0,0.03085627562553585,60.56734317343173
149.0,0.015405980699669483,0.3583070745327738,89.0,0.12227866535242096,1.0,0.024564084925149877,63.127306273062736
70.0,0.00012793532513129927,0.6299675546935715,607.0,0.10042802660421164,3.0,0.06105891925874017,58.611623616236166
90.0,0.0014490976125713264,0.9735040959693381,516.0,0.1186383304883343,2.0,0.07302526121434774,60.99169741697417
121.0,0.029227220502173606,0.7031154850227861,70.0,0.17614743394537374,2.0,0.014207755250623509,67.66143911439114
108.0,0.09150139607288979,0.11393569681687199,979.0,0.21339972338042984,4.0,0.034010765477377296,53.44095940959409
173.0,0.0014899702282355212,0.9626436639987861,609.0,0.2347593334285299,1.0,0.0004929548300983003,62.37546125461254
317.0,0.028754949952104324,0.5352169700283458,70.0,0.10437953077673194,4.0,0.06826356532382429,53.44095940959409
83.0,0.003908220819091634,0.45002441119612757,863.0,0.18753997049633037,2.0,0.06000334699777022,63.13191881918819
330.0,0.0002925034008880102,0.3462477374101137,373.0,0.6889197736838062,3.0,0.02991696234647741,57.54612546125462
35.0,0.03747331616768929,0.7508174756568315,909.0,0.8512947432168477,1.0,0.021896337306735306,63.25645756457564
195.0,0.012521038550366542,0.8819468309201863,389.0,0.3350859852927285,4.0,0.08624108421998015,53.44095940959409
197.0,0.030090497624717775,0.445412077641982,416.0,0.24640369168667156,3.0,0.028760058285993657,66.5590405904059
40.0,0.05527912860541089,0.08427760844266519,925.0,0.2969557424974936,1.0,0.009358040466438967,63.68081180811808
227.0,0.00013038500121945933,0.05380984284110435,129.0,0.12287519462152038,3.0,0.024668285064923138,53.809963099631
71.0,0.005892363420627818,0.03542831021043058,104.0,0.5773466129533754,2.0,0.02537149815408138,66.9280442804428
280.0,0.003439394693820364,0.12085381220479385,703.0,0.20100184330748036,4.0,0.01547702741735651,62.559963099631
255.0,0.000342695228912047,0.826848769520915,101.0,0.1784781383177797,1.0,0.05985133021700995,55.45664206642067
265.0,0.0004950885243567443,0.24706471238355776,86.0,0.31486014776458976,4.0,0.092984908329357,55.05996309963099
356.0,0.0013291012779671793,0.7844750567894407,108.0,0.12539101202619196,3.0,0.007276536954943378,54.912361623616235
39.0,0.004227872743220051,0.1766434362410626,132.0,0.11350248161464917,2.0,0.019153063730055077,67.37084870848709
19.0,0.03722139391549224,0.25200236401978826,119.0,0.16390022663018322,1.0,0.04365231180302424,62.827490774907744
276.0,0.0007270996607803211,0.1289291714555315,76.0,0.22773065486814975,4.0,0.0035873655979941103,55.101476014760145
118.0,0.009349044279853832,0.050435832798107594,68.0,0.19982516661101565,4.0,0.020423065387000117,59.358856088560884
44.0,0.021768930070940436,0.7588445454845065,156.0,0.4871599802511095,4.0,0.04943799398490919,53.44095940959409
16.0,0.0006723558660895392,0.4910404055528077,317.0,0.3277543153883761,2.0,0.04464620164635687,64.0129151291513
28.0,0.00017669251349199794,0.7089188583769125,327.0,0.26173196921823044,3.0,0.07712432244441893,58.75
367.0,0.004389537462690523,0.4388035546013531,1014.0,0.6362571243033524,1.0,0.09636015925010173,62.34778597785978
78.0,0.0082475491242851,0.5718477674109965,167.0,0.18953944174353132,2.0,0.00642167134320141,67.04335793357934
282.0,0.005685224704456344,0.30349122845050436,723.0,0.43355363934025093,4.0,0.08236181692270193,53.44095940959409
77.0,0.000539713639095797,0.013927956752713855,911.0,0.36180095390417477,2.0,0.04018034832817545,64.60332103321034
173.0,0.001313637214969113,0.006403682406160516,157.0,0.9524403292254106,1.0,0.03632286474811549,62.85516605166052
95.0,0.0026648020017179305,0.18393639459379574,650.0,0.6540108384561601,2.0,0.016638555277538204,66.57749077490774
20.0,0.09757472793504593,0.8428028987403324,272.0,0.668772464592045,1.0,0.09595394366313253,62.55073800738007
21.0,0.004024093871267786,0.7826065206021031,317.0,0.21936504897044237,4.0,0.08519902368039856,53.44095940959409
22.0,0.001148262890187654,0.8829109728571981,280.0,0.1170230863882752,2.0,0.03474722525989613,63.71771217712177
41.0,0.0008369282307599038,0.3540650842167653,105.0,0.37008574929650423,4.0,0.09405531489743651,53.44095940959409
147.0,0.0004197984718624927,0.771466470104044,153.0,0.28011729687549675,2.0,0.003865663378081745,58.6070110701107
501.0,0.001995912115037549,0.9055518925059044,288.0,0.6206246704684077,2.0,0.003988548680191744,61.60055350553506
396.0,0.05815084380211797,0.43563536789856205,217.0,0.5264651880858608,2.0,0.015855967906031776,67.91974169741697
42.0,0.0702562331132109,0.3518856710600422,172.0,0.32460709688639827,4.0,0.027704131327984754,53.44095940959409
231.0,0.0008748679625570322,0.5557411990679182,95.0,0.1190232608071648,3.0,0.035574370193743106,56.3929889298893
19.0,0.0017183629190759314,0.39171862258943857,75.0,0.15706393858925413,3.0,0.03722822266460111,61.87730627306273
212.0,0.00022479337440620422,0.9497725407835782,84.0,0.6069608551206752,2.0,0.0792074836266275,54.8339483394834
47.0,0.06258359409354068,0.4710450863501435,185.0,0.15755388661983116,2.0,0.093385889766029,61.56365313653136
67.0,0.0009602539682854938,0.17104314143466204,523.0,0.444199415055033,2.0,0.044118955524312754,64.16512915129151
100.0,0.0007300738727408241,0.4121464318055994,739.0,0.7354382388280531,1.0,0.09276336990509841,62.32472324723247
26.0,0.014368183701160147,0.8650071399873532,76.0,0.12249306826948768,1.0,0.06217746629834996,62.61070110701107
23.0,0.0034738011043154164,0.5959209736656601,703.0,0.7051628335359155,1.0,0.0034253691728771997,63.81918819188191
34.0,0.03484059845643473,0.6274215422222944,253.0,0.16458551807390887,1.0,0.05873594964174821,62.63376383763838
41.0,0.0005833244176075306,0.1421363548418504,340.0,0.5425945713415987,3.0,0.08387568117472498,53.989852398523986
62.0,0.0015499349185479894,0.9717205995587271,188.0,0.11744269718643345,1.0,0.05323580893296586,62.59686346863469
181.0,0.0006344183270685727,0.7513484224950562,114.0,0.4981200715997182,4.0,0.08686252651068568,53.759225092250915
479.0,0.00021891012035965806,0.26989058177117187,84.0,0.4126269985561815,3.0,0.08773091537681546,52.58763837638376
22.0,0.030812569515368097,0.24677388292283908,883.0,0.2759133419953463,3.0,0.0893855128205598,53.44095940959409
19.0,0.031181169952746685,0.5890474890799532,215.0,0.5447814548980894,1.0,0.04122038387469812,62.87361623616236
37.0,0.0010602269540141006,0.1679899745053769,230.0,0.26143576625363674,1.0,0.06428491551496462,62.51383763837638
55.0,0.0008675708635412115,0.9853087963544613,754.0,0.2675816532053815,1.0,0.006874254320518758,62.88745387453874
31.0,0.0009534020068840492,0.31502628626999596,838.0,0.26539140559050656,2.0,0.05047666668222011,64.1559040590406
440.0,0.012660970955322275,0.6631026113878733,186.0,0.6490291817786443,2.0,0.07746995042759552,61.77121771217712
258.0,0.00018740267611064572,0.5275222956826447,88.0,0.2141783558424083,4.0,0.042743820934659275,54.15129151291514
153.0,0.041440368205812254,0.11500694312440574,892.0,0.1627068698035824,3.0,0.004080555380661222,70.47509225092251
45.0,0.00011731151838361142,0.26506356560750577,110.0,0.15664890560611053,3.0,0.03528700079398788,53.94833948339483
24.0,0.0003541637772102743,0.4611561827923094,202.0,0.26066853171687776,4.0,0.013417529757721786,59.63560885608856
125.0,0.04840991311346305,0.43593378885993883,67.0,0.34063872549711305,3.0,0.0006054708243008707,70.43819188191883
106.0,0.00399154416669248,0.7972212965524512,65.0,0.18340091328574468,4.0,0.07059345546973406,53.44095940959409
133.0,0.0011067444470307009,0.9297395104852905,129.0,0.12588999674605694,4.0,0.08106329421698504,54.15129151291514
133.0,0.024287335207170777,0.16457462524340738,147.0,0.35143844963221377,2.0,0.048206473288093084,63.9990774907749
62.0,0.001582752197722642,0.1755924719507771,78.0,0.26079442586857465,1.0,0.07626058448113883,62.46771217712177
154.0,0.026551234921522282,0.385740586463589,363.0,0.29908939195443307,1.0,0.06265751252339083,62.53228782287823
17.0,0.0008349214868700762,0.792796321931629,128.0,0.36297569365333354,4.0,0.0645339288378718,53.44095940959409
35.0,0.014532775141902203,0.7022122746151029,159.0,0.8507623288509061,1.0,0.07526342224132707,62.52767527675277
139.0,0.02886073415711142,0.13937651587857947,354.0,0.7288857605202403,4.0,0.07902321466892198,53.44095940959409
291.0,0.012653698367436888,0.707189698810658,560.0,0.21425672871924095,4.0,0.07610839472963578,53.44095940959409
23.0,0.022348750107747957,0.9204548598824769,237.0,0.3238792528082986,4.0,0.06991065669928805,53.44095940959409
21.0,0.00029552469372471154,0.9449026807189821,514.0,0.31438444330284526,3.0,0.03694098734134688,55.336715867158674
221.0,0.00011864242405039389,0.16673131761969695,432.0,0.1400526693460959,2.0,0.020441176451573093,57.08025830258303
180.0,0.042034707423302516,0.8719355899421226,468.0,0.1554982666352658,2.0,0.07387444457547904,61.65590405904059
25.0,0.00011561705587928899,0.9807022787820973,156.0,0.733384727674464,1.0,0.03853403883978643,62.44464944649446
379.0,0.0001318153300854013,0.6300712149931569,261.0,0.5371940665330334,1.0,0.06663843264547545,51.033210332103316
127.0,0.0005946545299184204,0.6154655509690764,163.0,0.4393595822281822,3.0,0.009219836016673111,59.391143911439116
53.0,0.0014805565704600924,0.8407331430451211,906.0,0.19245455789184882,1.0,0.06875029505809237,62.5
23.0,0.07701691680949181,0.6024855295706181,843.0,0.30889546243580596,1.0,0.0994140266147038,62.55073800738007
193.0,0.00010207182611336624,0.11957877183687404,184.0,0.26467728183463823,4.0,0.03515273882818206,49.14206642066421
76.0,0.07496622353387906,0.39484733190442034,118.0,0.5897355301420475,4.0,0.07788096961776451,53.44095940959409
69.0,0.006958640356216073,0.5593599194918627,153.0,0.2100293108876486,4.0,0.07980663020575726,53.44095940959409
85.0,0.00018749704799474935,0.5873546092522843,267.0,0.10526262916177952,3.0,0.018746075491384864,55.78874538745387
260.0,0.0003698764563480972,0.4549835964851152,446.0,0.7426339239441013,2.0,0.08101378353468432,62.09870848708488
16.0,0.00013834572283092086,0.7440639891017659,260.0,0.3468641769742458,3.0,0.08217492293227775,58.6070110701107
221.0,0.016606626646488074,0.46661301322662674,311.0,0.21642150040049832,3.0,0.08398091885610201,46.55904059040591
283.0,0.022095244950811513,0.47614183421583467,728.0,0.2214215644150458,4.0,0.08153465286766746,53.44095940959409
48.0,0.07084008037440591,0.14493475181456206,622.0,0.21624578689102084,1.0,0.015152737232314032,63.45940959409594
23.0,0.0002562865626673274,0.3813257209198604,416.0,0.20075408604833897,4.0,0.046457168537600554,59.24354243542436
214.0,0.008504134588933638,0.8450474550319274,195.0,0.1462414866923166,2.0,0.044453802863014244,62.647601476014756
383.0,0.010870640529940438,0.13358579480984623,79.0,0.18578234273475336,2.0,0.07503234685443,61.7619926199262
91.0,0.0029421712082107806,0.07870067204084863,111.0,0.8689937532206419,3.0,0.020654416108653276,67.87361623616236
159.0,0.019164866543765736,0.3809161143740649,383.0,0.5564188810561247,1.0,0.0943247284946743,62.36162361623616
148.0,0.04255329698458006,0.11409689240982801,385.0,0.17694385164883705,3.0,0.03386493953189446,65.86715867158671
304.0,0.003758958115592195,0.24759953246609623,501.0,0.5856915100297763,1.0,0.0919039783241634,62.3570110701107
59.0,0.04268559013373534,0.23107148460044302,112.0,0.12934049610490136,4.0,0.05992761057737181,53.44095940959409
28.0,0.01793326303975733,0.39934240149440337,978.0,0.4486405524147495,4.0,0.0719705307084294,53.44095940959409
53.0,0.0002855118912082086,0.8979041946264892,130.0,0.868516418925222,2.0,0.05817131241133115,61.821955719557195
112.0,0.00021299404199577447,0.021966363362830865,258.0,0.974631226077477,4.0,0.0704964071133618,53.44095940959409
66.0,0.07636215334672039,0.005249880635400994,223.0,0.12909462551223605,2.0,0.002908446568493526,70.97324723247233
47.0,0.0004607403777949577,0.23163585039393642,139.0,0.12033766713503238,1.0,0.09425562417292505,62.2140221402214
47.0,0.0008135590177834346,0.9037519675880364,534.0,0.3728643106894528,4.0,0.029001206241080935,53.70387453874539
17.0,0.00038030663541833087,0.5021303411637436,523.0,0.11148514555224026,4.0,0.002931209922910787,63.39944649446494
54.0,0.004040218145466545,0.5666554279501345,157.0,0.7400197016168809,3.0,0.08368750565657838,53.44095940959409
21.0,0.0015608144853998314,0.980375449808227,76.0,0.22649655228893892,3.0,0.007108544860908983,54.03136531365313
374.0,0.00120989669224957,0.9257114161081093,277.0,0.521322011270976,1.0,0.06331767773154144,61.86346863468635
43.0,0.003381795844297651,0.6117586332816706,74.0,0.14216428072004517,1.0,0.03073773340841223,62.988929889298895
32.0,0.016373237825508445,0.09074200099074459,112.0,0.8448789513603117,4.0,0.08661098145109848,53.44095940959409
205.0,0.001455351430403857,0.8189283109048417,409.0,0.16832002975048346,1.0,0.09248251222040052,62.0249077490775
46.0,0.008781215832123095,0.29453893604825887,282.0,0.32986537673571026,2.0,0.0003046291045504282,68.93450184501845
143.0,0.00032444152005065344,0.48503909699094894,131.0,0.38056890710185126,4.0,0.08196539024339149,53.321033210332104
181.0,0.0008500144181955234,0.7797661755944068,169.0,0.27455310289113705,3.0,0.028976062260066982,55.60424354243543
434.0,0.00018318876162129127,0.9404407389462937,73.0,0.367362682819883,3.0,0.016450435497672444,52.32011070110701
112.0,0.00022117021369173594,0.5281515719474892,395.0,0.17203176716660498,3.0,0.03471905368975929,56.914206642066425
37.0,0.00020337549906327388,0.7234803326786893,570.0,0.40692071076324293,2.0,0.03824802566897584,63.37177121771218
53.0,0.0025238822859106297,0.6181671293797661,203.0,0.22376223068241255,1.0,0.06191407008636274,62.559963099631
73.0,0.00039926040255588914,0.5413127229940822,771.0,0.1422148145034594,3.0,0.0538580934039011,61.31918819188192
54.0,0.004881816087773341,0.09057722634793197,679.0,0.8717096158339961,1.0,0.06933016610158621,62.47693726937269
88.0,0.0007666056351970288,0.5864108749811116,337.0,0.5146829494237153,1.0,0.09246787026739321,62.315498154981555
24.0,0.0158472005438507,0.655827339078744,335.0,0.6261158157997165,2.0,0.09751555176188745,61.185424354243544
55.0,0.00493748148851389,0.6211116289182069,70.0,0.4512903531462327,3.0,0.07171299160742796,53.44095940959409
211.0,0.015560194414866826,0.921435164121691,524.0,0.3830208162490755,2.0,0.05053387967907143,62.952029520295206
28.0,0.0001990469025231543,0.6641497578578361,567.0,0.8928527472273479,1.0,0.0497746245407771,62.69372693726937
55.0,0.004887257459544341,0.6273563456015431,699.0,0.12434772712876209,3.0,0.06360661459855414,53.44095940959409
27.0,0.002014826053385353,0.015414245964032736,143.0,0.160493207820099,4.0,0.09309866808178786,53.44095940959409
49.0,0.00040166575817302805,0.49241402841176496,80.0,0.41559569041887723,1.0,0.04700382347110753,62.38007380073801
24.0,0.07314712369707929,0.7013787100622111,80.0,0.5173346843813184,1.0,0.02295888097388103,63.24261992619926
273.0,0.001143093958142823,0.9778653558309311,339.0,0.15750387287879572,3.0,0.09859130635234901,53.77767527675277
73.0,0.000313607044359162,0.3757256935343154,230.0,0.22913268058844038,3.0,0.040070645024740656,58.94372693726937
69.0,0.00013217653438518843,0.6189812910301199,552.0,0.2031248426945926,3.0,0.02631907155016155,58.297970479704794
414.0,0.012924113950311195,0.8834448993762736,116.0,0.1271029623757366,4.0,0.03630341682860068,53.50092250922509
84.0,0.010709909158986968,0.268448081170902,395.0,0.19323616281660116,3.0,0.045285049618131484,61.480627306273064
284.0,0.010573783723419872,0.858840323029148,159.0,0.3274043414472607,1.0,0.03160291792012958,62.928966789667896
45.0,0.008014075452250965,0.8090248972289872,449.0,0.732386960116838,2.0,0.03369549734119717,65.60885608856088
110.0,0.030669185758884752,0.42330746295453325,457.0,0.356685721733014,2.0,0.050303439422163775,63.65313653136532
104.0,0.0002893362969297561,0.4171069344245365,240.0,0.20476340931645695,2.0,0.08127916086778814,60.53044280442804
151.0,0.0336351738666833,0.43528357866303535,284.0,0.6507488827304182,3.0,0.08077326598907267,53.44095940959409
21.0,0.0016240457093457184,0.5468127629222098,796.0,0.24228614632351012,4.0,0.01078824002809914,66.35608856088561
22.0,0.00010139803056234471,0.9250037018616327,165.0,0.17161940789069774,2.0,0.023786794098636377,59.43265682656826
480.0,0.00040451342217333704,0.8212478495824954,383.0,0.3088585962415984,3.0,0.013864447570634321,54.677121771217706
26.0,0.07069053886087903,0.12281213937646274,538.0,0.14844495945513173,1.0,0.04125671135960202,62.84132841328414
63.0,0.0012023904172884597,0.6633655298791383,64.0,0.3444987861691383,4.0,0.05538067525069943,53.44095940959409
231.0,0.00019624588369458808,0.11811599338176759,314.0,0.2833941410463345,3.0,0.0021013711074698463,53.828413284132836
36.0,0.00036756968091006015,0.9125102657015965,471.0,0.3094181698216474,2.0,0.04865333466593889,62.04335793357934
26.0,0.00036675902417211074,0.4238757497952952,88.0,0.910324622870543,3.0,0.009747247647733694,67.96125461254613
193.0,0.0003498172318112523,0.25445696661259787,235.0,0.2032538696117931,4.0,0.02762025359606447,51.03782287822878
81.0,0.0001075738651146121,0.5474544776358078,270.0,0.18593220547612857,1.0,0.040732680060952334,55.29520295202952
164.0,0.01137535793566576,0.2131389265762489,185.0,0.17599101687150243,1.0,0.03628973109361614,62.882841328413285
47.0,0.00822684005246718,0.9245629989172476,204.0,0.12398134127603742,1.0,0.051529400664591524,62.7029520295203
333.0,0.005064535771843766,0.46160316932517165,529.0,0.14836400037835756,2.0,0.09622050511949785,62.28321033210332
18.0,0.0007225674456382637,0.6387680860361484,86.0,0.39830818525654493,1.0,0.08161526941412929,62.45387453874539
494.0,0.0009728868244350338,0.19608926533204352,213.0,0.5242654373897977,3.0,0.006555437986605685,57.26476014760148
348.0,0.014711546072872547,0.10263306972996566,89.0,0.11170507303529624,2.0,0.08593945207242368,61.51291512915129
48.0,0.0003739100405356729,0.08038780413933244,190.0,0.11196041732787505,1.0,0.013772295943883017,62.2140221402214
18.0,0.00022790650718781426,0.49544085228434,194.0,0.10405150388775633,3.0,0.07421575634467908,59.70479704797048
35.0,0.0014141424092021537,0.09521489099768221,257.0,0.18094515493117888,3.0,0.06420031987973183,53.4640221402214
26.0,0.028763422735332878,0.18841878216480268,838.0,0.30034374357351457,3.0,0.026347305802038787,67.00645756457565
256.0,0.03435447198788095,0.032197088484124725,236.0,0.20649050402813937,1.0,0.0017301678650139085,63.888376383763834
39.0,0.0001614344721959006,0.7121505998520163,169.0,0.5098694451301666,3.0,0.054494164726033203,58.274907749077485
35.0,0.0027182371291792837,0.005825094591977553,341.0,0.9446388450014015,1.0,0.06037490331815936,62.61992619926199
477.0,0.0013308495120138361,0.771825586259637,932.0,0.3502265702280095,1.0,0.04914982577276557,61.148523985239855
16.0,0.0019443265935068803,0.8973478351231601,773.0,0.5277389124888466,1.0,0.024702864681430577,63.22416974169742
64.0,0.02144945146888194,0.0005357532658690767,166.0,0.7272234851453832,3.0,0.09649510553951975,53.44095940959409
25.0,0.00011403696385549614,0.6396159466643156,69.0,0.3110195206741196,2.0,0.04562687619299049,59.28044280442805
27.0,0.0002722146594661511,0.612828795159946,65.0,0.19651089856108903,2.0,0.06450585098412819,60.0
155.0,0.006631572051856915,0.45943118536817973,461.0,0.6388024843193066,2.0,0.04533996921307258,64.17435424354242
216.0,0.0011993878369071461,0.86674156929713,855.0,0.21311016991520887,2.0,0.06221028824718564,62.73523985239853
24.0,0.0016726873354348149,0.35677721750081914,196.0,0.41196588577317267,4.0,0.05066920640628764,53.44095940959409
31.0,0.0037334489492045846,0.6476050324594823,617.0,0.5451923445761495,1.0,0.02356298802988799,63.25184501845018
25.0,0.0012091477814142053,0.8177775665459356,239.0,0.39629298707994626,1.0,0.02142108992511344,63.29335793357933
16.0,0.0035201418675424316,0.442113005246098,123.0,0.41398863015182946,3.0,0.01984132043453063,67.96586715867159
184.0,0.00013449066076564925,0.9628177589295014,391.0,0.49626136623761186,4.0,0.05774568201224504,53.45018450184502
62.0,0.001099110547251396,0.8273879884810169,131.0,0.15618213757588345,2.0,0.09150807703439083,60.75645756457565
18.0,0.0004951998880906239,0.8734567134054094,175.0,0.7977544046013971,4.0,0.015159910326619785,53.445571955719565
78.0,0.0022428283783924585,0.9015820195541058,126.0,0.14476896714355214,2.0,0.02607128916947055,61.66051660516605
67.0,0.002668719448998018,0.21558051267057132,391.0,0.25788716661544364,1.0,0.03487052612985978,62.859778597785976
212.0,0.000470148760245251,0.059479986108802674,69.0,0.7976086975706255,1.0,0.07103222881626489,62.20018450184502
346.0,0.000612212414831786,0.8994689436850818,800.0,0.3982004220627103,4.0,0.0009501602623894169,56.134686346863475
103.0,0.02026417500279864,0.44873360762886993,178.0,0.8870914667412246,4.0,0.08021511397337262,46.55904059040591
68.0,0.012901751448600975,0.5873181686551205,904.0,0.12779025935639432,1.0,0.0692006858089058,62.50461254612546
124.0,0.00037395820915152615,0.8030493324567602,94.0,0.12592486500103542,1.0,0.08023090815435839,60.56273062730627
123.0,0.010505590853799384,0.4761750072336912,979.0,0.6130374011439844,1.0,0.09912823578564782,62.37084870848708
43.0,0.012235583185254488,0.3369192266025053,951.0,0.34074540835634454,2.0,0.0724440027207417,61.72047970479705
422.0,0.03754324664711668,0.8528130013592717,65.0,0.3969607545677229,3.0,0.06694108307636056,53.44095940959409
71.0,0.03134938311623776,0.5435422925081297,173.0,0.2769791088340283,4.0,0.06577023317039464,53.44095940959409
195.0,0.010840873461248466,0.1503281110903708,221.0,0.8620962978530208,1.0,0.046686000586450616,62.7260147601476
80.0,0.05233373637197388,0.4449963757515165,376.0,0.45532460622177046,4.0,0.09443128191331729,53.44095940959409
23.0,0.010226755420996433,0.23697119867437388,659.0,0.16508883311096856,1.0,0.09376294851764405,62.44926199261993
190.0,0.0032056156821663705,0.3322955945896471,907.0,0.3950217301248306,2.0,0.03170434075922131,64.78321033210332
334.0,0.0013054565198543726,0.13329024640260267,105.0,0.2075938640224685,4.0,0.018916481947854266,49.50645756457565
287.0,0.05946226251151875,0.632876266117468,551.0,0.7386184283947992,1.0,0.040903944597232116,62.813653136531364
166.0,0.09018215072137248,0.5460007577844835,982.0,0.23552829805439962,1.0,0.04491211151095989,62.73523985239853
484.0,0.00833840837317613,0.3774068929434119,1010.0,0.5214714580455588,1.0,0.015970000134620632,63.164206642066425
294.0,0.021472971014812638,0.13037113543108503,115.0,0.519458349513764,1.0,0.006166719924463825,63.745387453874535
231.0,0.011135212915405304,0.06784233698759268,158.0,0.40883026551213664,3.0,0.06467401706714584,53.44095940959409
361.0,0.0031217920657108287,0.10630375300508355,244.0,0.12834866712653722,2.0,0.05209134304800419,62.37546125461254
132.0,0.017213420863759533,0.22541357248724703,124.0,0.6013372267769711,1.0,0.09491021360927225,62.36162361623616
179.0,0.0006207194706671208,0.6204050964998576,215.0,0.6306238579017042,4.0,0.03897259338186038,57.29243542435425
108.0,0.001766527842443287,0.9503424302821183,167.0,0.5268791259759693,3.0,0.020749520206628836,54.55258302583026
138.0,0.0006114420428510299,0.9716717604997971,140.0,0.23834196347145634,3.0,0.014103143881399957,53.459409594095945
148.0,0.0007296865458137066,0.950255086891871,480.0,0.1018104441750443,1.0,0.014682959055860723,61.54059040590406
261.0,0.0038462703822993963,0.8724213689675433,173.0,0.2824070492961596,4.0,0.0450715898814538,54.003690036900366
243.0,0.0005285770494942979,0.7017163151346056,159.0,0.6958278655903619,2.0,0.09846446883666134,60.313653136531364
50.0,0.0039104086444899456,0.30091482346303133,724.0,0.1151163929543781,4.0,0.08146443595669735,53.44095940959409
74.0,0.0001816918598365204,0.13950933723083103,196.0,0.1057578045626962,4.0,0.035849575916711764,48.84225092250922
192.0,0.004617628343116336,0.5235023555021298,182.0,0.33149955787417074,3.0,0.06106521985939525,59.94926199261993
183.0,0.0009940230849940323,0.7006513628564561,132.0,0.3413346799425827,4.0,0.09214379842937341,53.55627306273063
79.0,0.011020392423907626,0.715720233072753,1000.0,0.6289481086287046,1.0,0.00681013078288884,63.708487084870846
20.0,0.0024628515353027377,0.33494299411687645,177.0,0.10907238390923765,3.0,0.006574267492947182,67.9059040590406
99.0,0.008625679741375769,0.16335436356818256,1001.0,0.13782132030078012,1.0,0.004963905343319721,63.768450184501845
196.0,0.0005032350914289751,0.85655918946167,352.0,0.6757713655649024,1.0,0.0015939797535877182,62.09870848708488
128.0,0.010322639795368294,0.5789746008347765,163.0,0.13120394466970114,4.0,0.04273540352720101,53.44095940959409
66.0,0.005409292806641444,0.5683114733695185,469.0,0.18551177301309907,4.0,0.0245618990467356,62.6429889298893
60.0,0.05453283026737128,0.9765080672103134,479.0,0.3758390115220188,1.0,0.09557611660375924,62.43542435424354
65.0,0.0011290303086263819,0.4885609898018295,128.0,0.3234150759018086,2.0,0.06836685261311046,62.02952029520296
48.0,0.02170432590550778,0.41063325043514554,111.0,0.1068884469125329,3.0,0.035681552013897916,63.593173431734314
41.0,0.003355936460909683,0.36855192685336513,381.0,0.33225340873817666,4.0,0.08408068042531128,53.44095940959409
71.0,0.011860242909987075,0.9734520364605261,360.0,0.16365400369396335,2.0,0.005330349610746555,64.33579335793358
30.0,0.021873960541613266,0.6221087710398319,215.0,0.18681114899442386,4.0,0.027653660871758242,53.44095940959409
197.0,0.00018466079129683563,0.720655580785411,529.0,0.13882255797035517,1.0,0.032753989837561115,52.440036900369
398.0,0.0007120215698937775,0.39130937854767944,201.0,0.61292904687502,1.0,0.009555020897590532,61.194649446494466
507.0,0.02774563895543104,0.123214537966023,89.0,0.2847870370460261,2.0,0.0490436444107846,63.57472324723247
305.0,0.0006950566850000972,0.6459241022451213,193.0,0.10774791510827594,2.0,0.08467631391179255,59.16974169741698
495.0,0.0015025181473106936,0.4153194490946318,832.0,0.6684264028150589,2.0,0.09903603218730733,63.18265682656826
161.0,0.00028336081183962463,0.8138730615618255,671.0,0.9270003529906802,2.0,0.09263460285016874,61.692804428044276
50.0,0.05265058377846685,0.870821335790198,110.0,0.11657441058448292,1.0,0.08000057621865433,62.46771217712177
44.0,0.020610249054182777,0.5010466660824857,318.0,0.5106069314520113,2.0,0.09892410903392138,61.056273062730625
480.0,0.00015501878777671106,0.07393911919192275,722.0,0.46188789163228744,1.0,0.0308993997808819,50.382841328413285
18.0,0.0029224710960362877,0.17730070800565967,75.0,0.187918075417759,1.0,0.02616216696638528,63.19649446494465
121.0,0.00019796453385352976,0.31585926900922434,109.0,0.22717805664485582,2.0,0.09580174955821742,56.41605166051661
83.0,0.00013278823154000915,0.31486797165427016,445.0,0.1382832320268903,1.0,0.031721949536985206,56.35147601476015
37.0,0.00021129893896140197,0.23650401143287414,158.0,0.1889235598543584,2.0,0.02270207488712232,61.84040590405904
466.0,0.0002875443013104362,0.27723377976656405,1017.0,0.47107488864983227,1.0,0.07891456423381694,52.96125461254613
36.0,0.00014937526585718968,0.7043462234084277,295.0,0.20487212333255375,2.0,0.0032946944703369585,61.91420664206642
251.0,0.025779417558056676,0.3606363241475058,649.0,0.3101814354623188,3.0,0.09509166871668444,46.55904059040591
61.0,0.05707780505987721,0.3436766121223216,894.0,0.23390315619020785,3.0,0.0461840966492554,53.44095940959409
27.0,0.00020425267484485075,0.5612311615972906,138.0,0.23115481366221227,2.0,0.059125725375766304,61.005535055350556
282.0,0.022246833342632312,0.6430227908479803,138.0,0.1786659928187256,1.0,0.013854646212021707,63.45479704797048
26.0,0.031240377602615502,0.48885497920484,401.0,0.2617280254730298,3.0,0.033031850036816454,65.7749077490775
461.0,0.004851457696333679,0.9340609231607762,90.0,0.3390869424330633,1.0,0.08928033457755852,62.30166051660516
238.0,0.0016680938666941239,0.7931272466152949,182.0,0.11751932070932543,2.0,0.09100784342391113,60.138376383763834
502.0,0.0001350522217232476,0.6291020060074469,333.0,0.33529171728597007,2.0,0.08622342660422501,51.642066420664214
246.0,0.00015475542940371798,0.2596127059732134,952.0,0.7242581899853985,2.0,0.026380131096697432,62.78136531365314
179.0,0.016368023061180494,0.32253700532986185,114.0,0.2968328995121861,2.0,0.05713883824923507,62.18173431734317
34.0,0.002876883053296153,0.33636494884660506,723.0,0.125379733825633,4.0,0.027386902905217538,64.33118081180812
70.0,0.0007808870002271899,0.6495174854009923,150.0,0.6031829423762327,4.0,0.0856556521618866,53.44095940959409
24.0,0.0005400596650981046,0.44585458844915404,712.0,0.1357562532673252,4.0,0.07328109627142282,53.44095940959409
37.0,0.013123087469649875,0.4760245891039594,123.0,0.1989088031271892,3.0,0.0956947268327017,53.44095940959409
39.0,0.00019451779108776624,0.4445025774978285,427.0,0.8465297445566257,2.0,0.0032292350600515857,65.00461254612546
304.0,0.0003629958426719527,0.02324182600733371,326.0,0.5771849191755816,2.0,0.07080590165342773,60.2859778597786
20.0,0.005375244737492065,0.7349101793606325,442.0,0.7419755874745376,2.0,0.047125244764284945,63.92988929889298
233.0,0.0032139186305348167,0.7579072032518254,191.0,0.24536825012473015,2.0,0.038563073421728045,62.08948339483394
20.0,0.0003910078150847652,0.5700928315904704,104.0,0.16839445584650137,4.0,0.02289997486123608,56.79428044280442
21.0,0.0005439402508741004,0.7850293433500883,385.0,0.6766532399530363,2.0,0.04569676380928364,63.713099630996304
34.0,0.0018840358433462273,0.36005955388589483,669.0,0.6428301543522904,1.0,0.06605321864915899,62.53228782287823
53.0,0.0032239591072773756,0.7404254845345044,200.0,0.14823406189097407,2.0,0.031596579623105234,64.62638376383764
283.0,0.013522479471643123,0.4403752928182746,849.0,0.7033620737684672,1.0,0.04888901291229131,62.71217712177122
163.0,0.022476365397811587,0.17276437178634596,645.0,0.5686517810516414,4.0,0.03571530228676503,46.55904059040591
454.0,0.00010921967692820945,0.6078045649054052,588.0,0.20364443996239798,2.0,0.06501301963629741,55.73339483394834
84.0,0.0041350876637955,0.8680919626500564,110.0,0.1183690243571268,2.0,0.013166048838290503,62.89206642066421
403.0,0.0007191716398676533,0.397386094624112,86.0,0.4768883043806147,3.0,0.09542374828584496,54.861623616236166
16.0,0.0003606347551040389,0.3761933960406203,117.0,0.7569417666472639,1.0,0.06801069060876166,62.55073800738007
102.0,0.0024728820162808235,0.36011065745768256,364.0,0.9031388410856181,3.0,0.04269963002207161,61.83118081180812
71.0,0.00034169569689936654,0.6162720683006743,688.0,0.7092418382814294,1.0,0.03883458841315427,62.440036900369
48.0,0.0033767890195231403,0.846598092341357,105.0,0.3252248731520122,3.0,0.030153888173867688,60.73339483394834
299.0,0.007207036913616481,0.7898289635254122,494.0,0.8537034124266338,2.0,0.0707363641512089,61.69741697416974
342.0,0.0006423707413581109,0.20814524248518673,345.0,0.11222630051380367,2.0,0.05291582627741617,59.903136531365305
57.0,0.0024144276426794338,0.28398129386512927,519.0,0.2611809755008068,1.0,0.02157231501833285,63.22416974169742
29.0,0.059812213790915995,0.7963190825116033,76.0,0.31298987038380865,1.0,0.05941558466718196,62.66605166051661
40.0,0.02701634000106504,0.4508269338211869,73.0,0.11581652614710584,3.0,0.030682983583932653,65.13837638376384
30.0,0.012477593245239943,0.3139235959354949,382.0,0.16113278834074093,4.0,0.004569872316221381,71.28690036900369
70.0,0.000292027149089111,0.9095718168537031,266.0,0.17448827204511838,4.0,0.02051668480639155,53.37177121771217
150.0,0.08244696354179583,0.8841454144263462,640.0,0.38677592130542515,1.0,0.04374346177045287,62.80904059040591
26.0,0.0014193894431641253,0.8651172709365001,282.0,0.4325737244251786,2.0,0.0595517387387923,62.01568265682656
26.0,0.0077021766535827554,0.95568355940612,324.0,0.42047473358052606,1.0,0.05870957561631822,62.60608856088561
20.0,0.002910455492082784,0.584856779142123,502.0,0.2830918611579027,2.0,0.010837779018882278,68.24261992619927
138.0,0.08772085324944616,0.06823783037184838,244.0,0.310145583098465,3.0,0.008727147542114629,70.47509225092251
313.0,0.038061761135376855,0.7239769407191267,719.0,0.10883987737322483,4.0,0.042763451430327046,53.44095940959409
34.0,0.0027839976849034524,0.11226456866786516,299.0,0.691030334179836,2.0,0.03488629394854239,65.84409594095942
34.0,0.00012649532630424715,0.8488923200375982,724.0,0.20084412150746983,1.0,0.04161710145845073,61.291512915129154
31.0,0.0023613081923545185,0.29398536200158154,237.0,0.21960306209082073,4.0,0.01966527393438341,61.023985239852394
497.0,0.0575390652916591,0.7489554231723329,235.0,0.4597106141554459,2.0,0.007507946249528899,68.20571955719558
263.0,0.006440489138053788,0.42760387582508097,74.0,0.16641130591835807,3.0,0.044085239765475855,59.49261992619926
277.0,0.04527399512105545,0.18820860176693832,556.0,0.3975349563615007,1.0,0.08525629690470506,62.43081180811808
115.0,0.0003576499707234883,0.6092144305596576,86.0,0.1255304076924734,2.0,0.05246783720354388,58.39944649446495
55.0,0.006246851321807671,0.510661588834961,259.0,0.6007174952313618,4.0,0.08161854834374803,53.44095940959409
446.0,0.021760225241576277,0.4153950483050066,136.0,0.3956719168215514,4.0,0.03656449861912281,53.44095940959409
35.0,0.006336798093972896,0.21486927141017342,558.0,0.35558850107612255,3.0,0.06071504024509656,53.44095940959409
17.0,0.004968926050063912,0.32389240421663523,656.0,0.10750695142749907,1.0,0.07935947846029642,62.51383763837638
128.0,0.004375108981794058,0.7099635272142831,288.0,0.28767912694483483,3.0,0.0930947332822522,53.44095940959409
447.0,0.002922637163890293,0.823873620067043,789.0,0.8156102299010551,1.0,0.009716319489255516,63.27952029520295
34.0,0.009044360738892487,0.05168748527322009,321.0,0.2864459347192101,1.0,0.0005658791323097362,63.976014760147606
231.0,0.00023260040804059964,0.058341924919771526,450.0,0.11099987230800622,4.0,0.06405419787110005,52.43081180811808
39.0,0.0009183360253428176,0.1586839721544656,138.0,0.3281936219557926,3.0,0.026201673127258816,62.49077490774908
130.0,0.0014227875345856058,0.9758732033955954,71.0,0.2552380102312544,4.0,0.028679965716206977,53.45018450184502
43.0,0.0004313198751449506,0.23048317708574062,781.0,0.18182892206599194,2.0,0.008073743819627215,64.77859778597787
444.0,0.0009388341242787542,0.7786898336037921,89.0,0.51343926339863,4.0,0.07071069746844384,54.84778597785977
90.0,0.028305893376106478,0.8840712826204833,687.0,0.1694676701486253,1.0,0.09213714184821818,62.3570110701107
163.0,0.004324647645656841,0.03537609128184116,133.0,0.15873639263026335,3.0,0.023841778893538373,63.06734317343173
236.0,0.05498483055344008,0.5858302466046819,366.0,0.136853225363213,2.0,0.09261789197552664,61.68357933579336
124.0,0.06827941613547663,0.40368776091463054,469.0,0.25329361270397005,4.0,0.08471467208879889,53.44095940959409
28.0,0.0005161592465204808,0.5188210166199412,370.0,0.2820356803419703,2.0,0.04553378945508273,63.662361623616235
393.0,0.0014967378335528916,0.357392766090714,79.0,0.5212671248152355,2.0,0.09038195805075973,59.80166051660517
205.0,0.02613018413814771,0.788018385344876,336.0,0.8276346800417832,1.0,0.03541475823918267,62.89206642066421
21.0,0.011550353997454658,0.410178602399218,223.0,0.41848551506971804,4.0,0.012064216085734545,69.68173431734317
32.0,0.021240654659722875,0.4810013706563735,218.0,0.1314859815791188,1.0,0.02619462908109957,63.13191881918819
25.0,0.0004455073445570313,0.09031889883013833,233.0,0.12682833396643212,3.0,0.01365560585168717,63.40405904059041
31.0,0.0011276659715398721,0.4933728547502104,76.0,0.16452601048974874,2.0,0.009126324778581007,63.980627306273064
29.0,0.0002875109641572472,0.6323381596459681,350.0,0.31675720880341535,2.0,0.0676607080372966,62.66143911439115
72.0,0.09603450376446994,0.7659132612764064,176.0,0.8441199103273271,1.0,0.025786141074181035,63.11346863468634
140.0,0.0006108442033409166,0.24575010003977416,558.0,0.3969582146438706,3.0,0.08913249851700931,60.59963099630996
149.0,0.0049580609378014,0.059778727194286785,151.0,0.10154613632280089,4.0,0.016579368142397688,59.566420664206646
16.0,0.0006755491445628243,0.43813927148411114,76.0,0.7314441422509536,3.0,0.014478904716795726,67.68450184501845
174.0,0.0003683985878706621,0.921095863104869,185.0,0.6612775229950729,2.0,0.05652729523414048,59.81549815498155
18.0,0.0003573378207742404,0.13444043922829318,237.0,0.41703055929872884,1.0,0.015538877834498952,63.141143911439116
17.0,0.0195668907565081,0.7352564181857965,80.0,0.1468642774488384,3.0,0.021195231913421424,66.9880073800738
389.0,0.014418231047225212,0.06653922708547844,104.0,0.11463102556978698,2.0,0.014804189483536496,65.3459409594096
344.0,0.00011716245239255832,0.045711540976251186,401.0,0.20187701492439403,3.0,0.07136135262928114,50.72878228782288
73.0,0.008053913345908076,0.04659155770508383,110.0,0.6773050967049239,1.0,0.09391471733594633,62.38007380073801
29.0,0.0005391304805876928,0.16997131067347415,71.0,0.2343503415318879,3.0,0.039853908299744355,58.95756457564576
58.0,0.0020472843671483446,0.14796869732484963,132.0,0.5187974713614303,4.0,0.026233741353009304,53.496309963099634
18.0,0.0007699036453749691,0.07457599890331801,912.0,0.157846415121595,2.0,0.022873026423906647,65.66881918819189
68.0,0.0001891508086180423,0.9300495815702631,190.0,0.1830208610946322,1.0,0.06904423018316648,60.54889298892989
21.0,0.002674332199730583,0.8253260221852543,753.0,0.10736856768077048,4.0,0.08288788902850301,53.44095940959409
63.0,0.0004093631431565257,0.9766123318053627,870.0,0.1958022700489184,1.0,0.0707419864448976,62.00184501845018
92.0,0.005726680676825539,0.4846874106785002,215.0,0.7455006049559696,4.0,0.03268473395649708,53.44095940959409
75.0,0.005414680594668724,0.49043404306141436,543.0,0.8164795324282355,2.0,0.038309751827823,65.22140221402213
286.0,0.005258729234777544,0.6094511845342839,343.0,0.15390405385370318,4.0,0.0891604338493766,53.44095940959409
19.0,0.027175081912293245,0.41362131130837143,171.0,0.4233657842778185,2.0,0.04366753181097176,64.38191881918819
73.0,0.00017868640615071205,0.6854433501821101,961.0,0.18027799173177145,3.0,0.056985805534836925,60.66420664206642
186.0,0.02547776254982008,0.3697221047111777,80.0,0.27236743729372376,3.0,0.03775870115760694,53.44095940959409
375.0,0.00012214348907644122,0.7688706772949173,561.0,0.8374065751283305,2.0,0.0944846457151055,61.4160516605166
347.0,0.0019789233291904627,0.46244244440815907,70.0,0.25587533982011246,3.0,0.09412994450767151,56.0239852398524
63.0,0.030160903071080023,0.3951192812990535,69.0,0.28831635966914254,2.0,0.06702863538521829,61.81734317343174
88.0,0.06718876126034894,0.8752976335611441,812.0,0.3469095016016861,2.0,0.09836798914355903,60.96863468634687
47.0,0.012172626971413712,0.5907372472544516,293.0,0.12446157851170664,2.0,0.022644820798789003,67.08948339483395
107.0,0.00011041770258774717,0.01771908028029523,101.0,0.3276725535980763,4.0,0.08595743987441835,46.55904059040591
28.0,0.003714221481764932,0.8046077881199618,995.0,0.49597900638063996,2.0,0.04977732201705765,63.70387453874539
175.0,0.009726275411394225,0.9633126727545691,260.0,0.173278217068673,2.0,0.033177729830925075,62.61992619926199
201.0,0.0026531731388331273,0.7201310607666856,276.0,0.3593850979757063,1.0,0.02525158193460396,62.670664206642066
16.0,0.0031376264683401233,0.7732229715739336,163.0,0.3381481543956081,1.0,0.08441408194520626,62.44464944649446
44.0,0.00010522309627945329,0.5096388649674823,208.0,0.7321365526972232,3.0,0.003187500829595783,59.6309963099631
79.0,0.0074050973950360865,0.6686099018727722,309.0,0.7629080021781186,2.0,0.062218207546409235,61.96955719557196
24.0,0.020595338624505036,0.17379371229096308,118.0,0.5564503171924455,4.0,0.019478708610324236,53.44095940959409
24.0,0.002540577568654942,0.13008798918417852,127.0,0.2380519930202485,3.0,0.06338416685725017,53.44095940959409
62.0,0.027226630475857983,0.6337530448685698,103.0,0.37220400905818873,3.0,0.06799832523169805,53.44095940959409
181.0,0.027981847893307186,0.825369730851618,151.0,0.4245058787051044,1.0,0.07169992289721962,62.46771217712177
53.0,0.017409827981532233,0.02590239666460703,830.0,0.4142453406997639,3.0,0.060401184015573615,53.44095940959409
92.0,0.0010927272068043516,0.5634419176137002,184.0,0.15826909172930317,4.0,0.024655217892574903,58.73616236162361
34.0,0.00012932707139367137,0.007117651715124351,667.0,0.46192485115728377,4.0,0.081868699176331,59.238929889298895
19.0,0.01199160797282328,0.06481575091705238,258.0,0.1432371443798144,2.0,0.07926576415022929,61.88653136531366
182.0,0.011286946352471135,0.6878344716291859,350.0,0.147915850672357,3.0,0.0867819601236675,53.44095940959409
336.0,0.0009119432174774717,0.7520867954898443,76.0,0.5722666580112123,3.0,0.09214304875896297,55.88560885608857
151.0,0.0001242224239260106,0.18417978486300002,223.0,0.1202700728379613,3.0,0.03333349334069515,53.68542435424354
34.0,0.000409438603997203,0.12658523688732803,121.0,0.28255719230871573,3.0,0.06559858090372024,59.25738007380074
284.0,0.014545428931573673,0.3540738614483012,297.0,0.10856651059106585,4.0,0.0858445333104775,53.44095940959409
20.0,0.004591034745307669,0.9300716985980194,69.0,0.27371983495151236,2.0,0.06329803004660328,61.974169741697416
432.0,0.009819775086521813,0.12142409106217134,106.0,0.3164283080142907,1.0,0.036455921378004526,62.7260147601476
327.0,0.0022453170157216906,0.7550503081802103,80.0,0.35427729431518834,1.0,0.07163186646571884,62.20479704797049
191.0,0.04655221928075555,0.4083977488828002,182.0,0.4580404370432414,4.0,0.0975954238149927,53.44095940959409
118.0,0.038097307454353684,0.1273614175786314,127.0,0.10290762750175833,2.0,0.08270745973951882,61.71125461254613
25.0,0.00047493808860278624,0.3730501656899232,732.0,0.12362394884263692,3.0,0.0019374366169772166,64.94926199261992
186.0,0.003934606455416759,0.014682807222160088,657.0,0.3637235169768159,3.0,0.02260536889380117,65.08302583025831
79.0,0.0162464270284358,0.20318281866993493,218.0,0.2899298784752886,4.0,0.059011446602616875,53.44095940959409
268.0,0.011843107307146564,0.6133594036133608,149.0,0.6012344624441267,3.0,0.06826383068434023,53.44095940959409
179.0,0.0007114735636938224,0.28993583884390794,478.0,0.19240261757891483,1.0,0.0342103243911612,61.360701107011074
18.0,0.022713503138533257,0.09499544814427696,685.0,0.7885384055890603,2.0,0.06984777293741028,61.881918819188186
121.0,0.0009234007084304704,0.46438014076341394,76.0,0.7809281622354324,1.0,0.004492465758274497,63.35793357933579
32.0,0.0002654643524314787,0.3047742870748964,698.0,0.21083653643719846,2.0,0.001109676363087859,64.74169741697416
427.0,0.001509819516140671,0.9394137046386252,492.0,0.41301053575425817,3.0,0.02076234358952,56.1070110701107
239.0,0.01178561475849261,0.3887341078339587,906.0,0.7344074557643393,2.0,0.019059313552037733,67.61531365313654
61.0,0.003740347032722709,0.4750432017207208,95.0,0.15799210111445655,2.0,0.04940408030460841,62.94280442804428
135.0,0.0005432246526458209,0.017058268226334383,523.0,0.7267822562236835,4.0,0.04182792964642459,59.404981549815496
86.0,0.00130830628574574,0.5105843245115393,398.0,0.10722761194043563,3.0,0.08865080611521584,59.7140221402214
95.0,0.0001743905816564976,0.7494587104620004,139.0,0.1423281804637352,2.0,0.054396583573567116,57.26476014760148
43.0,0.002118437760047922,0.9273311619140104,70.0,0.7510905459156321,1.0,0.036872280358914024,62.86439114391143
135.0,0.0024661937798145348,0.03849494023527689,326.0,0.13559478912365322,2.0,0.0033366016053101404,64.94464944649447
80.0,0.002089343346632622,0.011983651764301939,68.0,0.8945456050855121,3.0,0.05916894955944578,53.44095940959409
40.0,0.00011821612135124514,0.8134718370676498,250.0,0.1632213452052901,3.0,0.019888727176518142,53.40867158671587
16.0,0.00987380504762716,0.2488542043097497,108.0,0.3306475256250349,4.0,0.09545902905682048,53.44095940959409
78.0,0.001184768792936707,0.7487241797746118,448.0,0.10887295149885245,3.0,0.030351582978980537,61.49907749077491
34.0,0.0017043812655347227,0.4087874272609412,259.0,0.30190970090866187,1.0,0.00984663472928931,63.54704797047971
421.0,0.00203026561062109,0.37245844720108756,299.0,0.16713763507888924,2.0,0.09935688833028015,62.011070110701105
17.0,0.020781710817425855,0.508746330291349,610.0,0.9472760491670073,1.0,0.041625332468693876,63.021217712177126
51.0,0.08786099847001257,0.2946889795057289,80.0,0.3384636765715714,1.0,0.06586783635419866,62.6429889298893
17.0,0.09818024470056985,0.11608949482776132,692.0,0.2858607999148173,4.0,0.0394396853452757,53.44095940959409
209.0,0.0006587810147315135,0.4417520959711766,206.0,0.9210815049586035,2.0,0.04162593357530454,63.94833948339483
243.0,0.0003378315831376815,0.8120086003509591,629.0,0.18604610322125673,2.0,0.030058387020819626,61.45756457564575
112.0,0.07505448990971059,0.21071194434461116,211.0,0.3253885950905954,2.0,0.04331940445572261,64.5940959409594
40.0,0.0308968569230812,0.9549235166062191,100.0,0.5103014205151006,1.0,0.0007104728105998335,63.943726937269375
464.0,0.0012888083755069576,0.2554874842568817,590.0,0.3313623253278945,2.0,0.04654048016935426,63.05350553505535
19.0,0.027785049619080158,0.19534523014086957,206.0,0.5013497268493438,1.0,0.03162765677782255,62.952029520295206
62.0,0.011590034309948448,0.11656434057204612,481.0,0.17308918576552917,1.0,0.030269507071147977,63.05350553505535
22.0,0.036490280139385135,0.3406152217932812,512.0,0.24098392913230854,4.0,0.07929318666969275,53.44095940959409
35.0,0.08269940672720767,0.7114566125331244,757.0,0.19422492882978712,2.0,0.07117457710699292,61.76660516605166
96.0,0.0005912346179478751,0.3777691069862098,194.0,0.17859615698010572,1.0,0.06469924900662909,61.960332103321036
341.0,0.04633681071313019,0.22460566225260126,326.0,0.24898848162954865,1.0,0.0745727470627339,62.4169741697417
289.0,0.004828441954914443,0.2050453445473619,318.0,0.17797462643312434,3.0,0.03672692477778913,62.19557195571955
93.0,0.04235703148633365,0.09087199615664643,300.0,0.4392803287850019,3.0,0.062449307580967874,53.44095940959409
56.0,0.051804904498726656,0.4323893400428701,816.0,0.11675647384384612,2.0,0.05062963022281487,63.639298892988926
26.0,0.07007990896004719,0.8906235064058399,522.0,0.23311759277455116,1.0,0.030248412909255857,62.99815498154982
158.0,0.015185482512014466,0.06498229080375906,81.0,0.11622981481546175,2.0,0.02280017963041605,66.95571955719556
481.0,0.020714384174885997,0.21527471797691422,814.0,0.4729375694221509,1.0,0.0869560994492804,62.440036900369
50.0,0.0005679475026969359,0.5507188170814115,132.0,0.8751048405765558,2.0,0.0001766854737253736,65.41512915129152
75.0,0.0005493706878917185,0.09733678314413563,613.0,0.19455625143579836,4.0,0.05747869900220161,59.12822878228783
110.0,0.00039712659268390676,0.12801683327358326,183.0,0.1397303484139629,2.0,0.017238445548075257,61.010147601476014
34.0,0.00018592236523407366,0.2505005361866478,210.0,0.8087432085060501,1.0,0.09176873347005673,62.41236162361624
210.0,0.04263809108282159,0.2011317507962368,718.0,0.6352275841481165,3.0,0.06302719727490477,53.44095940959409
36.0,0.0007777299042674115,0.6999541783237754,112.0,0.15641119987848234,1.0,0.025622452520985523,62.753690036900366
24.0,0.02302664630463587,0.08502458652303668,106.0,0.28331028145609705,1.0,0.09010101527200542,62.44926199261993
233.0,0.00019544569143736674,0.6570406315903892,242.0,0.25339454776366205,1.0,0.058861190492045044,52.63837638376384
61.0,0.0008617620272883931,0.8324331209271306,88.0,0.19029407849274116,1.0,0.09599473778113071,62.352398523985244
38.0,0.02554083587555555,0.1804478071701081,508.0,0.6592699874740486,2.0,0.009006979481167535,69.31734317343174
34.0,0.000367503126476972,0.3114823520983371,706.0,0.6526160153757252,4.0,0.01934181258005632,63.50092250922509
108.0,0.0018915220320802199,0.44505420851345157,234.0,0.5115675509221154,4.0,0.022229010836117877,59.67250922509225
247.0,0.00417423621097875,0.487742482961672,657.0,0.839541837780959,4.0,0.08352439418659763,53.44095940959409
485.0,0.008389177736551937,0.10019498296910145,462.0,0.7989504000857524,1.0,0.05843087885376249,62.57380073800738
64.0,0.051544377195897606,0.6020098094410385,299.0,0.3353234050092039,2.0,0.06887271850741371,61.729704797047965
145.0,0.0001870772661712163,0.7903089659024125,278.0,0.13769537258515163,2.0,0.04194209814355695,58.883763837638384
44.0,0.0002572649817590221,0.9679313652290618,477.0,0.5600340646442121,4.0,0.05091203626255621,53.44095940959409
417.0,0.009367861844498527,0.8383428187580836,258.0,0.5783668037780512,1.0,0.03677924082160384,62.845940959409596
177.0,0.09727290089632809,0.1874425897501415,983.0,0.3885424094990044,2.0,0.07037655741227494,61.7020295202952
21.0,0.0030382558943199568,0.8630964324474695,608.0,0.7334934281583115,3.0,0.09052045656445554,53.44095940959409
202.0,0.0016228630405226018,0.28826956541706794,273.0,0.15448067255340175,4.0,0.011144193369221055,58.473247232472325
104.0,0.0035276946722613,0.0031066949587591486,1012.0,0.8745983444870572,1.0,0.05814463321480576,62.59686346863469
27.0,0.0936923453924412,0.4028718677196047,79.0,0.18114161944381552,2.0,0.056326476026011936,62.14483394833948
78.0,0.00016201584638977668,0.2121859264323427,150.0,0.2029276184050106,4.0,0.029774085066782585,46.632841328413285
20.0,0.002118043950589148,0.9295757435999825,129.0,0.20070549561768292,4.0,0.0837760284078839,53.44095940959409
406.0,0.0001692779369480891,0.07513393237911548,68.0,0.21371847210734352,3.0,0.02809296639838141,53.048892988929886
460.0,0.004079730725176139,0.6929995597298744,489.0,0.1232277763345281,3.0,0.016489812035052124,62.23247232472324
187.0,0.040737359935360276,0.8150703641562991,877.0,0.2013097001846173,4.0,0.05003439255728777,53.44095940959409
29.0,0.04872093720026371,0.5892579281034943,917.0,0.6221661364785986,2.0,0.099192320964168,60.87638376383764
29.0,0.015878779589409073,0.8354291422073753,305.0,0.18743017468958234,2.0,0.02372694089400173,66.59132841328413
83.0,0.00043103664824105793,0.30685349224546643,425.0,0.16433098690709838,1.0,0.0032285269580715507,61.7020295202952
137.0,0.002122253206638096,0.7721631706221389,97.0,0.17283395684212724,3.0,0.07635516992810347,56.70664206642066
418.0,0.004015563542921624,0.391058793629501,75.0,0.2756641517059314,1.0,0.06902411085626198,62.21863468634686
52.0,0.00015384455229937294,0.7652781522014579,364.0,0.15764708711695746,2.0,0.09813880729362014,60.52121771217712
449.0,0.002620422716584306,0.4185537499401245,199.0,0.4666686816153636,3.0,0.019691164104858137,59.65867158671587
30.0,0.004566052895034507,0.16717507428397782,142.0,0.1959928971835236,1.0,0.07267817628011217,62.51845018450185
38.0,0.0007040381922373582,0.010589785491846526,224.0,0.153779079464756,3.0,0.09351658129157595,54.91697416974169
120.0,0.02636162292246833,0.022281787966155986,204.0,0.5574575657785632,3.0,0.04747900665256632,53.44095940959409
367.0,0.0008805059654057756,0.8629589697046035,230.0,0.17618042988576715,1.0,0.012039041176470028,59.56180811808118
459.0,0.011130371645805465,0.28443425167684155,110.0,0.16734522471691865,1.0,0.09257878499755763,62.33856088560885
242.0,0.0010034700222210607,0.06521230292284241,82.0,0.7429615884048443,4.0,0.04237628062702021,53.77306273062731
301.0,0.02370222381515044,0.2896396621891323,135.0,0.7340192198221159,1.0,0.027105623970814268,63.08118081180811
34.0,0.010447963752874342,0.24135942586602155,294.0,0.4536472849460726,4.0,0.022447385871548542,53.44095940959409
107.0,0.024898514799559745,0.7559639370825573,213.0,0.16843141602981093,1.0,0.060557402038283574,62.55535055350554
128.0,0.0012836268021425969,0.6373977600886161,87.0,0.2674360929627879,4.0,0.029788438893413545,54.049815498154985
36.0,0.0003293848321952575,0.6784467409663195,156.0,0.4116376445184894,3.0,0.03296092964490144,59.44649446494466
406.0,0.007753340215887637,0.9465074887064948,614.0,0.6706703271997588,2.0,0.0988336100893082,61.323800738007385
29.0,0.00028909987431985997,0.5009965470524259,335.0,0.12308243496227347,1.0,0.06621223217453812,62.25553505535055
204.0,0.00145355605936791,0.685224418295303,131.0,0.16329619119310163,1.0,0.0722396355397361,62.011070110701105
157.0,0.00048047687404454515,0.8001538780753239,126.0,0.10196217455538481,2.0,0.03795790234559369,57.92435424354243
242.0,0.0018091602747608844,0.5503815786953834,365.0,0.17412740951669695,2.0,0.08602936222304303,62.47693726937269
117.0,0.002201187757018362,0.25550133042101175,128.0,0.16824896302870507,4.0,0.04017693943722421,57.20479704797048
112.0,0.0005847256187760095,0.8972976848071741,211.0,0.885732265033994,1.0,0.09608069515868108,62.36623616236162
158.0,0.003381612956864705,0.9608571575087922,88.0,0.12756974496944773,2.0,0.07838378146154269,59.7970479704797
223.0,0.02803770059360961,0.012455354456062162,220.0,0.4426472131088757,4.0,0.07446846087691164,53.44095940959409
103.0,0.019809699619914967,0.024642205536692496,589.0,0.20313146406482874,3.0,0.022913811154335773,67.68911439114392
22.0,0.00044726384070704797,0.46953476738501865,620.0,0.8934728611026744,2.0,0.038471436215673206,65.18450184501845
224.0,0.0059455089070262245,0.9475788961114515,77.0,0.5216148777509545,1.0,0.011780876284848535,63.45018450184502
40.0,0.0009703158932987906,0.3434407393904044,920.0,0.19783040286984,1.0,0.03459032645956018,62.73523985239853
79.0,0.003408612119717758,0.8849911827605685,403.0,0.40115765293464695,3.0,0.0828212579576335,53.44095940959409
78.0,0.000473408597905978,0.8605889328006215,86.0,0.21739430840216617,2.0,0.023045799925171005,59.183579335793354
110.0,0.01344016589955796,0.1440647528438801,66.0,0.3722508619419392,3.0,0.05537074399243687,53.44095940959409
309.0,0.00010025816064755269,0.12825564230503284,217.0,0.15166083373505776,1.0,0.05321120705355025,49.335793357933575
338.0,0.010795775187924588,0.9427466652047927,84.0,0.19696005548534645,3.0,0.005173361091994055,55.064575645756456
35.0,0.05778955402681162,0.5739179830878894,123.0,0.8109180979970231,1.0,0.055628763766273334,62.79520295202951
121.0,0.00035940383006002137,0.8551050544140621,959.0,0.3858831275403533,4.0,0.04538374069658091,55.124538745387454
201.0,0.001856621206789456,0.1254530539306189,212.0,0.2975593728406561,3.0,0.04218885613149817,60.42435424354243
22.0,0.025445933812176406,0.0011812322346441695,100.0,0.10568798678518787,3.0,0.07870759732047536,53.44095940959409
74.0,0.01013618847088106,0.9149968368630491,366.0,0.6988432596819414,2.0,0.06308695743650895,61.90959409594095
20.0,0.0007614702963823712,0.7448240797597376,570.0,0.12828646815365927,1.0,0.015739473954289575,63.31642066420664
29.0,0.0009595529050197289,0.5936935106319797,146.0,0.8514577090504032,4.0,0.09173015697992926,53.44095940959409
444.0,0.0012854303712302648,0.46765560720163557,617.0,0.42429000017411905,3.0,0.050682109912769856,60.95940959409594
372.0,0.02713485275767708,0.9878046951398286,359.0,0.10651286367279338,1.0,0.011130396534048778,63.519372693726936
433.0,0.008085525911743404,0.6214472430110781,176.0,0.5338427168360917,4.0,0.029840323674282493,58.94372693726937
16.0,0.00018895077794633982,0.6105496958482252,397.0,0.21717009782477262,2.0,0.025882133332953534,63.56549815498155
66.0,0.004583330598753463,0.2985917046598552,390.0,0.1621741120378417,4.0,0.029218603739988202,53.5239852398524
182.0,0.0009445177012946016,0.7609971762498241,563.0,0.1120868594982417,4.0,0.06183278304511894,56.71125461254613
53.0,0.012625937122461081,0.7376863494934913,172.0,0.8182673292541486,2.0,0.053929479319867815,62.384686346863475
71.0,0.0003328146812573168,0.8797136825353441,109.0,0.2947966516535835,2.0,0.07641628455647066,59.10516605166052
273.0,0.021006192699657665,0.5338307630513857,385.0,0.37201073819614433,4.0,0.0726836701052487,53.44095940959409
127.0,0.0007845331111874233,0.31264508235906874,401.0,0.10037276575931453,1.0,0.024929328454930476,61.858856088560884
38.0,0.000721562394821299,0.299682482319506,81.0,0.6065629434479123,4.0,0.07397634848600221,53.44095940959409
144.0,0.0014071521997072534,0.32976000681049233,956.0,0.1394665203016064,2.0,0.04751520720572413,64.02675276752767
40.0,0.02021603929700357,0.031164194864491623,674.0,0.26477710383901987,3.0,0.0782595642977443,53.44095940959409
483.0,0.010548178791011569,0.08059823181149917,151.0,0.4727090534454689,1.0,0.0798864792072434,62.43081180811808
264.0,0.05790757806959445,0.04980962633739028,736.0,0.13690809908926754,4.0,0.05116409409476107,53.44095940959409
469.0,0.005651217172944746,0.38681333737952805,832.0,0.9156739896701911,1.0,0.09587258182373552,62.3570110701107
420.0,0.005542755436209361,0.5514455349016987,474.0,0.49348064138125985,3.0,0.08790606337857806,59.7140221402214
49.0,0.03321009466663909,0.5672389294508609,864.0,0.22373009681164394,4.0,0.023629200718932007,67.17250922509224
52.0,0.003535554074923371,0.23881075766268667,159.0,0.237252964169464,2.0,0.08631613734902549,61.729704797047965
21.0,0.002602370672307489,0.12642922301514992,79.0,0.32152282937539367,4.0,0.09854034911898872,53.44095940959409
40.0,0.0001315930485538582,0.9269415796574235,510.0,0.46504027198043685,1.0,0.017743841717118146,61.72047970479705
111.0,0.0006103704252891176,0.24961376928412893,614.0,0.12922335711217672,1.0,0.014745408176767649,61.74815498154982
37.0,0.00013927942429624434,0.46018003788562223,520.0,0.16414158044705307,1.0,0.0936113541187938,61.25000000000001
74.0,0.0013787921001488864,0.5759841074617706,752.0,0.574895684295478,4.0,0.09566302861212508,53.44095940959409
129.0,0.002355767305066492,0.30110790070971416,110.0,0.10505182009810794,4.0,0.045007427708716845,56.91881918819188
41.0,0.0849276458172676,0.3251116164067013,237.0,0.3078057553887892,4.0,0.09872857035217521,53.44095940959409
124.0,0.02076132726814113,0.7905030565953111,576.0,0.14162759577998785,4.0,0.06683387405786814,53.44095940959409
393.0,0.00019855448495366076,0.969799947326047,86.0,0.11403402992920152,4.0,0.0035494004069976347,53.43634686346863
103.0,0.0016995209294608448,0.1383236181450842,553.0,0.24327622914288471,2.0,0.03295156357558862,64.55258302583026
110.0,0.00025498925528917034,0.03136283212857549,888.0,0.4754869279957822,3.0,0.09285190604696165,61.005535055350556
153.0,0.0028633592420388987,0.3024282631800672,761.0,0.23366322632925596,2.0,0.07186126954269492,63.27952029520295
283.0,0.00024174514211321168,0.6461436661204611,82.0,0.4483559559807269,4.0,0.0583514572557899,46.34686346863469
93.0,0.007115573348855413,0.9163803008043482,703.0,0.7903509272762543,2.0,0.03963338077368922,64.49261992619925
231.0,0.0005955280466301277,0.8795132431584517,452.0,0.10138052327478284,1.0,0.09511278922958047,59.86162361623616
18.0,0.005124315235524218,0.7060319030898203,477.0,0.3299636167991374,3.0,0.0854017454734345,53.44095940959409
63.0,0.0017157479759479365,0.3410829269041682,565.0,0.21934964326826434,4.0,0.032045666076496344,60.30442804428044
43.0,0.029672869292642835,0.7008759916363774,119.0,0.26445779411693154,4.0,0.0481270958660856,53.44095940959409
105.0,0.009596551447797178,0.1814787633812207,235.0,0.3131876242320814,2.0,0.083764353412705,61.66512915129151
115.0,0.022106431204177653,0.3318202752387469,777.0,0.30859736848297903,3.0,0.024696396315620286,67.40774907749078
65.0,0.0006589034514757269,0.36146940281992,686.0,0.1364520134105138,1.0,0.07979994248655187,62.241697416974176
91.0,0.020722287878615197,0.3238486403737437,876.0,0.29003772323517596,2.0,0.08821583874919112,61.63284132841328
69.0,0.01906690563318431,0.1302425057519876,209.0,0.3193023941638334,1.0,0.09043168588965327,62.384686346863475
261.0,0.05422765170502463,0.8421300237326709,926.0,0.13177749006499864,1.0,0.012170846086436767,63.519372693726936
20.0,0.00024650490253804304,0.1780883336012603,785.0,0.10826200308507841,1.0,0.04343742324427876,62.4169741697417
62.0,0.01836497029310419,0.5424104253254068,427.0,0.8208687218667304,4.0,0.08650601124192234,53.44095940959409
16.0,0.002373229866805912,0.7673460389361374,998.0,0.2935160381434086,4.0,0.08711334162057721,53.44095940959409
66.0,0.0005674182943884706,0.326977939006311,179.0,0.6074832899660325,4.0,0.03712427450512844,58.70848708487085
100.0,0.0020944339801672253,0.3417677911299888,638.0,0.357691864293793,2.0,0.03061442742645514,64.83856088560886
22.0,0.002578498094723531,0.09963916756892399,269.0,0.11287079531683064,4.0,0.05745667254780811,53.44095940959409
20.0,0.005724253841548141,0.9321918607316991,326.0,0.48161133814094714,1.0,0.07318971941060488,62.440036900369
86.0,0.014936927986864555,0.13127325832605297,158.0,0.5393593734714037,3.0,0.0744285073985277,53.44095940959409
358.0,0.059289716215314966,0.6839329182930514,914.0,0.12127789460829781,1.0,0.015357693074335937,63.44557195571956
20.0,0.0012385374134768834,0.9795189893026222,672.0,0.6954799313765392,2.0,0.023323094503903644,64.90774907749078
52.0,0.004323218377798637,0.833732882919333,288.0,0.47756047657574696,2.0,0.07614081462610267,61.785055350553506
212.0,0.006397358609360962,0.29053007950020804,236.0,0.22807111412523484,1.0,0.04331893316217012,62.67527675276753
88.0,0.0005745688602996307,0.024433227918643552,168.0,0.12641542698997618,3.0,0.059997331740249286,58.64391143911439
46.0,0.0023050583668734197,0.6567642311413752,310.0,0.22040695874082722,4.0,0.040525919573868696,53.44095940959409
66.0,0.0038893880538902327,0.8169529569284165,628.0,0.21457788605199704,1.0,0.08546632744111458,62.43081180811808
118.0,0.005871528200472141,0.008991303951187968,645.0,0.2168049661195858,1.0,0.032693833537953056,62.94280442804428
318.0,0.02212999316134272,0.31636600170118534,412.0,0.1916211591495448,3.0,0.023378541293465668,66.369926199262
355.0,0.0022263300008306406,0.09125775504201472,176.0,0.5296228249127104,1.0,0.003243480434229864,62.48154981549815
102.0,0.0018534052867630224,0.48754543346384493,311.0,0.5855979871452905,3.0,0.09657859376733417,53.44095940959409
461.0,0.00010419775890329408,0.8733457675731761,344.0,0.4101245606455515,3.0,0.002300894527488725,52.81365313653137
85.0,0.0013069999692195827,0.6249399907850348,188.0,0.28494515889980293,4.0,0.003677723573764889,58.88837638376384
382.0,0.0009847734592843198,0.9196655222383339,147.0,0.1611031458510631,1.0,0.0087285681812345,59.87546125461255
65.0,0.0005195318636044986,0.058409105706865416,435.0,0.17001237784178222,2.0,0.09629555333852602,62.45848708487085
55.0,0.00014301236957190499,0.6228411284733825,69.0,0.10568290527973144,2.0,0.022384412435719196,56.35608856088561
51.0,0.0006291977664399391,0.9685833071875373,227.0,0.5679524708760086,1.0,0.04650220567466781,62.65221402214022
63.0,0.0011469563380219843,0.2942689527159824,766.0,0.9144615130092275,4.0,0.04622409619541356,53.44095940959409
399.0,0.003410767123046035,0.40003106446615355,310.0,0.4039571525667753,4.0,0.0451988152753315,58.06734317343173
189.0,0.0001806475752656675,0.24930798236894058,470.0,0.1802029080483466,1.0,0.044686914195215865,52.80904059040591
412.0,0.03124845975285,0.6712450269692376,291.0,0.5799708944771804,2.0,0.04976983071416697,63.57933579335794
21.0,0.00019452292974332194,0.20597133096404474,117.0,0.35066093065132337,3.0,0.05707972077835374,58.344095940959406
111.0,0.009481319030089166,0.20888909573670034,81.0,0.5961037553063216,4.0,0.015134898873736062,68.61162361623616
77.0,0.0023988017133929496,0.8180979454790916,266.0,0.14244711028859366,1.0,0.040794866519324804,62.684501845018445
462.0,0.002223218948880828,0.30034431438587106,90.0,0.200225679148527,2.0,0.055569601997044346,58.09040590405904
388.0,0.004228053162517983,0.02785766180794802,362.0,0.17246607571623626,2.0,0.05998075914044587,63.04428044280442
28.0,0.0016931384629840687,0.29954624039389666,462.0,0.5500398562985241,4.0,0.0403700199352766,53.44095940959409
505.0,0.09902960198487802,0.18674967966471312,368.0,0.3000520041399524,1.0,0.056329560164105355,62.59225092250923
294.0,0.0033081072535872773,0.5319132927184977,754.0,0.5121354303409454,1.0,0.07856116156723754,62.4169741697417
46.0,0.005774075695487192,0.16995347205030664,74.0,0.8673610067946056,1.0,0.028780093535665574,63.04428044280442
316.0,0.000615766302462153,0.516334453019823,373.0,0.1090836646839245,2.0,0.07420839898596181,60.6549815498155
18.0,0.0016533419470158679,0.7920879985902997,137.0,0.7564254967434972,2.0,0.04429233170479417,64.02214022140221
39.0,0.0013937076881831132,0.3346373185997692,159.0,0.22349417334562524,2.0,0.08155074157761642,61.69741697416974
126.0,0.0014706993708107179,0.041968560794503396,206.0,0.2433879395063179,4.0,0.0854837909622109,53.759225092250915
22.0,0.00021160069550883078,0.19004822678449063,213.0,0.2895831969447413,4.0,0.06784488365177127,53.61162361623616
320.0,0.00032156408078833087,0.20412024339857027,146.0,0.2852977741970457,2.0,0.03299783817492326,57.11254612546125
53.0,0.03314898849439835,0.5090407555317243,179.0,0.14332497789660134,1.0,0.06074263046712727,62.5830258302583
288.0,0.00307852763118979,0.049751948773941845,637.0,0.19700867151318763,3.0,0.048157307058354526,62.63837638376384
30.0,0.0001753480650478286,0.018915666520198937,706.0,0.4552878404321417,2.0,0.01650681818091178,64.78782287822878
429.0,0.009507505909818983,0.2515960806786345,159.0,0.19898286944347324,1.0,0.039036840975789605,62.684501845018445
51.0,0.0006236526276265965,0.6973283377897107,303.0,0.2091033544105426,1.0,0.08866642081883427,62.31088560885609
249.0,0.042033640305253576,0.5484241173209448,814.0,0.15620402251930007,2.0,0.015615686284590586,67.96125461254613
54.0,0.0004388024527439697,0.2649485235027037,300.0,0.13991810519065545,1.0,0.01520115849407443,62.2739852398524
24.0,0.0006884436342749912,0.3717935005878036,82.0,0.14673989370030965,3.0,0.08220745768810532,53.44095940959409
57.0,0.09196442785358368,0.7177907638914394,137.0,0.12721501519586756,1.0,0.00776566101957395,63.71771217712177
23.0,0.0010845705108481318,0.11966705506339159,174.0,0.23427158131526796,4.0,0.010633855675216512,65.46125461254613
151.0,0.0003272187934834292,0.5612026256767868,712.0,0.16622073933140194,4.0,0.07339747643432057,48.37638376383764
218.0,0.0034478836034214757,0.21225808528493606,264.0,0.12598205482669322,4.0,0.07932664403651597,53.61162361623616
265.0,0.026280748690356338,0.32543252245555776,71.0,0.4232075314785271,1.0,0.0574640184722376,62.59225092250923
75.0,0.00026128913529596323,0.3518316988210869,673.0,0.9211151083226711,2.0,0.053436062048853324,64.00830258302584
40.0,0.018505447746581555,0.5805345905496002,855.0,0.20463789675436359,2.0,0.0950674378080952,61.49446494464945
89.0,0.0001274183043837765,0.0153938584221478,130.0,0.1770986005332501,1.0,0.039942693945593875,55.747232472324725
33.0,0.011933086173118213,0.25901824052776146,206.0,0.5308801350126554,4.0,0.028762111836541225,53.44095940959409
429.0,0.00033579313555887725,0.8300460329686821,624.0,0.11540943043174776,1.0,0.05874726754084019,51.56826568265682
131.0,0.04269996905045517,0.3240400482207192,89.0,0.18700081017786474,2.0,0.05791465538363569,62.066420664206646
46.0,0.007388283027801476,0.3246395904299555,240.0,0.36544008779798526,3.0,0.06824159382470767,53.44095940959409
262.0,0.00025458387879421455,0.8619520675365064,391.0,0.532025392131291,3.0,0.05686253544888869,58.64391143911439
26.0,0.002322124622139539,0.5921329109511033,154.0,0.7857100941661385,2.0,0.09792167326275265,61.139298892988926
19.0,0.0015950845872983322,0.01591434787397583,650.0,0.25390145929073404,2.0,0.05992534941270301,62.31088560885609
27.0,0.002465923020093802,0.8948008310594051,205.0,0.6150693354351708,4.0,0.02789907648651177,53.44095940959409
270.0,0.004202734417211223,0.41511057294410814,132.0,0.44718838814361817,4.0,0.06405287051657894,46.55904059040591
302.0,0.0004718295579475063,0.15987713103805679,589.0,0.5423075619479524,1.0,0.031500948824946924,60.332103321033216
26.0,0.010263239227005703,0.047299990788296276,102.0,0.11247640755332967,1.0,0.053977894747683754,62.69833948339484
233.0,0.0026293467400575897,0.5794345697836094,171.0,0.42199242505652207,2.0,0.08750582628461188,61.38837638376384
43.0,0.021665212440686095,0.6061069486228766,314.0,0.1042476504119969,3.0,0.022020392658755748,67.56918819188192
421.0,0.011234937464029395,0.0657940644583872,218.0,0.4231677140725447,2.0,0.03663224009979938,64.70479704797047
24.0,0.0025878269053641423,0.5018692344391527,90.0,0.6344534636520586,3.0,0.04170866142302854,53.44095940959409
38.0,0.003965884731594214,0.4608851789776949,131.0,0.4116903071226634,1.0,0.0031028967613552106,63.82841328413284
88.0,0.0071537059835044174,0.18922043965553947,94.0,0.1422559167905887,2.0,0.07952529168961299,61.65129151291513
401.0,0.00041269681415732174,0.841580129411331,480.0,0.20704285473332767,2.0,0.027408642391281927,59.54335793357933
17.0,0.0006422892878507684,0.10809264780857653,184.0,0.41815497985793953,2.0,0.011558093681667488,66.18081180811808
291.0,0.00015424511317842742,0.3347064651642351,559.0,0.12841191441833677,3.0,0.033856122119042605,53.82380073800738
114.0,0.0037391592423409205,0.7081529597992551,96.0,0.3566780610581364,4.0,0.03669481308482492,53.44095940959409
31.0,0.0025324153056307764,0.0815601981065105,80.0,0.15289749752634393,2.0,0.020592988565402242,66.81273062730627
37.0,0.0014210833233208751,0.4912773070824472,739.0,0.6333901190320765,1.0,0.003316888697372824,63.791512915129154
32.0,0.0013317763347266115,0.15447624901678958,86.0,0.4959613727998736,1.0,0.027296501047416835,63.108856088560884
232.0,0.007708842604005018,0.3961634547189625,567.0,0.22875293869659705,4.0,0.039194772483028606,56.891143911439116
27.0,0.010354288347283847,0.7675937486329681,234.0,0.3226204105423741,1.0,0.09048567995368227,62.41236162361624
28.0,0.00018428089815998325,0.9928635855422393,762.0,0.1419496033256726,2.0,0.04923587517242975,60.2029520295203
240.0,0.0003414670549950606,0.28886063501585546,755.0,0.3690098479036664,1.0,0.0863530189858558,58.37638376383764
173.0,0.0005396937805066778,0.3438878161456669,132.0,0.9412312876514916,4.0,0.03821615491957027,53.44095940959409
378.0,0.0015444008509267679,0.8630492864236791,965.0,0.4174068620569693,1.0,0.04206499987813601,61.87730627306273
59.0,0.0022703129573314286,0.9154266286718347,141.0,0.5014144319890119,1.0,0.08590357870506501,62.4169741697417
20.0,0.000254222546161324,0.37016853718594367,124.0,0.40990940998840797,4.0,0.0347599044048386,55.28136531365314
45.0,0.005096715471029227,0.19561613873824957,992.0,0.7339489002161473,4.0,0.0834906549871176,53.44095940959409
500.0,0.003550077040602337,0.7298503886356887,93.0,0.8641406662418323,2.0,0.05952914796006977,61.93726937269373
80.0,0.0053864024352265625,0.7851023826833224,236.0,0.7935575227791322,4.0,0.06858080321269493,53.44095940959409
26.0,0.0003274347452302585,0.5036904874529167,122.0,0.10387786202547358,4.0,0.016681972722705544,57.2140221402214
17.0,0.01669401436788023,0.07928781134065699,374.0,0.29504409627665845,3.0,0.07232464270512709,53.44095940959409
16.0,0.0008410794095174188,0.16501122300077875,996.0,0.7455757003530953,4.0,0.004235469320249594,70.47970479704797
21.0,0.02470754690160006,0.48237337519353785,636.0,0.6625875742288698,4.0,0.07005071139982412,53.44095940959409
98.0,0.009269948283339496,0.8278922564037903,711.0,0.242850578235083,2.0,0.07951251491283545,61.715867158671585
51.0,0.006529402027258188,0.501776471382494,87.0,0.3757620420100567,4.0,0.060464754092187566,53.44095940959409
20.0,0.0027062628620748083,0.3242270190787333,972.0,0.22315043233477339,3.0,0.03578926449105916,64.96771217712177
308.0,0.0015626690317187492,0.49939056933637116,124.0,0.44759130498905597,1.0,0.0678163280238054,62.0249077490775
421.0,0.0001873306221157355,0.38816675165237524,424.0,0.5305007436117,1.0,0.009467864077391789,51.68819188191882
31.0,0.000126657873587648,0.43722089033255396,442.0,0.8775836413149085,1.0,0.08527961958695225,62.41236162361624
77.0,0.06010559349592438,0.29592342274782046,329.0,0.8160758517145781,4.0,0.09970975221556903,53.44095940959409
445.0,0.0002694600101437418,0.4463533339289977,295.0,0.3962887604338887,4.0,0.02071967207199507,47.200184501845015
82.0,0.00017910437142119106,0.1039317690956989,611.0,0.5178836114506786,4.0,0.04191356776821356,57.88284132841328
276.0,0.08027962440027037,0.4200562527888887,771.0,0.34893517738436386,2.0,0.0830036214151076,61.71125461254613
272.0,0.00725325681995513,0.0981889604097862,592.0,0.14965659152625946,1.0,0.03343495982701169,62.73062730627307
167.0,0.0014617098324674691,0.37629262960638243,360.0,0.557060655661349,2.0,0.07865006914246446,62.51845018450185
87.0,0.0002162129392670462,0.5287646927283683,694.0,0.12060655328941466,2.0,0.03304531144930774,62.50461254612546
24.0,0.0004969037600603051,0.41612391939158255,788.0,0.8378597799171752,2.0,0.022533721488481078,67.09870848708486
111.0,0.0001232271329625188,0.4210807675068877,816.0,0.7736484946737602,4.0,0.013218594291924223,58.8330258302583
257.0,0.04228726879228425,0.5837176584222027,662.0,0.14261826150280812,1.0,0.03670705309668618,62.87361623616236
21.0,0.05512032776931837,0.6844917348345941,223.0,0.20794416027845466,1.0,0.060266572949782354,62.66605166051661
321.0,0.00037767140930107073,0.5840957192713516,418.0,0.26074828782505266,3.0,0.03574311779265125,54.0359778597786
24.0,0.009205005144310233,0.9399496464881302,771.0,0.24806542269135837,2.0,0.09094088203052599,61.66512915129151
97.0,0.001976141256895425,0.15977970578103906,70.0,0.24810288866502236,4.0,0.09737934440364866,53.44095940959409
19.0,0.03580681918851884,0.06789227930984809,699.0,0.1555956427722511,1.0,0.04112252023042869,62.86439114391143
57.0,0.0030098008317032666,0.10829222724165932,169.0,0.2614876987541252,1.0,0.07699723290481782,62.47232472324723
293.0,0.006042052433510694,0.5819259311661593,85.0,0.9097214132048254,2.0,0.03781253681708382,64.75553505535055
18.0,0.000616806463699978,0.029719807141303733,250.0,0.1902402523992214,1.0,0.09511346605629187,62.45848708487085
82.0,0.00020437550468187536,0.6067356180463929,79.0,0.1474185012349967,2.0,0.04565928587558781,56.86346863468634
72.0,0.005053690429325656,0.010095742578290934,79.0,0.41234839281442487,4.0,0.002465961114304009,68.59317343173433
66.0,0.0008093196457475996,0.7997039693901407,718.0,0.8068237623086365,1.0,0.0759358103379444,62.48616236162362
16.0,0.0002930639672132261,0.9056399682164461,68.0,0.25054668727304813,2.0,0.09199504988660409,60.16605166051661
43.0,0.0002737590011072225,0.0881888030973974,470.0,0.38554402520893044,1.0,0.07933188183338258,62.154059040590404
18.0,0.0007475799501273036,0.8055414698391561,507.0,0.3841540894933437,1.0,0.0539798074141442,62.684501845018445
34.0,0.0298766585491536,0.16681799483480164,475.0,0.44357490270161853,3.0,0.03938605701564378,62.50922509225092
197.0,0.00036060692750693364,0.6643527794828408,65.0,0.24124936776249564,3.0,0.01058075386007383,49.617158671586715
131.0,0.017419099562821883,0.27772515955625543,145.0,0.8887846945668575,1.0,0.011921974685614138,63.57472324723247
67.0,0.009961252811166594,0.0948705779546497,95.0,0.10038688178888172,4.0,0.0038171500258554506,69.05442804428044
93.0,0.0002329633930768773,0.881533089913616,147.0,0.10124898967336204,3.0,0.013117216103078071,57.14483394833948
175.0,0.0006791096584058646,0.01125026465361767,357.0,0.6823185890083361,2.0,0.09812596856255051,62.17712177121771
220.0,0.001054344735857388,0.41749052054852,604.0,0.18041731848215356,1.0,0.0012751518579102279,61.59132841328413
277.0,0.0004570523173347118,0.4010564604862705,828.0,0.21645560419794616,1.0,0.09697701550656129,57.96586715867159
22.0,0.0001102526612701169,0.03830828475716885,163.0,0.1624590772665729,3.0,0.07245967709812914,59.08210332103321
17.0,0.00014453943131303822,0.453697989820509,222.0,0.11365284170909784,1.0,0.025902370870394546,62.241697416974176
185.0,0.00011576169558249177,0.16883248539891726,351.0,0.5071965405487555,4.0,0.021619978490253166,50.78874538745387
116.0,0.0012464962888622435,0.12133321851621326,454.0,0.25920534132104,2.0,0.09936342971099128,62.26937269372693
224.0,0.0013767162754500886,0.23242493952847243,125.0,0.2282093682421349,2.0,0.06764967265857375,60.86254612546126
19.0,0.0031769323262780067,0.28387432011399305,890.0,0.8502680542680711,4.0,0.07645553778104956,53.44095940959409
105.0,0.007548739750165406,0.7906948640116562,374.0,0.6597642158503819,3.0,0.09903581807756756,53.44095940959409
406.0,0.00031626933942744106,0.37116400277670736,967.0,0.17371440068431193,4.0,0.05407317214075246,52.57380073800738
347.0,0.05483738872725439,0.02382737657912337,95.0,0.3691058156236834,2.0,0.026382293825055615,66.94649446494465
390.0,0.04840897541622621,0.030164629918436492,578.0,0.3553592293192223,1.0,0.021792135635793488,63.24261992619926
253.0,0.05548904021558323,0.22257692823665876,115.0,0.3245798260749339,4.0,0.09592779162594897,53.44095940959409
16.0,0.004016589767052765,0.5352749106133411,80.0,0.7596544273236931,3.0,0.08443672531405105,53.44095940959409
48.0,0.0623312790856083,0.2234110582057508,87.0,0.20184319223174702,2.0,0.00890702816018997,69.18357933579335
90.0,0.0008310533378290132,0.7034651962189178,821.0,0.1505188323013509,1.0,0.09600208396161661,62.163284132841326
55.0,0.00020323209643456668,0.3020321994961038,68.0,0.29492246094301444,4.0,0.006545074699394453,55.59040590405904
367.0,0.0027090556636150927,0.15213968648317433,598.0,0.7072038303583656,3.0,0.09081024999916446,60.3920664206642
23.0,0.011376660028841431,0.5577029190242169,717.0,0.3032827273000561,2.0,0.034772511985859726,65.78874538745387
72.0,0.007804096021549545,0.3766803883258787,106.0,0.2765265479195841,1.0,0.0540936380657339,62.647601476014756
28.0,0.04237148500568648,0.7050493106879478,315.0,0.3011770713413155,4.0,0.09341265623824038,53.44095940959409
286.0,0.011626713029566164,0.26841797211518625,203.0,0.40982781296256954,2.0,0.015256340723646459,66.28228782287823
293.0,0.00034081672220774903,0.3644336081255001,668.0,0.4573933778043982,2.0,0.02127448958508632,61.891143911439116
36.0,0.001284980201777328,0.9391458369263286,73.0,0.13569291203475534,2.0,0.09102278763973601,61.093173431734314
90.0,0.009895057007502777,0.1535054331726181,520.0,0.2948066228995988,1.0,0.09178489462151355,62.43542435424354
217.0,0.00034191209289614313,0.5431987892184704,684.0,0.11699637242292152,1.0,0.07069584494116601,56.18542435424354
33.0,0.016234710420868076,0.2877935237867003,304.0,0.3732482750828034,2.0,0.0154123094484065,68.23339483394834
120.0,0.013701133721919473,0.39046955845476183,120.0,0.11213994841650375,3.0,0.014443865014076821,67.50461254612546
424.0,0.00010583015790073624,0.31220824421558,204.0,0.6980384305027761,4.0,0.05136340044416927,55.216789667896684
72.0,0.018919966076713327,0.4546589582524322,290.0,0.5900765056125895,1.0,0.09421722198576091,62.37546125461254
17.0,0.0005919978320236318,0.017834434180563963,598.0,0.539271723485766,1.0,0.018280146215958852,63.413284132841326
138.0,0.00021095267589756584,0.34136519860914016,82.0,0.26119043692134036,3.0,0.08644378267153258,51.282287822878224
49.0,0.0012253840504985083,0.1160803680450827,202.0,0.8851596524696607,2.0,0.026357021658245324,66.82656826568267
23.0,0.00547317519218884,0.11115321715751458,152.0,0.1885457722947861,3.0,0.005334479989468868,70.17988929889299
102.0,0.0005438802046393387,0.40589996497681446,67.0,0.376721527363581,3.0,0.06554681830871363,50.664206642066425
74.0,0.012914192461585459,0.7515306931056551,116.0,0.13221701952923698,2.0,0.007413408618855491,67.63376383763837
186.0,0.0005660829517886485,0.8069386802856816,608.0,0.13013162104025391,1.0,0.03789961957525744,60.47970479704797
52.0,0.0003115482948590325,0.9341769407799853,465.0,0.4027742755137655,4.0,0.0861277990437599,53.45479704797048
234.0,0.0005322275381983956,0.5334670444690719,922.0,0.1389834301651986,2.0,0.04890652560040691,62.758302583025824
120.0,0.01102913678108628,0.6232151841960271,166.0,0.19535839638729988,1.0,0.03233025673535042,62.94280442804428
72.0,0.08172961379095739,0.5021304921218285,440.0,0.2640173824197312,3.0,0.08011238842995294,53.44095940959409
56.0,0.0003224595819452685,0.3640805261476351,651.0,0.19783848868275208,2.0,0.006475693221657369,64.03136531365313
16.0,0.0372503338175593,0.4771831628895298,76.0,0.20044331751426958,1.0,0.09215659961325146,62.54151291512915
213.0,0.00019901816748299652,0.9059710615140255,108.0,0.31637343711001653,2.0,0.07241467628287179,54.995387453874535
26.0,0.00023840338355351844,0.021735528789166958,196.0,0.18986647069680423,4.0,0.0589717010692467,56.97416974169742
26.0,0.003888650488335692,0.3064082256048538,108.0,0.23741151305562733,1.0,0.05140646152465019,62.68911439114391
50.0,0.032207645658241385,0.71427590699161,182.0,0.10470583864734938,2.0,0.032677092315621714,65.64114391143912
69.0,0.004967033050965972,0.45451483312981433,362.0,0.28047620784204313,2.0,0.015016767252050181,66.83118081180812
22.0,0.0006089776265586104,0.49934198156370513,297.0,0.2290001985115343,2.0,0.09382146190767685,61.55442804428044
119.0,0.0030797646126656153,0.9307691387660026,786.0,0.9387431897446071,2.0,0.0873652842362436,61.64667896678967
49.0,0.011003407003140855,0.21080255452369778,979.0,0.1367998357991323,2.0,0.035720585291511175,65.72416974169741
71.0,0.008740290077951822,0.8548947648107038,336.0,0.5994401266775682,1.0,0.0683015350255674,62.51845018450185
173.0,0.021040823974856928,0.7679429382158138,131.0,0.707783138309699,4.0,0.07901872049804187,53.44095940959409
162.0,0.0007249650791137124,0.08615916646337052,293.0,0.32219234856477685,3.0,0.062392922457943104,60.01383763837639
18.0,0.0007920593041284581,0.2185716076092593,105.0,0.36340530826428,2.0,0.05720821586507241,62.260147601476014
49.0,0.09876021644065003,0.6027902310160023,338.0,0.2880881488060642,2.0,0.06796382468271382,61.821955719557195
17.0,0.011170517748169505,0.11732479025489273,267.0,0.304887188289401,3.0,0.028084919578641346,66.75276752767527
102.0,0.0003610898975870527,0.44754961587810715,916.0,0.10444678251215661,2.0,0.029671143200745365,63.43634686346864
170.0,0.0007804989843578872,0.039134361472422996,934.0,0.944612549040205,4.0,0.08448283974012155,53.44095940959409
131.0,0.0019282807006101197,0.3658814081654712,273.0,0.21570372082035813,3.0,0.006949964397155503,62.76752767527676
30.0,0.005496521306982068,0.16309499496301527,962.0,0.10528336741141003,1.0,0.01636132215301752,63.413284132841326
27.0,0.03686952059336478,0.20789496806883712,64.0,0.3815489545403452,1.0,0.00120018347756867,63.97140221402214
30.0,0.0018145399563266182,0.23868810601849122,845.0,0.1281450004226432,1.0,0.07059396569075745,62.46771217712177
58.0,0.0005972016425226291,0.2739155094977953,179.0,0.40228734121045107,3.0,0.06404884290773466,60.21678966789668
36.0,0.0029954926879184915,0.7069077999753712,345.0,0.5870079595276994,4.0,0.05185193336976862,53.44095940959409
206.0,0.04865062388659849,0.10657715884355323,149.0,0.4459231113732711,3.0,0.01305177558006858,69.23431734317343
69.0,0.0001244964224986586,0.346756069675324,391.0,0.3128378480576007,3.0,0.06263416955036773,58.92066420664207
43.0,0.004767219524779173,0.04355510220569603,163.0,0.22873697114719319,4.0,0.08582646085819705,53.44095940959409
196.0,0.06584097065636974,0.802845899878868,79.0,0.3809066096279696,1.0,0.04059423415467875,62.79520295202951
32.0,0.04550652226234573,0.3096544629615706,432.0,0.17006655664199935,2.0,0.017260786018679933,67.90129151291512
248.0,0.00018841209512747285,0.2669321533250192,689.0,0.3583438566511245,2.0,0.016683755392824313,61.06088560885608
56.0,0.01363197185567182,0.22563542520086577,116.0,0.7930633202613461,3.0,0.00454384751367733,71.03782287822878
94.0,0.01043975082316042,0.3548789847052184,709.0,0.5456947372034033,1.0,0.05509411171593226,62.63376383763838
92.0,0.0001259485810190607,0.675029586483849,71.0,0.22794821109054775,2.0,0.03701765978277845,55.65959409594095
24.0,0.00025554540246396903,0.17893038633951397,665.0,0.8026816882033972,1.0,0.06296860233169949,62.578413284132836
38.0,0.0035769955299425984,0.1731727556087348,176.0,0.14085379337081938,1.0,0.011463354486977911,63.56088560885609
112.0,0.0012982980521282826,0.43909587137841977,255.0,0.6053803939391256,2.0,0.018152463882851914,64.27121771217712
62.0,0.0034698813308693473,0.35419232615191376,361.0,0.17942277910351118,2.0,0.052050446697771806,63.58856088560886
476.0,0.006648495735327664,0.7160220197739032,860.0,0.7337004328610608,4.0,0.013796768843782024,63.90221402214023
38.0,0.04138371496537959,0.22187136650488393,156.0,0.34835807488778875,4.0,0.005983230020135355,71.25461254612546
53.0,0.0007241899092539038,0.5057343052287382,200.0,0.20992889550506624,2.0,0.0012247100005270263,63.42250922509225
118.0,0.003568831241690313,0.1600666767328015,187.0,0.4987285860379532,1.0,0.02936353055725689,62.97970479704797
77.0,0.00010939794786393797,0.5666350313355683,255.0,0.7814645789087836,3.0,0.09042206645691409,59.534132841328415
21.0,0.0031859458211988237,0.9140011266864337,625.0,0.1268095437816043,2.0,0.06921736479192162,61.84040590405904
22.0,0.0003304470830596732,0.067231749999212,142.0,0.30339086909101404,2.0,0.023708219279649244,63.73616236162361
61.0,0.0034650819616437695,0.6682843760660631,135.0,0.7284322551469339,3.0,0.07747122448601898,53.44095940959409
87.0,0.0006012010731756593,0.31089597105765654,701.0,0.28287243297625536,4.0,0.05838367735744943,59.96771217712177
464.0,0.0001066849035010504,0.25929805865827804,269.0,0.5440107876084144,2.0,0.012164062749004388,50.12453874538746
30.0,0.00031152975506774087,0.26603390841943186,110.0,0.2460893333334252,3.0,0.08369694021434973,57.73523985239852
63.0,0.03910670909734478,0.7698301523530936,219.0,0.3454992342005001,2.0,0.05650717956639814,62.14483394833948
500.0,0.01540462822657798,0.6461216208717925,817.0,0.3234321127947153,4.0,0.03876080018485109,59.41881918819188
358.0,0.00659320653479287,0.29673641034835907,133.0,0.11756938514042155,3.0,0.002475794467367587,62.62915129151292
17.0,0.0006082073450845133,0.4880374552845186,809.0,0.14513821960401713,4.0,0.020421930175276177,63.676199261992615
125.0,0.020094214286232672,0.5967326324897555,105.0,0.7890042985986833,4.0,0.09644325006594512,53.44095940959409
46.0,0.0024439056271125916,0.026570756738261703,298.0,0.12046870537705019,4.0,0.04203555966682999,53.44095940959409
69.0,0.0033007215838587465,0.596840212856462,953.0,0.14952317868664644,1.0,0.010456684682799785,63.45018450184502
32.0,0.027582097073948042,0.8630851471136674,838.0,0.18999663261341804,2.0,0.057853551589793245,62.16789667896679
332.0,0.0023501027680328315,0.8985133918910125,132.0,0.2924852190832124,1.0,0.003047114019961797,62.329335793357934
115.0,0.00010241613005321657,0.315528293346541,98.0,0.3032095033431641,2.0,0.06361175758905836,54.38191881918819
105.0,0.0004902450301694474,0.5396728253656293,77.0,0.2537470305125977,1.0,0.0043061406481725755,61.72047970479705
126.0,0.00019241509583063342,0.5776863658432689,833.0,0.41674871924840323,1.0,0.09280821529112539,59.45571955719557
301.0,0.00032318961922799536,0.496882759863021,812.0,0.13232317140813446,2.0,0.07965327775890517,61.254612546125465
37.0,0.00037577115639692113,0.699250106770122,93.0,0.12504322095514386,4.0,0.056955400832583665,54.50645756457565
84.0,0.003527964705554557,0.2808820300401017,394.0,0.5261582533370738,1.0,0.06439791465234879,62.49538745387454
263.0,0.007107340459198374,0.36149046395145046,504.0,0.14309173005744572,4.0,0.08319104120714234,53.44095940959409
25.0,0.058174031674064756,0.4680066068682356,160.0,0.15316674449593928,2.0,0.011974378762575325,68.43173431734317
48.0,0.00016542170693913745,0.3592115308152628,70.0,0.2854023793224017,3.0,0.067984761651618,54.43265682656827
475.0,0.025624462483124603,0.750009525278061,301.0,0.180985887762923,1.0,0.03938568325562556,62.79520295202951
23.0,0.08200570695714555,0.1053947745162187,548.0,0.400201867218751,2.0,0.06718723988829566,61.78966789667897
23.0,0.00671086926545322,0.25024218886232064,197.0,0.3565058274000935,4.0,0.06234232826576889,53.44095940959409
175.0,0.0010051418621572902,0.9906227146115598,217.0,0.11113075456870736,3.0,0.00964023612631292,53.51014760147601
30.0,0.0001627236977114012,0.4420818984274014,162.0,0.17251577636196633,3.0,0.07612535078441385,58.846863468634695
16.0,0.0007006960303579151,0.2987455681607146,74.0,0.6177420312290905,3.0,0.029187838878698445,63.54704797047971
16.0,0.0064676589113567915,0.06300617734263858,302.0,0.33447688719853785,1.0,0.09366757338436794,62.49538745387454
35.0,0.0022047072253144084,0.06914661383421483,456.0,0.11346475338434024,4.0,0.024045619567899162,64.880073800738
59.0,0.0005221476224888335,0.22615207091000178,101.0,0.40909703009829124,4.0,0.039816547676470804,56.771217712177126
511.0,0.036030166182968705,0.5526351592019494,388.0,0.4637595016075715,1.0,0.06740205088076352,62.51383763837638
96.0,0.0011336436294642083,0.10053665371780052,233.0,0.7910242139195923,1.0,0.014055320692884213,63.37177121771218
314.0,0.008738160015174681,0.4214868518163295,473.0,0.4783358739228599,1.0,0.06449377118234353,62.49538745387454
22.0,0.00041081676500985027,0.21941135757659003,846.0,0.1471131743576369,2.0,0.050719996138487426,64.08671586715867
60.0,0.022595212545066554,0.015470993996075655,885.0,0.875469295027706,2.0,0.09510603524650892,61.42527675276753
135.0,0.0001577799363160568,0.05794396730762219,217.0,0.21131714949388908,4.0,0.054207402184116474,49.04520295202952
110.0,0.0011572208362810317,0.7614919907214095,125.0,0.621183584559705,4.0,0.03460654224693729,55.02767527675276
277.0,0.006022407145923392,0.9846267585408929,761.0,0.15654493893785848,2.0,0.08602307385353301,60.69649446494465
114.0,0.0013415428020510693,0.56452875520484,247.0,0.33862080342639544,2.0,0.006819947783826593,63.69003690036901
153.0,0.010531787881617332,0.2972833830086993,273.0,0.12623895714595404,3.0,0.07446555682655842,53.44095940959409
87.0,0.0347737919201968,0.4455939581466867,196.0,0.1540067956234862,2.0,0.09736517530409977,61.15774907749078
147.0,0.031893000604985816,0.27009103179064664,351.0,0.2988079690954564,4.0,0.0631090503148961,53.44095940959409
40.0,0.011396097330514776,0.07249944586654777,142.0,0.19024112556923473,1.0,0.030164876218794184,63.071955719557195
19.0,0.0001321006256217894,0.8703493844603284,98.0,0.1688036814600135,4.0,0.09372470386888511,53.44095940959409
20.0,0.007300730055493878,0.37790981686823255,127.0,0.9231740319567673,3.0,0.041141994959630876,53.44095940959409
357.0,0.002433724940265173,0.7302392143562965,561.0,0.43627513137861607,4.0,0.022494173828350807,58.56088560885608
17.0,0.061989607032662444,0.7670701646824878,221.0,0.44331788161584157,1.0,0.014075699311099034,63.55166051660517
340.0,0.002183869169691518,0.10432773786047767,791.0,0.3867320988427258,2.0,0.08371273883663255,63.413284132841326
366.0,0.04380232935099375,0.3930805066502425,360.0,0.19854830860708544,4.0,0.07022280503595331,53.44095940959409
488.0,0.001025076277793531,0.8733919458206546,262.0,0.164439937055602,2.0,0.02765494954394842,59.94003690036901
16.0,0.011382110112415729,0.49905781085198797,87.0,0.30539537808109446,1.0,0.08976674607206253,62.48154981549815
48.0,0.000265475023382351,0.8904224517894808,326.0,0.29231649257900244,1.0,0.0022187452651994915,62.071033210332104
121.0,0.0004121514738188427,0.6991087476815825,107.0,0.12752635028752493,1.0,0.07272674196700864,60.88560885608856
25.0,0.0014611898216440574,0.887851702730378,849.0,0.18049786820986038,3.0,0.06574018487124907,53.44095940959409
33.0,0.0027407509861270296,0.4130117368786672,960.0,0.9621438949781691,1.0,0.019822127491001627,63.33487084870849
21.0,0.006195103987984587,0.17508794885519408,423.0,0.21540453064411605,2.0,0.04529156289815288,64.35424354243543
25.0,0.0022396922983929893,0.26400593239363324,745.0,0.3543408069965452,4.0,0.08526061633237522,53.44095940959409
55.0,0.09756724643432835,0.6739904786676645,845.0,0.17173519866054263,4.0,0.08896310835796656,53.44095940959409
58.0,0.01971488780575281,0.6784312455846011,113.0,0.1667751994329401,3.0,0.08335646078140299,53.44095940959409
439.0,0.006170383972601702,0.8849232625957801,137.0,0.16643125689383925,4.0,0.03934140280233251,55.322878228782294
59.0,0.0007026342817967975,0.9678656370132905,529.0,0.3271176041808669,3.0,0.048934656770021276,53.731549815498155
298.0,0.038988946876517855,0.21493772240401154,70.0,0.17778284052227072,2.0,0.024038856170421105,66.7020295202952
122.0,0.0016237390056206065,0.5208071949033408,452.0,0.29070552257249477,3.0,0.012044876937066575,63.09040590405905
400.0,0.0017834397398404863,0.22255888515309064,234.0,0.2094913617356944,4.0,0.061470144390151735,57.57380073800738
245.0,0.0017560851788667685,0.9391629153212014,146.0,0.4556431870296125,3.0,0.04961257049616084,54.169741697416974
487.0,0.00013744667840421136,0.1657726633332648,557.0,0.45382784872175475,1.0,0.026111879184131177,49.921586715867164
415.0,0.00023374963403268115,0.34028132823065604,629.0,0.4368024467961872,3.0,0.05369989850154219,57.00184501845018
237.0,0.05523475385681522,0.621107761885786,281.0,0.2150943679857403,4.0,0.09224160450537856,53.44095940959409
16.0,0.001591209109484559,0.25897740706686045,95.0,0.30036802122222034,1.0,0.0002084428853270974,63.9990774907749
62.0,0.0010470824036058687,0.2528291453003013,343.0,0.12963679774264414,3.0,0.06661019178882467,60.6780442804428
297.0,0.0003778691196509416,0.8855622733202102,94.0,0.3388965652576584,1.0,0.015462204410082428,56.55442804428045
355.0,0.0010528807722558651,0.5960784883695184,213.0,0.4157993375908506,1.0,0.013993492059255638,61.406826568265686
205.0,0.004861152125611258,0.9033296456188947,301.0,0.1115976883137939,1.0,0.09452552693665069,62.352398523985244
23.0,0.007292568822509197,0.49803098004068014,367.0,0.5643765631515313,3.0,0.06371692378975277,53.44095940959409
197.0,0.00014680574481943306,0.2688773228420023,66.0,0.3858750535719373,1.0,0.0883671898451046,53.270295202952035
93.0,0.0027159422407043313,0.5023670222715491,102.0,0.13335844917685294,1.0,0.029942124185174643,62.845940959409596
56.0,0.00010534629630092502,0.8019306489988072,779.0,0.5107703514964868,4.0,0.04306359551740254,55.18450184501845
388.0,0.0001488486913204296,0.9558098611833497,136.0,0.1343864180609179,1.0,0.05443399878929357,49.65867158671587
186.0,0.004603715500767348,0.26777383559218115,823.0,0.4206106897873189,4.0,0.001149021062749389,66.40682656826569
33.0,0.0007063009641537771,0.783635161961028,841.0,0.13523281674238888,3.0,0.02883622315404044,62.78136531365314
459.0,0.00017784388944670892,0.7292768114987018,941.0,0.17751276297380733,1.0,0.016065729088140055,49.73247232472325
243.0,0.03210757404357974,0.49638582691501043,851.0,0.17592625192281058,1.0,0.001296684065859312,63.874538745387454
29.0,0.01839103787837327,0.842621341292037,803.0,0.3086612667637176,1.0,0.08732660894617333,62.440036900369
219.0,0.0004304687240584804,0.712151651273047,77.0,0.23277298526173024,1.0,0.0997793204689283,59.271217712177126
36.0,0.00022861346945634203,0.7322435156360165,281.0,0.10129723227838265,2.0,0.06973007339284507,61.692804428044276
30.0,0.00042302805947201855,0.0016341863515990651,1010.0,0.5133325447340683,4.0,0.0035537869020129194,66.29151291512915
243.0,0.0015242176140908901,0.8117566645883713,101.0,0.4090265154915599,4.0,0.04656661956025617,53.27490774907749
217.0,0.005346130931956785,0.34654657060597915,873.0,0.7823489585705954,2.0,0.021323605367274526,66.9880073800738
195.0,0.00021924215022802885,0.03313190569067481,74.0,0.6671966065806025,4.0,0.0760678230209469,54.501845018450176
121.0,0.00011089712016785041,0.17929290244041096,107.0,0.36158314306738654,2.0,0.017151957289690458,54.995387453874535
94.0,0.0018318409634645804,0.5279146340327362,84.0,0.1491771286988208,1.0,0.060336153550908767,62.46771217712177
155.0,0.03138459262420871,0.23578370719373143,542.0,0.6479637054094385,4.0,0.09359171071646248,53.44095940959409
23.0,0.0002806559008147884,0.8455618307156982,135.0,0.1574370618538133,3.0,0.0030814934932210654,58.11808118081181
93.0,0.07306153347321286,0.06145480624960298,402.0,0.5844418984083981,1.0,0.05967268273584057,62.61070110701107
92.0,0.0015579212547380732,0.714716741947972,139.0,0.22226688948745466,2.0,0.06215327368437037,61.50369003690037
223.0,0.006602099492325903,0.5771016704975889,138.0,0.18860142022895646,3.0,0.05282015466694162,59.85239852398524
123.0,0.005076033309207239,0.25205394182171426,997.0,0.3508502872832178,2.0,0.09310934444762356,61.4160516605166
17.0,0.001536788731162107,0.29216636886947245,840.0,0.4084439000983084,1.0,0.08507708821637659,62.45848708487085
17.0,0.026017088130434764,0.5674740277257968,228.0,0.11805899851557314,2.0,0.08815211793142538,61.81734317343174
16.0,0.00716576913000886,0.35235415580307505,899.0,0.19299065969137602,1.0,0.038206175830465226,62.91512915129152
196.0,0.000569011288889622,0.8303513418235265,913.0,0.3184985843053897,1.0,0.08946002813843648,61.23616236162361
41.0,0.035689085046633616,0.015083592926960043,98.0,0.27098697108621334,1.0,0.037332628253529315,62.896678966789665
390.0,0.00031959889321522963,0.07678946940822362,223.0,0.10623395701966817,2.0,0.023323811722281988,58.18265682656827
223.0,0.00032594005881714813,0.27042448692150445,100.0,0.19688999941819738,4.0,0.07566329225983824,47.495387453874535
92.0,0.00023447212160013486,0.6304053164514302,332.0,0.24581773763332015,3.0,0.009158352267698957,58.08579335793358
100.0,0.007843265107895618,0.7008460778674611,189.0,0.25221213046539626,3.0,0.05190751934955474,53.44095940959409
32.0,0.00041045818551171915,0.1635642689925112,93.0,0.1356388515384091,3.0,0.020824644837104226,59.50645756457564
106.0,0.0006933909507555049,0.04262801119405901,104.0,0.5461505399141162,2.0,0.037777432575011476,61.84040590405904
98.0,0.0033510243677247423,0.6929507179094044,161.0,0.42466539735346803,3.0,0.01999475086390251,62.99815498154982
51.0,0.004151752608567586,0.6945473998132273,145.0,0.18857722511794128,3.0,0.04725756759476177,53.44095940959409
75.0,0.0002892438878020738,0.31585553524085097,395.0,0.5827584777578436,4.0,0.08594848055603412,55.38284132841328
300.0,0.0029284724937316702,0.02314978921455324,81.0,0.19889871100195602,2.0,0.09647204383840716,60.262915129151295
393.0,0.06969156904012927,0.432220124575589,823.0,0.37406907223564895,1.0,0.0725006850619385,62.52767527675277
51.0,0.017100853926514167,0.6345160832564763,351.0,0.7621966760882801,4.0,0.032332991451355875,53.44095940959409
164.0,0.05626685625820832,0.4279457880479435,149.0,0.12126950975758254,4.0,0.07467474001576577,53.44095940959409
452.0,0.0013488698819431417,0.3097570968736518,134.0,0.10736737127253901,3.0,0.030935668877503226,54.5479704797048
99.0,0.0019122082568439622,0.7970306455890422,68.0,0.20798731345013868,4.0,0.03236170214482822,53.93911439114392
116.0,0.0006469612625053316,0.8948804504368295,95.0,0.17458394870320787,4.0,0.029832660995926918,53.45018450184502
132.0,0.0009055654773035002,0.9315777558476644,960.0,0.2856386864129944,3.0,0.05532759685916163,58.33487084870848
32.0,0.004907284696177237,0.009440227313403438,80.0,0.18493959227036558,4.0,0.0747783224958354,53.44095940959409
21.0,0.015324376665213003,0.1488852932982503,300.0,0.12584930955216347,4.0,0.051658743832630236,53.44095940959409
308.0,0.0036170357586243936,0.4694297201634927,237.0,0.1763570129308421,2.0,0.046412537756692865,62.58763837638376
78.0,0.0007416400074507197,0.8042881156185343,93.0,0.9768062413681351,2.0,0.06816599698626513,61.798892988929886
48.0,0.005533274121000906,0.33910925835713157,355.0,0.24596786763111456,4.0,0.07651312814099252,53.44095940959409
35.0,0.0002992023328429588,0.12653257476641055,357.0,0.8381540821357731,2.0,0.07989264637272514,61.74815498154982
470.0,0.0038866856987614254,0.7250983823365211,297.0,0.10359090970342208,1.0,0.06892662822586142,62.047970479704794
39.0,0.0019791647667391655,0.852586381622762,204.0,0.4696137004927951,1.0,0.04249449757793877,62.77214022140222
393.0,0.00021081534196661054,0.14447609118628235,67.0,0.2999484991599879,3.0,0.08734203753689912,47.011070110701105
34.0,0.027694513611783437,0.585104284168454,66.0,0.44739995454169945,1.0,0.04398464850332192,62.81826568265683
374.0,0.008227671574563868,0.06338591398116822,839.0,0.5368189997366394,1.0,0.014975752089853906,63.27952029520295
54.0,0.04763657650578095,0.18708555586919662,556.0,0.1520994091548363,1.0,0.03376976929181148,62.91051660516606
284.0,0.058133851166483806,0.9695612710762836,396.0,0.414491140170008,2.0,0.06189346617660439,61.90036900369004
332.0,0.021128182606822407,0.7970346452269454,506.0,0.12592849517483348,1.0,0.014128104078778748,63.4409594095941
510.0,0.019398620900174773,0.581334519331969,450.0,0.2444054592966264,2.0,0.09483973336920114,61.39760147601476
20.0,0.00020373288209336838,0.5450849961982659,127.0,0.2505072928787923,1.0,0.06377485282251778,62.32472324723247
28.0,0.0001056776577426704,0.3050648768628569,102.0,0.9162922210711167,1.0,0.023510829239936287,63.118081180811814
21.0,0.004046866123147481,0.2653156129367432,830.0,0.4138323478240901,1.0,0.09942524652454751,62.40774907749077
22.0,0.0005811450596797048,0.520244423129181,885.0,0.372360435129379,1.0,0.08208119457254205,62.45387453874539
20.0,0.0021534710307244795,0.8909613368084885,133.0,0.1792023778369325,3.0,0.08487504521074586,53.44095940959409
31.0,0.022557796157247813,0.14355617865982784,228.0,0.3246421770421219,2.0,0.008854345816818088,69.4880073800738
230.0,0.0055417173292732404,0.37505263068163763,192.0,0.35731469328862575,3.0,0.013115431407072936,63.47324723247233
54.0,0.0018118184809858566,0.6113394851352298,248.0,0.15821474981786227,2.0,0.03088884565894024,64.12822878228782
19.0,0.00015862224242027203,0.8528513557084967,328.0,0.17899786272172866,1.0,0.031267246908118024,62.32011070110701
147.0,0.07549261984359566,0.08927354986379288,162.0,0.38168112521732905,2.0,0.001938638018800044,70.85793357933579
110.0,0.0039223402512093665,0.23231503590300873,111.0,0.13132685322946197,3.0,0.05408607394210568,59.76014760147601
146.0,0.00031282052969065885,0.6898766395695342,411.0,0.2664128247395534,3.0,0.02072942259066873,56.12546125461254
65.0,0.0004204895963204692,0.9841549556371425,254.0,0.7054844595930173,2.0,0.017802718672283505,60.35516605166051
62.0,0.0005262813073598479,0.99365908174901,95.0,0.36044570557470157,2.0,0.09176860968537799,58.4640221402214
16.0,0.0734372396295632,0.2037121881797933,124.0,0.10671079331174314,1.0,0.025077342711606995,63.1549815498155
22.0,0.08228684221961886,0.7502928537834889,610.0,0.39152975343568747,1.0,0.08839376525579258,62.53228782287823
19.0,0.0019061049672909405,0.5190992531501661,398.0,0.5466089107648066,1.0,0.015396757260855692,63.41789667896679
50.0,0.0002820247703058045,0.48236240902817873,116.0,0.10475002327423315,3.0,0.03719351016810935,54.012915129151295
449.0,0.016950137190239203,0.5779225103816114,914.0,0.1097073002069911,1.0,0.07592783197513088,62.41236162361624
179.0,0.008645485816375299,0.0707819908533045,586.0,0.8560222343912317,1.0,0.037967584613677434,62.83210332103321
44.0,0.03972337879976835,0.3196530995840017,541.0,0.17782221046147853,4.0,0.04368451193396688,53.44095940959409
327.0,0.02495270275879406,0.11881530750265978,958.0,0.13381452261116486,4.0,0.04479930325979417,53.44095940959409
199.0,0.007596151511824352,0.38415424378553786,401.0,0.1195375414105456,1.0,0.06889331011002384,62.48154981549815
179.0,0.055916876176006804,0.5931713437516348,330.0,0.12161249590319667,1.0,0.051702784610305884,62.684501845018445
18.0,0.000867415439323057,0.05525433965650062,1017.0,0.35636114338633723,2.0,0.03463927879255699,65.58118081180811
16.0,0.007709243704979425,0.14674593120691015,757.0,0.14389811672010264,4.0,0.026941515044486546,66.72047970479706
60.0,0.00010170326046359837,0.5213958159023464,77.0,0.1857408374170257,1.0,0.005317265002854102,57.20479704797048
301.0,0.00031467294725232535,0.9330489939998398,791.0,0.10184623809701447,3.0,0.06816590010585916,56.3929889298893
321.0,0.026874795892808025,0.7470947017271705,431.0,0.12719289772114167,1.0,0.021931252851238665,63.16881918819188
60.0,0.028947871372059005,0.14960282015380622,580.0,0.39954432872891804,2.0,0.05181443310148797,63.533210332103316
16.0,0.0004989605788938958,0.6186874643192022,661.0,0.2481385383447185,2.0,0.017784287458515884,64.88929889298893
34.0,0.027419660692440125,0.3123384018953096,82.0,0.16428568225017998,4.0,0.09480610126085491,53.44095940959409
254.0,0.00013679741252258052,0.666305190169729,115.0,0.24726973208278225,3.0,0.034524074309443355,52.91974169741698
43.0,0.025830551938171877,0.07502026397750494,76.0,0.9725819514478142,1.0,0.002376201646496291,63.91143911439114
46.0,0.0012808801728943868,0.014634881528689081,327.0,0.10775500610825058,4.0,0.09293584363277843,53.44095940959409
28.0,0.000372264876699702,0.948307000281379,557.0,0.2740167915592516,4.0,0.04324956998327886,53.45479704797048
148.0,0.0002846801104825752,0.7012690729525561,215.0,0.37326781490016625,2.0,0.012523678986417057,60.57195571955719
49.0,0.014514809439257153,0.24727580548626682,199.0,0.395300104510871,2.0,0.0005180244156226848,70.02767527675276
228.0,0.0014502941873494664,0.7983035836175425,173.0,0.24452328042030008,3.0,0.014596994022528969,57.610701107011074
73.0,0.09889472649046882,0.04846330435480439,386.0,0.8007135784369986,1.0,0.06838667639131456,62.5830258302583
425.0,0.03186195210082473,0.1733722571060634,499.0,0.39988924515431284,1.0,0.01491736173024286,63.43173431734317
133.0,0.03235070550738264,0.5861993601552831,805.0,0.3262017336755869,2.0,0.04256643702443377,64.69557195571956
21.0,0.00442259468897619,0.7976913455453754,394.0,0.11928099902597682,1.0,0.017630407249303457,63.44557195571956
511.0,0.00495962003331422,0.5089957130616272,88.0,0.1646807207841662,4.0,0.03943645224792207,55.66420664206642
132.0,0.0007624623798919495,0.1018226948955433,65.0,0.3705598479331082,2.0,0.020513009897165535,60.438191881918826
402.0,0.0011985148255160723,0.12318049695923938,811.0,0.331195656167112,2.0,0.030456802357898778,63.70387453874539
32.0,0.0028696922851637057,0.15503614030246815,94.0,0.8479880564272487,1.0,0.001542922171988896,63.84686346863469
23.0,0.0010757104931689084,0.1239204471781179,296.0,0.25181757973802,2.0,0.02063020515545525,65.9870848708487
93.0,0.011369331454777908,0.08215413326423371,329.0,0.3122278975050601,1.0,0.011623523745678863,63.533210332103316
25.0,0.0005740873910456576,0.01872000465744672,358.0,0.5486185682537736,2.0,0.056915890679914115,63.4409594095941
94.0,0.013568565335403255,0.6954213461363126,101.0,0.716915919152582,1.0,0.028472679290060518,63.058118081180815
16.0,0.0016446781166223768,0.05385068001533322,88.0,0.3569356194016434,3.0,0.0876553598247346,53.44095940959409
75.0,0.07655158771739712,0.552591937108823,236.0,0.10232650731201876,2.0,0.08674219104607347,61.70664206642067
75.0,0.005723787953206631,0.2660256441947175,274.0,0.585388434399973,2.0,0.09301792493014203,61.65590405904059
294.0,0.009052552782328563,0.42100347210082223,140.0,0.1931714081988226,1.0,0.024652346438025045,62.97047970479704
110.0,0.00013274870040776043,0.49303215633672304,650.0,0.5836166507177384,4.0,0.00897715850431253,56.01476014760147
131.0,0.00010149556720251864,0.35360124758474876,201.0,0.10195534371449898,4.0,0.08440475751855042,54.55719557195572
145.0,0.0016569840103055338,0.23266098343389197,422.0,0.9118630390142958,2.0,0.05326726684499016,63.33487084870849
197.0,0.0004249309258255977,0.28898548547808134,674.0,0.424193464889828,4.0,0.08785470308700462,56.54520295202951
140.0,0.0002530805401508903,0.6382039274075779,66.0,0.24375437130880628,1.0,0.05902259703074147,58.64391143911439
64.0,0.0023998058866257135,0.10230702094711064,238.0,0.7194801191900332,3.0,0.07427664969192722,53.44095940959409
170.0,0.0041444355467284595,0.4446541667961522,123.0,0.7285665750585381,2.0,0.033702025750679626,64.98616236162361
461.0,0.0041122385294729445,0.29775651808234993,453.0,0.20001472569796408,4.0,0.09378260718449415,56.51752767527676
50.0,0.00021592214334255368,0.9213095329561687,502.0,0.435099007051865,3.0,0.02218377894998397,58.68081180811808
150.0,0.07264828055265779,0.901725531562466,145.0,0.14737554575016293,2.0,0.03753305273493473,64.00830258302584
449.0,0.007657419996010848,0.9193374799111949,118.0,0.14983306026309248,1.0,0.029784198434016498,62.62453874538746
112.0,0.027983014297275597,0.3689934301893586,194.0,0.5399002946730747,1.0,0.06332402814553073,62.56457564575646
267.0,0.009769507375743723,0.17878290762723203,193.0,0.1329778242234777,3.0,0.06472764177778217,59.271217712177126
86.0,0.00015760091796504313,0.5333956370685824,90.0,0.10759669088930145,1.0,0.031582113423169654,57.20940959409594
255.0,0.0005062690919618299,0.3640431483140143,285.0,0.20461127663408588,2.0,0.03780020115680669,60.11070110701107
328.0,0.00013178394753078862,0.8816180212581273,86.0,0.3242005778407646,4.0,0.07264644094117403,53.47324723247232
17.0,0.0004982358222692861,0.7086555479745745,376.0,0.3266873738499461,3.0,0.09565321856363698,53.44095940959409
52.0,0.0001394899665161174,0.480632032594434,521.0,0.15014045936847434,2.0,0.012852271884028868,62.41236162361624
61.0,0.008434561335120615,0.15082797617142507,137.0,0.42415305679664905,4.0,0.021945659347244684,53.44095940959409
66.0,0.004091316139060521,0.6019968310552845,794.0,0.40524433127192006,1.0,0.04565129258607514,62.7029520295203
56.0,0.005535647535310547,0.46556629393425275,190.0,0.3879963437828281,3.0,0.057651215167434634,53.44095940959409
113.0,0.0014261130328423934,0.8808198126373238,124.0,0.6086084671159717,2.0,0.049805054750582146,61.48523985239852
189.0,0.005190517278176634,0.50980643785275,173.0,0.2260611268875418,4.0,0.0364914767899981,56.3929889298893
110.0,0.007156605566459787,0.8264594178691883,248.0,0.2107820903185989,4.0,0.042719898914069396,53.44095940959409
62.0,0.0024073017848932608,0.8616831399506006,140.0,0.26632530557734996,4.0,0.04952127399850549,53.44095940959409
62.0,0.008981844792286654,0.8686171204624425,97.0,0.3153830127556414,2.0,0.0620380871034427,61.997232472324725
379.0,0.006476382354884111,0.23362328597269943,171.0,0.45904433591869725,3.0,0.07059265451674371,59.24354243542436
499.0,0.03177999169212311,0.22940404590117258,222.0,0.40725584004502824,1.0,0.0999418462594266,62.315498154981555
163.0,0.00039731719613965563,0.9404703982739092,273.0,0.1669934857687566,3.0,0.005932873222244598,55.1660516605166
127.0,0.0031765210155985414,0.5423495038239002,312.0,0.228282341099538,1.0,0.05782292026732502,62.55535055350554
349.0,0.031109873944757952,0.7887643688963656,234.0,0.13540078536736333,1.0,0.02686394221573025,63.039667896678964
39.0,0.004337156276697199,0.7043012050719293,502.0,0.5821715105931079,4.0,0.07548738385097985,53.44095940959409
23.0,0.0009017404174954961,0.12668409305277606,114.0,0.16836154053828775,3.0,0.09851792669621828,53.44095940959409
359.0,0.01029178036350864,0.5476979551907286,370.0,0.16109937110277237,3.0,0.07779304928153175,58.87915129151291
357.0,0.0012525666756893622,0.5280013328974347,124.0,0.46433687759865555,1.0,0.012531093458919531,61.80350553505535
168.0,0.0021554568864530807,0.5434942827902025,501.0,0.5657548244166747,1.0,0.0979059465387852,62.3570110701107
73.0,0.0010554214512591988,0.500329477419219,242.0,0.1339520092480294,1.0,0.0813122510519816,62.292435424354245
16.0,0.0001239721072264952,0.492398098747611,229.0,0.2209547759887024,4.0,0.0403301839794539,57.2739852398524
226.0,0.01256537445014525,0.8506415069797103,101.0,0.15352411413926934,1.0,0.07624897270300542,62.42619926199262
212.0,0.00026362150103126836,0.3701012607974966,542.0,0.24961711322346658,3.0,0.009203671077165005,58.593173431734314
23.0,0.0007380032219217452,0.789429381354676,205.0,0.17886502572170537,2.0,0.04205710944825343,62.90129151291512
30.0,0.0001896168087186498,0.9346564946398276,338.0,0.9075150478584049,2.0,0.06348201595752893,61.964944649446494
30.0,0.00010475980525757722,0.7537712691824091,506.0,0.22820460181167732,3.0,0.03807653529222691,60.65959409594096
27.0,0.0004937924377387518,0.28120778773346533,141.0,0.2161492116211204,1.0,0.02934918894513051,62.69372693726937
18.0,0.0003461246867387396,0.8124170414602192,702.0,0.18422803260295223,2.0,0.09456238733640475,61.964944649446494
144.0,0.00032858704887793065,0.39899900534029886,735.0,0.10015221401784563,4.0,0.05170475646770548,52.82749077490775
405.0,0.04453394395061355,0.5245988361730016,988.0,0.4390499285181819,1.0,0.05803704059954333,62.578413284132836
36.0,0.010338895535220698,0.37412908213258356,769.0,0.8039159698970412,4.0,0.03494222188941781,53.44095940959409
99.0,0.00022801816592803054,0.09156537168473122,134.0,0.10907388396756335,4.0,0.009354395373163306,51.619003690036905
38.0,0.014617754638721996,0.12046431967133153,519.0,0.7204371544612989,4.0,0.058552422986844384,53.44095940959409
271.0,0.00023374598805064086,0.8831126877987134,380.0,0.1901556171475029,4.0,0.09338110015190597,47.518450184501845
73.0,0.00447867385235591,0.8096874593665156,647.0,0.1467983322997931,3.0,0.08573184930695597,53.44095940959409
79.0,0.0741769949574361,0.20441100220756725,76.0,0.5009005897809204,2.0,0.02902336791555544,66.39760147601476
365.0,0.0015807148895231554,0.8403742553832863,670.0,0.6167114054166474,4.0,0.03064470861133357,54.65867158671587
49.0,0.013321727239272592,0.6107126434073471,145.0,0.13951185750914394,1.0,0.006154998695535185,63.7269372693727
161.0,0.0004679908244948086,0.39585587761382,95.0,0.5656728612505081,1.0,0.06762203026919712,61.858856088560884
384.0,0.00012061321063203093,0.8490276776740786,495.0,0.4082263970513295,1.0,0.023154561518083823,50.00461254612546
72.0,0.00146201613295,0.8468218893036527,480.0,0.6509455820230987,2.0,0.014638747771704127,64.30811808118081
18.0,0.00038739892511146373,0.7168673570617544,522.0,0.3972191686247721,2.0,0.07632260820490608,62.241697416974176
68.0,0.0029901896125777293,0.14140711810699957,395.0,0.4699313924626712,3.0,0.06289763443041103,53.44095940959409
25.0,0.01843380844464286,0.44489472418834985,869.0,0.2154724420077682,2.0,0.06485679418491828,61.87730627306273
88.0,0.0038547165902872624,0.6590683595983822,409.0,0.3921570136972271,2.0,0.06097619305955427,62.315498154981555
61.0,0.007469052578056647,0.10504778693002603,617.0,0.25158071847195407,3.0,0.05261037543078517,53.44095940959409
103.0,0.0014697601408684368,0.19779682548781863,162.0,0.3393987438757056,3.0,0.07629741087327335,59.43265682656826
17.0,0.010211855801767918,0.7317917588384361,319.0,0.1186090425463866,4.0,0.09464684010500211,53.44095940959409
75.0,0.0014365048360445755,0.9806787203711824,157.0,0.40875429013970693,3.0,0.018284593370228804,53.77767527675277
495.0,0.04334270909693656,0.20746346477997835,121.0,0.8833647386259912,1.0,0.07835391901450883,62.44464944649446
191.0,0.0036131542308591143,0.1978488072925747,92.0,0.9792307850916381,4.0,0.05487584484131724,53.44095940959409
277.0,0.04911530550473322,0.24786884946788001,249.0,0.25044046414344195,3.0,0.018469091655598516,68.20571955719558
18.0,0.0002915934917237394,0.8299000895861083,569.0,0.22150295521815178,1.0,0.015032026947178208,62.79520295202951
58.0,0.013909055857337505,0.020712497305284572,66.0,0.1014571934835807,3.0,0.08824733008717307,53.44095940959409
48.0,0.00014235336770325067,0.8460114347601038,117.0,0.5069440679043159,1.0,0.0014887258894737897,61.62822878228782
138.0,0.011158322811016605,0.8519496731734766,68.0,0.7972594639065295,2.0,0.060656454615431184,62.00645756457565
130.0,0.001801514424926261,0.6003876151486842,572.0,0.10000386302346072,2.0,0.0573785820768733,63.57933579335794
265.0,0.0602616943685697,0.020489131117894743,96.0,0.4275065365447404,3.0,0.06747246345561651,46.55904059040591
298.0,0.006439243304949174,0.873774630359853,710.0,0.21890217765151876,1.0,0.05253728994794473,62.58763837638376
259.0,0.0004908037618298154,0.09208008119135647,771.0,0.18807109480697595,3.0,0.009576860969120768,60.31826568265682
44.0,0.002349507482529135,0.22807322596110413,304.0,0.837685273247695,3.0,0.010058054959852555,69.76937269372694
25.0,0.00344724430486278,0.4743367425830953,210.0,0.439714455053972,2.0,0.04855894535271498,63.754612546125465
63.0,0.0071009437353746355,0.5992701763212286,153.0,0.3227588589203104,2.0,0.07425005747843813,61.68357933579336
31.0,0.00019489332454345902,0.13280784754750385,717.0,0.8604872912024117,2.0,0.03610872887061559,64.9769372693727
498.0,0.016590800627003837,0.7429554816409254,395.0,0.1173734579193267,3.0,0.008882849388141692,63.40867158671587
46.0,0.000285378849343582,0.09854505203278174,130.0,0.8260117676135444,2.0,0.002238668130162408,65.12453874538745
425.0,0.05821265503077502,0.25278649966203115,68.0,0.817415631206721,1.0,0.03380285755249881,62.94280442804428
185.0,0.0002199459499374195,0.08824075201185766,317.0,0.23772306795775625,4.0,0.09722659253614611,52.260147601476014
296.0,0.0001497139269069016,0.7074175385471113,155.0,0.15124773477347614,2.0,0.025623848942346754,53.906826568265686
88.0,0.007462158366370797,0.2541883460053649,619.0,0.22831568964586815,2.0,0.04585011204362069,64.27121771217712
289.0,0.0041489581844474,0.47559238553425576,162.0,0.38400246771678204,4.0,0.04086195640660512,57.693726937269375
35.0,0.03273886030852325,0.6000030208517677,184.0,0.6372538192477661,2.0,0.03732408851868156,65.13837638376384
55.0,0.00010474775175794363,0.21747577630553372,553.0,0.5452412528549976,4.0,0.09885619407416683,59.109778597785976
296.0,0.015591581806138753,0.15062169802517122,309.0,0.1933980613780223,2.0,0.08272276995405592,61.66512915129151
54.0,0.00015727584664963185,0.2061422854100885,240.0,0.14808833762708784,2.0,0.07773061125998235,60.51660516605166
53.0,0.0016082126955396104,0.24368066071005645,402.0,0.8058299010356182,3.0,0.0771182503297246,53.44095940959409
70.0,0.04603178966851865,0.05686665086316922,169.0,0.28394149046435785,3.0,0.01184340343532471,69.69557195571956
22.0,0.047475258483539805,0.982745638013778,799.0,0.2483052123065211,1.0,0.07422481787436862,62.61070110701107
156.0,0.02648713643214416,0.4136006520214035,407.0,0.43056515077130186,2.0,0.017227663267991356,67.83210332103322
20.0,0.006867289574058836,0.19153372137499114,99.0,0.5531891744123965,2.0,0.06991840355913412,61.77121771217712
483.0,0.0009201761381999887,0.6720331172674507,194.0,0.5201347000840335,4.0,0.04576230253993905,54.71402214022141
432.0,0.008284729260731174,0.7372913623527051,118.0,0.17449839161691993,4.0,0.031886594120955264,56.785055350553506
42.0,0.00032743921178430386,0.5120563847550325,349.0,0.14697282352482835,2.0,0.09853583049757396,61.91420664206642
47.0,0.0102283796676298,0.08871105889437048,72.0,0.5720909562693419,4.0,0.08921475587696066,53.44095940959409
38.0,0.0006889642108805307,0.8629786828397062,125.0,0.20372959769565616,3.0,0.030221277823886148,57.541512915129154
33.0,0.00010421095382742337,0.4199125996119143,305.0,0.8944196212686146,3.0,0.042181785451279256,61.56826568265683
210.0,0.00017734351020630608,0.8065042426832599,71.0,0.12019107752470126,3.0,0.07944944394892785,46.0470479704797
42.0,0.00024864606586087637,0.8052375721700736,95.0,0.8628809961090939,3.0,0.019112847769819207,60.02767527675277
79.0,0.0004025608257965822,0.5823833100798416,220.0,0.31198633901865885,3.0,0.08955720832337352,59.0359778597786
174.0,0.0001835977244479591,0.5946049095421762,117.0,0.7017539617912516,1.0,0.04569900718088276,60.59963099630996
406.0,0.00038998981542236996,0.8825319800507081,548.0,0.3430854166865951,1.0,0.020102234966418314,54.37269372693727
197.0,0.0005799676403725881,0.5002849274804415,544.0,0.17757183526757844,3.0,0.0427749032292111,60.24907749077491
124.0,0.022743909749492003,0.3947969032538704,110.0,0.525039460715295,4.0,0.054555793735055196,53.44095940959409
286.0,0.00027588267584628483,0.9760414052848961,191.0,0.44196610636556066,3.0,0.04896832533480288,53.971402214022135
28.0,0.000491952776745487,0.4207595200907581,179.0,0.6629221198386649,4.0,0.051925790097721525,53.44095940959409
147.0,0.00029004501816830037,0.1192598111481874,641.0,0.19583171893935666,3.0,0.09441365014386852,59.67250922509225
65.0,0.005005234454422996,0.008212210965328537,649.0,0.6582460224355267,4.0,0.048291091967072666,53.44095940959409
18.0,0.0047713526760119794,0.3082334180349988,71.0,0.2131051538569149,4.0,0.07368758787872687,53.44095940959409
390.0,0.09291548644977221,0.8592884893572144,424.0,0.10083877638553862,1.0,0.04353844706777582,62.71678966789668
102.0,0.0051420971210043775,0.9675142506064647,68.0,0.26353185423037306,1.0,0.09709513145248194,62.36162361623616
72.0,0.00015278485037560017,0.001366841190672985,113.0,0.2303530488775961,2.0,0.08069194436413309,57.905904059040594
17.0,0.0009281722043722158,0.9300592464203333,591.0,0.44987297966123213,1.0,0.029256675958296625,63.058118081180815
18.0,0.0008356717761118912,0.37158601556512927,526.0,0.11384036117960983,4.0,0.09449617126926899,53.44095940959409
253.0,0.0004404035555766951,0.729719018364643,807.0,0.3636051821519679,1.0,0.07641066292086408,59.511070110701105
46.0,0.00018770542296310915,0.588842541921058,428.0,0.2050445176664494,1.0,0.09162169590298569,61.51291512915129
217.0,0.01643242018679855,0.9585669535957945,186.0,0.18441419267864761,2.0,0.0610617434447283,61.90036900369004
231.0,0.0003359786688876428,0.2007155952505294,97.0,0.10891612001260625,2.0,0.0912323754430165,54.981549815498155
26.0,0.0008137080492997361,0.72107935961514,131.0,0.11919341229964932,1.0,0.048469881367595245,62.68911439114391
34.0,0.0001515887267193052,0.35155063582169355,556.0,0.1072036294924243,3.0,0.021384761099081103,61.13468634686347
39.0,0.00020620701271433886,0.0846472266978614,206.0,0.1111394486406088,2.0,0.027290543848829632,60.936346863468636
65.0,0.00023925024877468,0.750116455306028,337.0,0.9003298429497734,2.0,0.03488175564345042,63.69003690036901
150.0,0.0004054736979696958,0.6782018996578125,216.0,0.25351562225710705,3.0,0.02293337423833631,54.345018450184504
28.0,0.012304789849947552,0.5610536358738664,147.0,0.323561891359881,3.0,0.02848438418081343,66.45756457564576
405.0,0.0002142916770459862,0.39601039536910243,85.0,0.5928612482106652,3.0,0.07870324700212084,51.18081180811808
27.0,0.005618954885883781,0.9472205194029273,149.0,0.13683816072623273,1.0,0.07569710996083917,62.5
39.0,0.008434032260135694,0.3901477773483475,542.0,0.32824913146607604,1.0,0.061131267340357925,62.59225092250923
17.0,0.0003740541567375205,0.4441679842779622,180.0,0.11556088154197731,1.0,0.006231036526883743,63.06273062730627
285.0,0.008798328917545966,0.41940186045782046,127.0,0.2523732564761012,4.0,0.04375262797595569,53.45479704797048
106.0,0.0035713836301578157,0.7560878414778793,82.0,0.11515577221269183,2.0,0.04542950923900942,62.13560885608857
75.0,0.003790917019057404,0.7243027720235873,750.0,0.39561703149004984,2.0,0.04060940884192469,64.56180811808117
162.0,0.01690271012265642,0.2732890697172914,492.0,0.27086709649508495,1.0,0.03450788706520617,62.89206642066421
27.0,0.01279521962652287,0.45394505330456647,693.0,0.13594004288949238,2.0,0.017452098873998033,67.95664206642067
148.0,0.00023864928692846386,0.25468214666281863,204.0,0.566022377550366,4.0,0.06598193017546933,56.51291512915129
260.0,0.021616195520642298,0.5327903086289671,197.0,0.539737092945245,1.0,0.08100960492620243,62.4169741697417
170.0,0.001544754191800713,0.6884030156265046,562.0,0.3232404507691297,1.0,0.07810006004842891,62.26937269372693
122.0,0.05573597955920173,0.014801349516775142,169.0,0.8329134320207559,4.0,0.005531562513474064,71.489852398524
17.0,0.003046374677908613,0.5992297447775652,77.0,0.1369287272484286,3.0,0.07841623914317783,53.44095940959409
89.0,0.012067052443781142,0.33017515987878476,167.0,0.27515698645140174,4.0,0.09140596695344771,53.44095940959409
299.0,0.004812879030422639,0.7519216513426885,78.0,0.3220530557458552,3.0,0.0970766816997462,54.37730627306273
234.0,0.00035264142297672857,0.5786339476519583,235.0,0.4628533917391005,1.0,0.011183420794784961,59.451107011070114
22.0,0.00538228099531298,0.6424447542803917,97.0,0.7553877338026251,1.0,0.08019178775133334,62.50461254612546
46.0,0.0022792430911582552,0.7791578464810334,140.0,0.17987779497510878,4.0,0.08886183127671564,53.44095940959409
78.0,0.000789827056930533,0.2980915062616041,64.0,0.5785878475936073,2.0,0.06342144946153577,61.94649446494465
240.0,0.003225447844892206,0.46473777504822855,108.0,0.24931404401075233,3.0,0.05904276708942308,58.90682656826568
90.0,0.0025056674992304075,0.9658884119509853,178.0,0.29747445916647103,2.0,0.05871973288122606,61.466789667896684
18.0,0.013448028595601904,0.9065575337455674,468.0,0.13898129232616666,2.0,0.034102278758556495,64.9769372693727
90.0,0.0019310804449209327,0.06878475410639728,599.0,0.19587769862840038,1.0,0.00092567952445703,63.1549815498155
242.0,0.0024151881970339096,0.6614941906753535,137.0,0.1307845150497314,2.0,0.06211316569551413,61.30996309963099
18.0,0.0017330099130422778,0.40135042704351565,164.0,0.16831845309845103,3.0,0.045813646647311065,53.48708487084871
383.0,0.00019200981391348092,0.49995004869569726,530.0,0.50742596710465,2.0,0.09537844580228126,58.85147601476015
433.0,0.002127384073159754,0.6934829032118242,118.0,0.7735509453145294,1.0,0.09371686947283817,62.33394833948339
34.0,0.013077456917869193,0.18771012898964767,288.0,0.17734052401773515,4.0,0.06833106457444343,53.44095940959409
220.0,0.0005285150608556767,0.10006885443784441,313.0,0.1304243798032573,3.0,0.005739148255991004,57.85977859778598
41.0,0.013595460326240278,0.5764651200313339,92.0,0.13125860094344283,3.0,0.04632938933200167,53.44095940959409
137.0,0.0003843352454137501,0.37702232084873666,903.0,0.10807452935882178,2.0,0.01791107541281579,63.095018450184504
50.0,0.0033665315961169005,0.3831929680023406,982.0,0.22790453512392617,3.0,0.0371135100536697,64.28044280442803
29.0,0.0005948115986712902,0.8978614402206654,260.0,0.4511995050257555,1.0,0.07823618851086458,62.49077490774908
224.0,0.020529791629818352,0.41906832335489475,127.0,0.3499277184107272,4.0,0.07638972013370449,53.44095940959409
17.0,0.00024197155160646922,0.4692529194716891,284.0,0.7547678642556673,1.0,0.023686634583124044,63.201107011070114
149.0,0.00033428618928340155,0.39375340845967266,197.0,0.5399487389608707,3.0,0.07446684613232925,57.05258302583026
175.0,0.002480196185555757,0.5190129396089959,83.0,0.7678183288700363,1.0,0.09928709819069592,62.3570110701107
39.0,0.00011083469220689014,0.7357300439681899,695.0,0.9726115539495527,3.0,0.03223388500035456,64.83856088560886
25.0,0.0029742580579881278,0.6921042786170974,154.0,0.18399049623795516,1.0,0.03646759126447917,62.89206642066421
20.0,0.004930608219618206,0.39254696499213826,517.0,0.37373799578892863,4.0,0.07283381504157498,53.44095940959409
121.0,0.006005857204810218,0.17808938448771772,697.0,0.4716643660589038,2.0,0.019031374401698862,66.80811808118081
270.0,0.00036683052398084386,0.8496163928191988,269.0,0.8302439593629657,3.0,0.016450794342585277,59.62177121771217
110.0,0.0005487035862371078,0.4778111149965649,256.0,0.8196436950920073,3.0,0.07485560964469846,59.197416974169734
204.0,0.00023397649560069313,0.2460215616293968,153.0,0.5074331369571826,1.0,0.06752530220004707,58.523985239852394
21.0,0.0055800921601151104,0.7314229951601742,387.0,0.12289579489358164,4.0,0.09534765435668915,53.44095940959409
77.0,0.009412380573292495,0.5178332710369489,243.0,0.1878281328091966,4.0,0.09288554706325314,53.44095940959409
70.0,0.03646284106580453,0.5142247178694204,158.0,0.46061705698204575,1.0,0.039420581802576696,62.83210332103321
17.0,0.038210532516792226,0.7809021210160061,624.0,0.5098503599686998,1.0,0.01680667373665115,63.43634686346864
25.0,0.005635553456011973,0.3960903400849576,242.0,0.3519908129436226,3.0,0.044735999807031614,53.44095940959409
18.0,0.00022761048622014905,0.8931411670097569,170.0,0.10886418396278155,4.0,0.0028700985802604063,53.58394833948339
27.0,0.00023429648643479695,0.19639621356798076,318.0,0.8112906033199302,1.0,0.09377392621560822,62.42619926199262
31.0,0.0010155760298557483,0.34521109986429044,596.0,0.19978117170274506,1.0,0.05323527465683587,62.65682656826568
178.0,0.0005903343979484832,0.8797613246384537,165.0,0.9076817846706988,3.0,0.04726309308581895,57.81826568265682
22.0,0.06142704006424176,0.34892405822638684,678.0,0.5181127303429204,4.0,0.0937363335327828,53.44095940959409
16.0,0.0002965542320056505,0.34244271530765646,634.0,0.7157889567405687,3.0,0.01283234223132258,65.9640221402214
69.0,0.0002224539965238232,0.33198814022389633,188.0,0.3918172668618954,2.0,0.01969853764107754,61.18081180811809
278.0,0.025851485744728144,0.5342588045284152,96.0,0.10159780600511222,1.0,0.08638729789379507,62.43081180811808
48.0,0.004445517941314165,0.8170641229112874,134.0,0.7265213463505056,1.0,0.05575466571537243,62.63376383763838
198.0,0.028748507451453822,0.16970868261358463,123.0,0.2672626997140273,4.0,0.05285592988140422,53.44095940959409
21.0,0.00026982228778760887,0.5124296890429931,193.0,0.6665264418426955,2.0,0.09229695547617209,61.60977859778598
56.0,0.015116937212351507,0.3974882796300925,797.0,0.43775335493642703,1.0,0.04935010222739999,62.71678966789668
27.0,0.009241452853088193,0.7647395407732068,556.0,0.23759437751750223,1.0,0.02393524854036388,63.24723247232472
305.0,0.05546431196147668,0.03266985867792116,207.0,0.11725466315850498,2.0,0.05583717897430718,62.559963099631
20.0,0.00016170260350850034,0.7393737556237073,612.0,0.7574327681087963,1.0,0.09068278930611166,62.45387453874539
51.0,0.00010325759432404766,0.6569263661373466,222.0,0.3407437594850868,4.0,0.03526317044653212,54.026752767527675
73.0,0.00022067012191432305,0.26530845884460985,568.0,0.47492716271360147,1.0,0.09493858552313976,61.67435424354244
185.0,0.00012602173242282013,0.039621243207622614,67.0,0.7449543496479231,3.0,0.06693258689980622,49.55258302583026
42.0,0.0010482020995503205,0.49994970392219806,78.0,0.22816758447635455,2.0,0.06328250133180868,62.0249077490775
231.0,0.0006379499666786067,0.9742029480157104,82.0,0.11901903116530019,1.0,0.08091581975477422,60.207564575645755
22.0,0.005541521882119458,0.8783910750194589,99.0,0.7206118470424369,1.0,0.03259745249439059,62.952029520295206
61.0,0.00250005080823968,0.937842131393605,114.0,0.27575336211472307,1.0,0.01118151486361446,63.4640221402214
69.0,0.0002709799853350428,0.7935830043514747,360.0,0.7707992064681386,1.0,0.014897282726136996,62.6429889298893
445.0,0.0012844487683841522,0.0361570151169186,409.0,0.19590163884789014,4.0,0.03719098525179137,52.73523985239852
367.0,0.000421439543173205,0.8081536000498708,329.0,0.600216019821774,2.0,0.0416196682637493,60.511992619926204
325.0,0.0009919028576279713,0.12355218923357902,89.0,0.7273334501298002,4.0,0.010160169181668805,57.776752767527675
77.0,0.03391412124322522,0.2027367959530746,90.0,0.4725248234321259,3.0,0.06328392392966564,53.44095940959409
354.0,0.0023046996003363214,0.21204060463901309,455.0,0.1951044115620759,2.0,0.07208176252607708,62.65682656826568
112.0,0.00016429078062289964,0.009220805484168482,485.0,0.3099932111533989,3.0,0.036132185001850725,58.224169741697416
370.0,0.009262542056043401,0.8144881214934229,401.0,0.2088422953976617,2.0,0.03811062237752602,63.26107011070111
69.0,0.008018453646315798,0.6385633530520428,198.0,0.6567232489560658,3.0,0.06186756670604273,53.44095940959409
197.0,0.000392108584234392,0.702608430219484,738.0,0.5674021013840157,2.0,0.09029477779537196,62.89206642066421
118.0,0.0032690232716168772,0.15595128904597266,906.0,0.7079612016770739,3.0,0.09261727181035273,53.44095940959409
43.0,0.08603330347192537,0.8368478444140172,288.0,0.7264933018205417,1.0,0.04591096032153114,62.859778597785976
147.0,0.014686993921469091,0.08493612749307655,97.0,0.17403686064293813,4.0,0.07268382009835704,53.44095940959409
419.0,0.0001722564887676597,0.7691031711012881,585.0,0.21079563058417156,2.0,0.02937189905926176,56.34686346863469
55.0,0.00010010296604187056,0.2318028510959843,137.0,0.49564906270973,4.0,0.024043320004181218,54.04520295202953
23.0,0.0003619270349142964,0.8280652982182293,501.0,0.17728459747124123,2.0,0.058576961834725466,62.6429889298893
98.0,0.024739207694374172,0.849270632428379,666.0,0.8421953443328716,1.0,0.07368693945049973,62.48154981549815
44.0,0.05588493874284171,0.24538487942144793,261.0,0.41521034482991287,4.0,0.07467003548239767,53.44095940959409
119.0,0.003831360315466014,0.615111536613424,90.0,0.22925819308210071,1.0,0.09861903855871232,62.36623616236162
120.0,0.005911605660747868,0.18275944354680984,104.0,0.18000803420463263,1.0,0.03496064349662123,62.87822878228783
31.0,0.00018544482445462105,0.8280315310104641,401.0,0.8257714244967769,3.0,0.020147431173285116,62.05258302583025
22.0,0.005812483826069798,0.855632105151176,734.0,0.10457242886791458,2.0,0.029453376944615063,66.07472324723247
120.0,0.0018335886664914227,0.92551096960369,169.0,0.34662142835881066,1.0,0.046997782805680614,62.578413284132836
45.0,0.00040240418195683136,0.28067779388578673,280.0,0.588037156854379,4.0,0.044860538262848096,57.67988929889298
24.0,0.0016842653925869323,0.31943329804830267,67.0,0.11842666220920745,2.0,0.076946919032543,61.858856088560884
26.0,0.036288645584111885,0.24262007237749694,142.0,0.3792938594224519,1.0,0.06642308244922862,62.61070110701107
100.0,0.037193022061996574,0.5860050502059262,185.0,0.3569361409907728,3.0,0.06745056937832938,53.44095940959409
335.0,0.0197231956321426,0.514088321441629,257.0,0.2540349329670905,3.0,0.05841136440551194,48.510147601476014
36.0,0.004168644699809047,0.3548361808996473,953.0,0.38258900913532673,2.0,0.011117496747133039,68.32564575645756
26.0,0.00030560174190665137,0.9928136525480034,230.0,0.6928928115301541,1.0,0.05074618337649134,62.69372693726937
40.0,0.00022115220211355987,0.5327566973372944,120.0,0.1691230747363121,1.0,0.04008789206399016,61.82656826568266
53.0,0.012250305491305236,0.223849211937046,394.0,0.4167449762381683,4.0,0.056555785431855556,53.44095940959409
31.0,0.001726921149340266,0.8939848811906124,225.0,0.8906213797997189,2.0,0.08229596859561694,61.858856088560884
43.0,0.0029098089660052097,0.3232616138361891,668.0,0.10701808482456217,4.0,0.0839954613930166,53.44095940959409
67.0,0.0027512809552966877,0.0071104821247042205,70.0,0.17358235269749472,4.0,0.0693782324161997,53.44095940959409
60.0,0.00020638344520542795,0.23888070771730907,193.0,0.216990471306546,1.0,0.05377457286827429,61.185424354243544
26.0,0.005629123188283501,0.36353599892700683,65.0,0.15058118629299927,2.0,0.072586050326229,61.72509225092251
106.0,0.0013570904121361406,0.22320594717300002,995.0,0.3872258734258829,3.0,0.04077277588887732,63.51476014760148
21.0,0.08120830488334721,0.8158392143328516,67.0,0.5022806770187696,1.0,0.09469737985511081,62.55535055350554
435.0,0.005953673192656239,0.21888819458106323,361.0,0.20159127955037115,1.0,0.02492335537418513,62.61070110701107
53.0,0.00841423415631611,0.426785196956739,612.0,0.4884528134486638,1.0,0.008089531076287822,63.64391143911439
74.0,0.01964117092937623,0.029618942756410194,118.0,0.5155868298879153,3.0,0.06969884976528021,53.44095940959409
335.0,0.05633080221229056,0.2564689605323548,96.0,0.19142495695346895,3.0,0.07631074034455697,46.55904059040591
71.0,0.013388236664107076,0.47975016051063424,147.0,0.8878168985339636,4.0,0.04808983922443114,53.44095940959409
166.0,0.00014638326487743383,0.9617388973203156,107.0,0.44493847450005347,2.0,0.09327718163949984,50.359778597785976
65.0,0.0013395579723042231,0.9928621252282612,176.0,0.13134549936467615,1.0,0.007114392579059,62.94280442804428
228.0,0.00010225962630933611,0.08564930023815831,454.0,0.1911619048254889,1.0,0.025708257219626898,50.13376383763838
117.0,0.01184386296981187,0.9904945316492606,119.0,0.29355151773217586,1.0,0.03659283000606535,62.85516605166052
25.0,0.013600418997690907,0.12231980022114097,278.0,0.14663681654372407,1.0,0.025874671420703963,63.14575645756457
18.0,0.048912061364156,0.849532352211549,390.0,0.12947489937616308,1.0,0.030083202030568076,63.03044280442804
323.0,0.003612948387417365,0.16867561255171726,129.0,0.2528497775670527,4.0,0.06764531063695597,55.95018450184502
163.0,0.0004962992199685019,0.4088203270584908,125.0,0.10150039431803529,2.0,0.007171450605390972,59.252767527675275
243.0,0.00039817543911366797,0.5050865065136875,79.0,0.264355535869895,3.0,0.02553202132687682,54.45571955719557
179.0,0.0006811156269507159,0.2178997812497543,87.0,0.1616273786607253,4.0,0.04858101044627506,47.95664206642066
53.0,0.0012771104389914972,0.13836716700009444,333.0,0.7764030495451166,3.0,0.08567808282511105,53.44095940959409
96.0,0.0019519974477602388,0.3697260152596805,154.0,0.14727413485012403,3.0,0.008621153964569299,62.292435424354245
22.0,0.0012762479365487009,0.25797479231682674,133.0,0.12176024203552066,2.0,0.027446066802048145,65.40590405904058
264.0,0.0006872755004925555,0.9140286394940018,210.0,0.34082660874140974,2.0,0.09657732928498947,58.740774907749085
30.0,0.00012909378928586943,0.43286859809566536,225.0,0.25678862957121884,1.0,0.046619249255742956,61.66512915129151
446.0,0.0007022598551474106,0.0457818016740793,307.0,0.432743140431613,2.0,0.04218945270425441,60.913284132841326
45.0,0.04077727666844428,0.20665711739958625,351.0,0.6491691981168737,1.0,0.030370998216747384,62.9750922509225
135.0,0.00010016052125870519,0.6864062158444774,346.0,0.46371942554711243,2.0,0.043682929696236224,59.552583025830266
159.0,0.0006672261936081042,0.438962499109551,238.0,0.2973243514053773,4.0,0.0013903303174675025,57.37084870848709
101.0,0.007208551180437092,0.38571863975702303,706.0,0.12368095169357204,2.0,0.07273908154262011,61.74815498154982
26.0,0.00691714037635922,0.10229417744929026,451.0,0.11090834124715254,4.0,0.0419001916631575,53.44095940959409
18.0,0.04184296679699642,0.18543969739256416,547.0,0.4954117556944912,1.0,0.000811636666609136,64.00830258302584
270.0,0.0002468302085738206,0.726441408069579,549.0,0.1326400517984382,1.0,0.08596722100358806,52.39391143911439
277.0,0.0008262714184087886,0.5285355266271005,294.0,0.529371840469479,4.0,0.0979556172697538,47.33856088560886
441.0,0.004356690345718848,0.7202525828312146,292.0,0.1718111848743188,4.0,0.03306341063278875,55.77029520295203
357.0,0.06286538321433642,0.4531082578694198,798.0,0.21650336728841102,1.0,0.08851446762835295,62.40313653136531
46.0,0.00316634972576271,0.9465128522390192,823.0,0.20875918836517077,2.0,0.025785528599131618,64.66328413284133
37.0,0.02082410582258681,0.6941886372024073,169.0,0.3147758941866182,1.0,0.05974730527226339,62.60147601476015
16.0,0.0001453825154150357,0.0030443138102497214,424.0,0.13779378455893834,2.0,0.004624716687976797,64.00369003690038
510.0,0.00552919258016319,0.4630033028178179,291.0,0.1470333902241489,2.0,0.022672061461250458,63.04889298892989
83.0,0.0017661201132479314,0.25079582957047764,74.0,0.16272781110663193,4.0,0.064408874131835,53.44095940959409
28.0,0.0007954798660191632,0.1458472463490288,473.0,0.3517714856164587,2.0,0.017239716078448035,65.60885608856088
21.0,0.016233311944560083,0.08979580065275772,198.0,0.10176134338941129,4.0,0.0627550787368973,53.44095940959409
19.0,0.006856212743149765,0.6532397141565022,289.0,0.14803781100226557,1.0,0.09999745197542904,62.45387453874539
168.0,0.032689277111262224,0.4525377769660591,219.0,0.720410191295523,2.0,0.08914344797863084,61.63284132841328
427.0,0.0016145460111468629,0.7407141176205191,262.0,0.8385430412588303,4.0,0.03643221814233093,56.06088560885609
374.0,0.0022216619518769295,0.09820774329914594,160.0,0.28804230927665064,4.0,0.03444733361055762,57.95664206642066
18.0,0.0041936151444222965,0.7256319934349826,643.0,0.5445122041800671,1.0,0.037365088580031236,62.89206642066421
62.0,0.00014193187985166414,0.7927244719479859,127.0,0.5328663509821654,2.0,0.0019261595810646111,59.72785977859778
321.0,0.026732153247070845,0.6404266877153519,916.0,0.2434981481263826,4.0,0.040351217966568986,53.44095940959409
102.0,0.00044142605543428555,0.5876517721118076,279.0,0.2256409514355398,2.0,0.08210969585618792,60.844095940959406
50.0,0.00021628313326498957,0.08921403218961343,82.0,0.22576683206248263,3.0,0.09894898525966236,54.940036900369
339.0,0.0019341426069185666,0.9284646659814105,495.0,0.1797587030975539,4.0,0.042739749604271515,54.52490774907749
21.0,0.055278226679792306,0.4693997948916787,1009.0,0.6015455862719046,1.0,0.014390467379794316,63.4640221402214
47.0,0.0005878222295776892,0.6451480368486266,197.0,0.5454983888043107,1.0,0.049361165156702386,62.60147601476015
115.0,0.04128963960709162,0.3627270943944154,140.0,0.10883249616402027,4.0,0.09743655092804993,53.44095940959409
17.0,0.002610457326262445,0.4585601837593183,910.0,0.37086717342888254,2.0,0.03169649509214955,66.07472324723247
33.0,0.002072031753190236,0.9107948874229986,579.0,0.1469649566425188,1.0,0.017144156837094388,63.36715867158672
437.0,0.0004540560151396075,0.8645779859424108,379.0,0.8793735308592951,3.0,0.01778129444344944,58.87453874538745
121.0,0.048604171746878616,0.5863871595967352,532.0,0.33062531498758246,1.0,0.030615807462415705,63.03044280442804
31.0,0.0027629188156284177,0.17410307364278532,465.0,0.23627495664611137,3.0,0.07021878908965802,53.44095940959409
35.0,0.006567734363526306,0.8058173981457049,920.0,0.5648423200862235,1.0,0.00033380650067516454,63.980627306273064
417.0,0.0005411628786868638,0.5373763098357727,112.0,0.5537140228851509,2.0,0.08000935744657589,57.82749077490775
23.0,0.06025742507378556,0.15193514157276578,78.0,0.21960473640619016,3.0,0.013640516279940833,69.00369003690037
55.0,0.0003896747310077294,0.9932977465124971,87.0,0.2052498725903652,1.0,0.08051046381858726,62.05258302583025
76.0,0.00706628532369354,0.24107277239130376,628.0,0.539332108201879,2.0,0.01904878495156748,67.7260147601476
22.0,0.000936771893777885,0.27036389888610424,400.0,0.2876234249389746,3.0,0.009506805103323046,65.86254612546125
372.0,0.035531017758823794,0.4133960569963441,141.0,0.19821624355038506,1.0,0.035130662261081955,62.882841328413285
29.0,0.0009431428725202016,0.8864232446167423,572.0,0.34349693542922444,1.0,0.034431212555070784,62.89206642066421
28.0,0.0036505512636789243,0.7194146083502097,101.0,0.28279155579702636,4.0,0.015242292412400901,53.44095940959409
312.0,0.010334451470088591,0.5191258276414065,275.0,0.5475505711946954,4.0,0.057892548630705344,53.44095940959409
399.0,0.0019760751582882648,0.08178935127522613,334.0,0.2099122954843085,4.0,0.07694103021165662,56.11623616236162
491.0,0.018478706509272833,0.5768062665742795,115.0,0.14142645613461186,4.0,0.012404032436493611,59.65867158671587
94.0,0.0024029503721469765,0.598585755944976,68.0,0.18519729893743395,1.0,0.04102780596199936,62.66143911439115
19.0,0.0010090640227203615,0.13056588308394412,448.0,0.35963458190370096,1.0,0.005273599576296562,63.768450184501845
20.0,0.0286152195697789,0.9211613499718092,263.0,0.22908307758568758,4.0,0.08667559526604081,53.44095940959409
32.0,0.040162942633641986,0.1618686764660625,371.0,0.624549511322603,1.0,0.05348066763733067,62.758302583025824
141.0,0.008285075318511833,0.6903562616515965,278.0,0.11433486944060156,4.0,0.02683173680623764,55.38284132841328
198.0,0.0001955551534166699,0.8507413664641937,177.0,0.4737525244528957,2.0,0.05771579400636325,58.06734317343173
362.0,0.0002789695281300198,0.5470607927416374,562.0,0.18047334802943268,1.0,0.0536799228510648,51.71125461254612
38.0,0.00010037594914418019,0.07212915761937633,79.0,0.26925152832264077,3.0,0.029368960670375005,55.52121771217712
23.0,0.0048063951869663476,0.17551465893188045,141.0,0.760024919382884,3.0,0.0009956268914788641,71.82656826568265
171.0,0.09593916187788129,0.33218514334625626,428.0,0.11681734774364597,1.0,0.02740714807336982,63.08579335793358
16.0,0.0006597793656550224,0.7986464146771831,266.0,0.13416619273507574,3.0,0.04689471797616438,57.96125461254612
17.0,0.0037713859277207235,0.43369009581609885,127.0,0.4879051029673025,4.0,0.07112017978879615,53.44095940959409
31.0,0.008289338416137272,0.7647586100747152,113.0,0.2896493385569259,2.0,0.0033355118608518037,68.82380073800738
59.0,0.00046957255750563586,0.2523353803738414,287.0,0.5616300924059816,1.0,0.03604948459249112,62.54612546125461
289.0,0.005937573250523369,0.1391259789211845,656.0,0.14391293715703674,3.0,0.020292489042049246,64.56642066420665
49.0,0.0005401884437002738,0.40716990548147836,255.0,0.7159384039625649,3.0,0.05748482263944437,60.119926199262
104.0,0.0004210606567273221,0.9525166212436609,939.0,0.7866906924957319,1.0,0.07211661788250105,62.352398523985244
102.0,0.00010348740336955894,0.4374835765971534,71.0,0.13849300124020883,2.0,0.021940234293106115,54.202029520295206
348.0,0.0023192743453620893,0.4866671274298928,283.0,0.4528066512315396,2.0,0.02791122561547583,63.108856088560884
64.0,0.000451143459856984,0.3067595248910382,849.0,0.5619738136685365,3.0,0.044222467613099954,62.77214022140222
478.0,0.00031112628515637963,0.17968470408328663,226.0,0.5279965632077958,1.0,0.004949460182502966,53.87915129151292
32.0,0.00537263575758155,0.6450646273712678,172.0,0.404606541816034,1.0,0.06291500515390841,62.56457564575646
62.0,0.005947197118517902,0.5835889622358914,199.0,0.38126150302780587,3.0,0.006852996500102254,67.50922509225093
228.0,0.0009124993174215866,0.75083120796337,310.0,0.1924589012218426,1.0,0.08985581200382951,61.36992619926199
22.0,0.0013758602298274362,0.8447178013016338,506.0,0.1515653889887215,3.0,0.02263867220355981,64.06826568265683
70.0,0.0006828511386547728,0.5528639280392251,101.0,0.15636129056999032,4.0,0.09277316112703451,53.44095940959409
291.0,0.006004369510212144,0.3898935089125031,271.0,0.22303756762547047,3.0,0.03419783901981915,61.93726937269373
347.0,0.0004949525232462057,0.9726677754889476,130.0,0.5269951110200541,3.0,0.08895375175379751,55.29520295202952
472.0,0.00022616048569851154,0.9020429116061768,512.0,0.6445323489728785,3.0,0.020449553916687367,58.36254612546126
91.0,0.00012126735624181489,0.49446968461149854,330.0,0.2907948825474751,1.0,0.0025542175351806443,56.25
340.0,0.0001417089773771787,0.13082451988583743,128.0,0.8491421182444959,2.0,0.08688691771881779,59.511070110701105
116.0,0.0003652665294489749,0.716256526579153,118.0,0.6280373927479693,1.0,0.08506468574933333,62.00645756457565
144.0,0.0016175421985389514,0.9765416484550653,257.0,0.18383207610760108,1.0,0.06044469376840844,62.25092250922509
33.0,0.00034193126828056613,0.8958371230775422,113.0,0.1914782383608829,1.0,0.043823543668755495,62.37084870848708
35.0,0.00011340187803650362,0.5463425116751868,85.0,0.1646648463570129,4.0,0.07877471156907238,55.11992619926199
24.0,0.00020561220703666704,0.4578609433438371,939.0,0.1480383565149204,1.0,0.04175528686180452,62.28321033210332
107.0,0.007062047546870642,0.5941459066602411,101.0,0.8183952233774043,2.0,0.013407051153633606,67.96586715867159
453.0,0.0005213016909324255,0.8117199485985248,101.0,0.3739678924970243,3.0,0.016650732260657747,51.466789667896684
262.0,0.001395670497527765,0.7667670582346097,153.0,0.578479470693564,3.0,0.03571970288453905,59.497232472324725
393.0,0.012561873998873832,0.43035718148859703,211.0,0.8609715221881946,2.0,0.032837818508985164,65.82564575645756
27.0,0.0085902590018535,0.5561214577068165,124.0,0.13952822901994144,4.0,0.08072693546985697,53.44095940959409
304.0,0.0006756624138061606,0.6313554784985045,262.0,0.2560783476372038,3.0,0.09786115588814431,56.40682656826568
135.0,0.016004668020397017,0.9116121563902746,778.0,0.12118812679931835,2.0,0.030680513602696514,65.40590405904058
39.0,0.002727143290576728,0.31346670181453073,71.0,0.9063718238043793,1.0,0.04524603367663206,62.7260147601476
441.0,0.013303574307057446,0.3209247747884082,113.0,0.6988195400851359,3.0,0.03952408826490622,60.04612546125462
40.0,0.00013014897379740842,0.7057700490646865,847.0,0.15986730899741922,1.0,0.05082944355290439,60.913284132841326
155.0,0.0003514737212174385,0.7478698615972984,496.0,0.1282496510757194,1.0,0.04492491045046276,59.14206642066421
60.0,0.006816909319369731,0.5130342706932174,786.0,0.11588963900893405,2.0,0.03266612781499595,65.79335793357933
305.0,0.0025816402367566764,0.6043582488728887,700.0,0.6599124145849915,4.0,0.04111011589883469,58.353321033210335
76.0,0.016709912361895438,0.4145288401527294,189.0,0.1012265446614596,2.0,0.02815351423784821,66.42527675276753
158.0,0.0017473893325008647,0.7198112626619159,986.0,0.78055629593382,3.0,0.08468926584935317,53.44095940959409
149.0,0.016472279880777704,0.8147241284965092,268.0,0.45785600794276426,2.0,0.005173667371961281,67.46771217712177
28.0,0.0009844398625793373,0.3193626936877997,67.0,0.5768573002863628,2.0,0.08442276903416131,61.81734317343174
68.0,0.006429705379057127,0.9210013201080003,164.0,0.862647495885412,4.0,0.09868595159739037,53.44095940959409
169.0,0.00020091985272556988,0.3743453974430966,147.0,0.4385000335017871,1.0,0.018597516134907996,57.481549815498155
111.0,0.0004995840971269145,0.9913690562264066,127.0,0.7949140370019104,2.0,0.011000784048302492,58.154981549815496
27.0,0.005955500934179373,0.422122712995907,111.0,0.14612068316381047,4.0,0.05766753398836224,53.44095940959409
19.0,0.00369669573297132,0.14670835162114504,183.0,0.4477546133202858,2.0,0.07539226718690177,61.80350553505535
68.0,0.00037843199246548846,0.644288493520835,313.0,0.6481382032400247,2.0,0.06302743099388633,62.59686346863469
361.0,0.00023498107689928478,0.8163652023822562,152.0,0.7953508613532566,3.0,0.09183871553228967,56.845018450184504
69.0,0.0001788140604519203,0.7029009211760336,672.0,0.10168826838725037,1.0,0.05039034032601648,59.66328413284133
364.0,0.05760459613576595,0.7010864186707801,321.0,0.7618805968911863,4.0,0.06368948899329846,53.44095940959409
37.0,0.00016709320216412132,0.11074744751601684,214.0,0.24270678962174952,2.0,0.018997528982235213,61.162361623616235
477.0,0.0018723686142138518,0.6276252863276511,82.0,0.15603697543864903,1.0,0.045417693872676274,61.291512915129154
210.0,0.00153151277630178,0.3508613301197677,381.0,0.11845150231073465,3.0,0.057255512934847166,59.69095940959409
66.0,0.001176698102336868,0.749954966501362,666.0,0.48658368246989436,1.0,0.09854723631038233,62.36162361623616
39.0,0.027881900498758383,0.9992073059281495,113.0,0.3117491706253363,1.0,0.06857724674517676,62.51845018450185
29.0,0.005890550617117782,0.2650753665543889,80.0,0.8308498173270186,3.0,0.029978187475344812,66.30073800738008
16.0,0.002441187893682329,0.7420999425759608,519.0,0.5312407517145417,3.0,0.023515117417148245,67.32933579335794
129.0,0.00012419994100247786,0.510790899538214,317.0,0.21033715943093514,1.0,0.09684557985973082,53.31180811808118
40.0,0.0009269788588407484,0.3857753853080127,76.0,0.6294143647913284,4.0,0.0624529982768402,53.44095940959409
454.0,0.00389807613502906,0.2711996365207163,553.0,0.27269115996334625,3.0,0.05107428003940984,62.06180811808119
305.0,0.036679398021341604,0.03750063491149769,530.0,0.17473834535032015,4.0,0.08004435916795632,53.44095940959409
78.0,0.00014839130432528938,0.30906916669678,931.0,0.19991922142779964,3.0,0.08419571302959351,59.96771217712177
38.0,0.022985901281510627,0.48147678427585816,334.0,0.29366423187877494,2.0,0.09143109305552369,61.70664206642067
164.0,0.04200249287184766,0.7612654656668524,285.0,0.16559514147091875,2.0,0.059717225012018926,62.02029520295203
37.0,0.00019555667978210612,0.7755646521239984,195.0,0.9593159299280853,1.0,0.023132352453007633,63.270295202952035
150.0,0.003679744126557601,0.4127169435572027,622.0,0.1251410583624418,2.0,0.0716631841579152,62.95664206642066
36.0,0.00025813520648253045,0.13311399580790562,84.0,0.4024689924917636,4.0,0.07563397781656633,53.837638376383765
295.0,0.008779398962515663,0.24323664062969996,635.0,0.26638848354568195,2.0,0.030964958869527374,64.99538745387454
406.0,0.030200237998715577,0.012144466454216518,513.0,0.10464546515347424,4.0,0.09189442017921046,53.44095940959409
69.0,0.07398762842527538,0.585054414268562,81.0,0.42826868724651623,4.0,0.045718681860068396,53.44095940959409
31.0,0.05659724412014916,0.4294566641264662,115.0,0.3432385729619786,1.0,0.02238775474279114,63.284132841328415
20.0,0.00201849284995381,0.43162799901159155,896.0,0.842987128055932,2.0,0.0268391281639566,66.72047970479706
195.0,0.016578021991466383,0.1264930200200618,65.0,0.21759528863785083,1.0,0.0743226851586795,62.48616236162362
368.0,0.0007619522238776456,0.05656887935870625,296.0,0.15251754393468603,3.0,0.0014932534536087187,57.504612546125465
84.0,0.003025939672631207,0.8813635254323724,643.0,0.2602057927090058,2.0,0.0413442310718028,63.77767527675277
356.0,0.01112893729235888,0.7367629828538416,170.0,0.3915417551366547,1.0,0.0642440927532017,62.45848708487085
98.0,0.003649481164554704,0.8291542222582079,109.0,0.7358882129370595,4.0,0.09186574894289257,53.44095940959409
215.0,0.08720189293398417,0.5175433825508995,387.0,0.12244940476127698,2.0,0.026564663695399254,66.66512915129151
155.0,0.00024633520444752643,0.635370024639694,325.0,0.43817473471411583,2.0,0.08404347250877163,60.3920664206642
490.0,0.009033933337892193,0.7280610421070669,237.0,0.36498221426319816,4.0,0.06642147260734924,53.44095940959409
166.0,0.037966280954296834,0.36345372331369563,236.0,0.4964137828331017,3.0,0.017773569131463184,68.39022140221402
460.0,0.000970679187264114,0.04374660218549853,711.0,0.10831280722274315,2.0,0.04399929984181338,62.73523985239853
57.0,0.09369657122908694,0.404549055549585,408.0,0.28168216579061095,4.0,0.05218621267283741,53.44095940959409
